Файл seed: /Users/mihail/Desktop/Нумизматика сайт/omonete-app/data/royal-mint-pasted-urls.txt
URL в seed: 178
Уже ок (есть JSON, не 404): 150
Нужно обработать: 28 (новые / 404 / битый JSON)
Режим --all: к парсингу все 178 URL из seed
К запуску fetch сейчас: 178  (параллельность 2)

——— старт 1/178#w1 ———
https://www.royalmint.com/britannia/commemorative/2025-britannia-quarter-oz-gold-proof-coin/?listId=Commemorative_Britannia&listName=Commemorative%20Britannia

——— старт 2/178#w2 ———
https://www.royalmint.com/britannia/commemorative/2026-britannia-1-10oz-gold-proof-coin/?listId=Commemorative_Britannia&listName=Commemorative%20Britannia
[2/178#w2] Блок характеристик: div.mod-section.specification — найден, полей в specs: 11
[1/178#w1] Блок характеристик: div.mod-section.specification — найден, полей в specs: 11
[2/178#w2]   ✓ 2026-britannia-1-10oz-gold-proof-coin-obv.webp
[1/178#w1]   ✓ 2025-britannia-quarter-oz-gold-proof-coin-obv.webp
[2/178#w2]   ✓ 2026-britannia-1-10oz-gold-proof-coin-rev.webp
[1/178#w1]   ✓ 2025-britannia-quarter-oz-gold-proof-coin-rev.webp
[2/178#w2]   ✓ 2026-britannia-1-10oz-gold-proof-coin-cert.webp
[2/178#w2] [dotenv@17.3.1] injecting env (1) from .env -- tip: 🤖 agentic secret storage: https://dotenvx.com/as2
[2/178#w2] __RM_JSON__ /Users/mihail/Desktop/Нумизматика сайт/omonete-app/data/royal-mint-2026-britannia-1-10oz-gold-proof-coin.json
[2/178#w2] 
[2/178#w2] Готово: /Users/mihail/Desktop/Нумизматика сайт/omonete-app/data/royal-mint-2026-britannia-1-10oz-gold-proof-coin.json
[2/178#w2] Загрузка PDP: https://www.royalmint.com/britannia/commemorative/2026-britannia-1-10oz-gold-proof-coin/?listId=Commemorative_Britannia&listName=Commemorative%20Britannia
[2/178#w2] Классификация картинок: {
[2/178#w2]   "obverse": "https://www.royalmint.com/globalassets/_ecommerce/commemorative/launches/2026-launches/britannia/product-images/br266g-2026-britannia-uk-premium-six-coin-gold-1-10oz-obverse-edge.jpg",
[2/178#w2]   "reverse": "https://www.royalmint.com/globalassets/_ecommerce/commemorative/launches/2026-launches/britannia/product-images/br266g-2026-britannia-uk-premium-six-coin-gold-1-10oz-reverse-edge.jpg",
[2/178#w2]   "blister_obverse": null,
[2/178#w2]   "blister_reverse": null,
[2/178#w2]   "box": null,
[2/178#w2]   "certificate": "https://www.royalmint.com/globalassets/_ecommerce/commemorative/launches/2026-launches/britannia/product-images/br26g10-2026-britannia-uk-1-10oz-gold-proof-coin-case.jpg"
[2/178#w2] }
[2/178#w2] 
[2/178#w2] ────────── Как увидеть монету на сайте (localhost) ──────────
[2/178#w2] Быстро (парсинг + public/data в один заход): npm run royal-mint:preview
[2/178#w2]   (или уже есть JSON: npx tsx scripts/royal-mint-to-public-catalog.ts "/Users/mihail/Desktop/Нумизматика сайт/omonete-app/data/royal-mint-2026-britannia-1-10oz-gold-proof-coin.json")
[2/178#w2] Потом: npm run dev → http://localhost:3000/coins/991001/ (или ROYAL_MINT_LOCAL_ID)
[2/178#w2] Картинки (если скачались): public/image/coins/foreign/ — пути уже в JSON монеты.
[2/178#w2] В БД: npm run royal-mint:import → npm run data:export (или data:export:incremental).

——— старт 3/178#w2 ———
https://www.royalmint.com/britannia/commemorative/2026-britannia-1oz-gold-proof-coin/?listId=Commemorative_Britannia&listName=Commemorative%20Britannia
[1/178#w1]   ✓ 2025-britannia-quarter-oz-gold-proof-coin-box.webp
[1/178#w1]   ✓ 2025-britannia-quarter-oz-gold-proof-coin-cert.webp
[1/178#w1] [dotenv@17.3.1] injecting env (1) from .env -- tip: ⚡️ secrets for agents: https://dotenvx.com/as2
[1/178#w1] __RM_JSON__ /Users/mihail/Desktop/Нумизматика сайт/omonete-app/data/royal-mint-2025-britannia-quarter-oz-gold-proof-coin.json
[1/178#w1] 
[1/178#w1] Готово: /Users/mihail/Desktop/Нумизматика сайт/omonete-app/data/royal-mint-2025-britannia-quarter-oz-gold-proof-coin.json
[1/178#w1] Загрузка PDP: https://www.royalmint.com/britannia/commemorative/2025-britannia-quarter-oz-gold-proof-coin/?listId=Commemorative_Britannia&listName=Commemorative%20Britannia
[1/178#w1] Классификация картинок: {
[1/178#w1]   "obverse": "https://www.royalmint.com/globalassets/_ecommerce/commemorative/launches/2025-launches/britannia-2025/product-images/br25gq-2025-britannia-uk-1-4oz-gold-proof-coin-obverse-edge-1500x1500-f3a2c67.jpg",
[1/178#w1]   "reverse": "https://www.royalmint.com/globalassets/_ecommerce/commemorative/launches/2025-launches/britannia-2025/product-images/br25gq-2025-britannia-uk-1-4oz-gold-proof-coin-reverse-edge-1500x1500-f3a2c67.jpg",
[1/178#w1]   "blister_obverse": null,
[1/178#w1]   "blister_reverse": null,
[1/178#w1]   "box": "https://www.royalmint.com/globalassets/_ecommerce/commemorative/launches/2025-launches/britannia-2025/product-images/br25gq-2025-britannia-uk-1-4oz-gold-proof-coin-case-left-1500x1500-f3a2c67.jpg",
[1/178#w1]   "certificate": "https://www.royalmint.com/globalassets/_ecommerce/commemorative/launches/2025-launches/britannia-2025/product-images/br25gq-2025-britannia-uk-1-4oz-gold-proof-coin-carton-upright-1500x1500-f3a2c67.jpg"
[1/178#w1] }
[1/178#w1] 
[1/178#w1] ────────── Как увидеть монету на сайте (localhost) ──────────
[1/178#w1] Быстро (парсинг + public/data в один заход): npm run royal-mint:preview
[1/178#w1]   (или уже есть JSON: npx tsx scripts/royal-mint-to-public-catalog.ts "/Users/mihail/Desktop/Нумизматика сайт/omonete-app/data/royal-mint-2025-britannia-quarter-oz-gold-proof-coin.json")
[1/178#w1] Потом: npm run dev → http://localhost:3000/coins/991001/ (или ROYAL_MINT_LOCAL_ID)
[1/178#w1] Картинки (если скачались): public/image/coins/foreign/ — пути уже в JSON монеты.
[1/178#w1] В БД: npm run royal-mint:import → npm run data:export (или data:export:incremental).

——— старт 4/178#w1 ———
https://www.royalmint.com/gifts/sixpence/2026-gold-sixpence/?listId=Sixpence&listName=Sixpence
[3/178#w2] Блок характеристик: div.mod-section.specification — найден, полей в specs: 11
[4/178#w1] Блок характеристик: div.mod-section.specification — найден, полей в specs: 11
[3/178#w2]   ✓ 2026-britannia-1oz-gold-proof-coin-obv.webp
[3/178#w2]   ✓ 2026-britannia-1oz-gold-proof-coin-rev.webp
[4/178#w1]   ✓ 2026-gold-sixpence-obv.webp
[3/178#w2]   ✓ 2026-britannia-1oz-gold-proof-coin-cert.webp
[3/178#w2] [dotenv@17.3.1] injecting env (1) from .env -- tip: ⚙️  override existing env vars with { override: true }
[3/178#w2] __RM_JSON__ /Users/mihail/Desktop/Нумизматика сайт/omonete-app/data/royal-mint-2026-britannia-1oz-gold-proof-coin.json
[3/178#w2] 
[3/178#w2] Готово: /Users/mihail/Desktop/Нумизматика сайт/omonete-app/data/royal-mint-2026-britannia-1oz-gold-proof-coin.json
[3/178#w2] Загрузка PDP: https://www.royalmint.com/britannia/commemorative/2026-britannia-1oz-gold-proof-coin/?listId=Commemorative_Britannia&listName=Commemorative%20Britannia
[3/178#w2] Классификация картинок: {
[3/178#w2]   "obverse": "https://www.royalmint.com/globalassets/_ecommerce/commemorative/launches/2026-launches/britannia/product-images/br26g1-2026-britannia-uk-1oz-gold-proof-coin-obverse-with-edge.jpg",
[3/178#w2]   "reverse": "https://www.royalmint.com/globalassets/_ecommerce/commemorative/launches/2026-launches/britannia/product-images/br26g1-2026-britannia-uk-1oz-gold-proof-coin-reverse-upright-with-shadow.jpg",
[3/178#w2]   "blister_obverse": null,
[3/178#w2]   "blister_reverse": null,
[3/178#w2]   "box": null,
[3/178#w2]   "certificate": "https://www.royalmint.com/globalassets/_ecommerce/commemorative/launches/2026-launches/britannia/product-images/br26s2-2026-britannia-uk-2oz-silver-proof-coin-carton.jpg"
[3/178#w2] }
[3/178#w2] 
[3/178#w2] ────────── Как увидеть монету на сайте (localhost) ──────────
[3/178#w2] Быстро (парсинг + public/data в один заход): npm run royal-mint:preview
[3/178#w2]   (или уже есть JSON: npx tsx scripts/royal-mint-to-public-catalog.ts "/Users/mihail/Desktop/Нумизматика сайт/omonete-app/data/royal-mint-2026-britannia-1oz-gold-proof-coin.json")
[3/178#w2] Потом: npm run dev → http://localhost:3000/coins/991001/ (или ROYAL_MINT_LOCAL_ID)
[3/178#w2] Картинки (если скачались): public/image/coins/foreign/ — пути уже в JSON монеты.
[3/178#w2] В БД: npm run royal-mint:import → npm run data:export (или data:export:incremental).

——— старт 5/178#w2 ———
https://www.royalmint.com/invest/bullion/bullion-coins/gold-coins/bb26g1c-britannia-2026-1oz-gold-bullion-coin/?listId=Gold_Coins&listName=Gold%20Coins
[4/178#w1]   ✓ 2026-gold-sixpence-rev.webp
[4/178#w1]   ✓ 2026-gold-sixpence-cert.webp
[4/178#w1] [dotenv@17.3.1] injecting env (1) from .env -- tip: ⚙️  load multiple .env files with { path: ['.env.local', '.env'] }
[4/178#w1] __RM_JSON__ /Users/mihail/Desktop/Нумизматика сайт/omonete-app/data/royal-mint-2026-gold-sixpence.json
[4/178#w1] 
[4/178#w1] Готово: /Users/mihail/Desktop/Нумизматика сайт/omonete-app/data/royal-mint-2026-gold-sixpence.json
[4/178#w1] Загрузка PDP: https://www.royalmint.com/gifts/sixpence/2026-gold-sixpence/?listId=Sixpence&listName=Sixpence
[4/178#w1] Классификация картинок: {
[4/178#w1]   "obverse": "https://www.royalmint.com/globalassets/_ecommerce/commemorative/launches/2026-launches/january-gifting/product-images/uk26spgpthe-2026-gold-sixpence-obverse.jpg",
[4/178#w1]   "reverse": "https://www.royalmint.com/globalassets/_ecommerce/commemorative/launches/2026-launches/january-gifting/product-images/uk26spgpthe-2026-gold-sixpence-reverse.jpg",
[4/178#w1]   "blister_obverse": null,
[4/178#w1]   "blister_reverse": null,
[4/178#w1]   "box": null,
[4/178#w1]   "certificate": "https://www.royalmint.com/globalassets/_ecommerce/commemorative/launches/2026-launches/january-gifting/product-images/uk26spgpthe-2026-gold-sixpence-carton.jpg"
[4/178#w1] }
[4/178#w1] 
[4/178#w1] ────────── Как увидеть монету на сайте (localhost) ──────────
[4/178#w1] Быстро (парсинг + public/data в один заход): npm run royal-mint:preview
[4/178#w1]   (или уже есть JSON: npx tsx scripts/royal-mint-to-public-catalog.ts "/Users/mihail/Desktop/Нумизматика сайт/omonete-app/data/royal-mint-2026-gold-sixpence.json")
[4/178#w1] Потом: npm run dev → http://localhost:3000/coins/991001/ (или ROYAL_MINT_LOCAL_ID)
[4/178#w1] Картинки (если скачались): public/image/coins/foreign/ — пути уже в JSON монеты.
[4/178#w1] В БД: npm run royal-mint:import → npm run data:export (или data:export:incremental).

——— старт 6/178#w1 ———
https://www.royalmint.com/invest/bullion/bullion-coins/gold-coins/bb26ghc-britannia-2026-1-2-oz-gold-bullion-coin/?listId=Gold_Coins&listName=Gold%20Coins
[5/178#w2] Блок характеристик: div.mod-section.specification — найден, полей в specs: 12
[6/178#w1] Блок характеристик: div.mod-section.specification — найден, полей в specs: 12
[5/178#w2]   ✓ bb26g1c-britannia-2026-1oz-gold-bullion-coin-obv.webp
[5/178#w2]   ✓ bb26g1c-britannia-2026-1oz-gold-bullion-coin-rev.webp
[5/178#w2] [dotenv@17.3.1] injecting env (1) from .env -- tip: 🔐 prevent building .env in docker: https://dotenvx.com/prebuild
[5/178#w2] __RM_JSON__ /Users/mihail/Desktop/Нумизматика сайт/omonete-app/data/royal-mint-bb26g1c-britannia-2026-1oz-gold-bullion-coin.json
[5/178#w2] 
[5/178#w2] Готово: /Users/mihail/Desktop/Нумизматика сайт/omonete-app/data/royal-mint-bb26g1c-britannia-2026-1oz-gold-bullion-coin.json
[5/178#w2] Загрузка PDP: https://www.royalmint.com/invest/bullion/bullion-coins/gold-coins/bb26g1c-britannia-2026-1oz-gold-bullion-coin/?listId=Gold_Coins&listName=Gold%20Coins
[5/178#w2] Классификация картинок: {
[5/178#w2]   "obverse": "https://www.royalmint.com/globalassets/_ecommerce/invest/launches/2026/britannia/products/gold-1-oz/bbs26g1---2026-bullion-britannia-1oz-gold---singapore-privy-obverse-1500x1500-f3a2c67.jpg",
[5/178#w2]   "reverse": "https://www.royalmint.com/globalassets/_ecommerce/invest/launches/2026/britannia/products/gold-1-oz/bb26g1c---2026-bullion-britannia-1oz-gold-reverse-1500x1500-f3a2c67.jpg",
[5/178#w2]   "blister_obverse": null,
[5/178#w2]   "blister_reverse": null,
[5/178#w2]   "box": null,
[5/178#w2]   "certificate": null
[5/178#w2] }
[5/178#w2] 
[5/178#w2] ────────── Как увидеть монету на сайте (localhost) ──────────
[5/178#w2] Быстро (парсинг + public/data в один заход): npm run royal-mint:preview
[5/178#w2]   (или уже есть JSON: npx tsx scripts/royal-mint-to-public-catalog.ts "/Users/mihail/Desktop/Нумизматика сайт/omonete-app/data/royal-mint-bb26g1c-britannia-2026-1oz-gold-bullion-coin.json")
[5/178#w2] Потом: npm run dev → http://localhost:3000/coins/991001/ (или ROYAL_MINT_LOCAL_ID)
[5/178#w2] Картинки (если скачались): public/image/coins/foreign/ — пути уже в JSON монеты.
[5/178#w2] В БД: npm run royal-mint:import → npm run data:export (или data:export:incremental).

——— старт 7/178#w2 ———
https://www.royalmint.com/invest/bullion/bullion-coins/gold-coins/bb26gho-britannia-2026-1-2oz-gold-bullion-coin-in-blister/?listId=Gold_Coins&listName=Gold%20Coins
[6/178#w1]   ✓ bb26ghc-britannia-2026-1-2-oz-gold-bullion-coin-obv.webp
[6/178#w1]   ✓ bb26ghc-britannia-2026-1-2-oz-gold-bullion-coin-rev.webp
[6/178#w1] [dotenv@17.3.1] injecting env (1) from .env -- tip: ⚙️  specify custom .env file path with { path: '/custom/path/.env' }
[6/178#w1] __RM_JSON__ /Users/mihail/Desktop/Нумизматика сайт/omonete-app/data/royal-mint-bb26ghc-britannia-2026-1-2-oz-gold-bullion-coin.json
[6/178#w1] 
[6/178#w1] Готово: /Users/mihail/Desktop/Нумизматика сайт/omonete-app/data/royal-mint-bb26ghc-britannia-2026-1-2-oz-gold-bullion-coin.json
[6/178#w1] Загрузка PDP: https://www.royalmint.com/invest/bullion/bullion-coins/gold-coins/bb26ghc-britannia-2026-1-2-oz-gold-bullion-coin/?listId=Gold_Coins&listName=Gold%20Coins
[6/178#w1] Классификация картинок: {
[6/178#w1]   "obverse": "https://www.royalmint.com/globalassets/_ecommerce/invest/launches/2026/britannia/products/gold-12-oz/bb26ghc---2026-bullion-britannia-1-2oz-gold-obverse-1500x1500-f3a2c67.jpg",
[6/178#w1]   "reverse": "https://www.royalmint.com/globalassets/_ecommerce/invest/launches/2026/britannia/products/gold-12-oz/bb26ghc---2026-bullion-britannia-1-2oz-gold-reverse-1500x1500-f3a2c67.jpg",
[6/178#w1]   "blister_obverse": null,
[6/178#w1]   "blister_reverse": null,
[6/178#w1]   "box": null,
[6/178#w1]   "certificate": null
[6/178#w1] }
[6/178#w1] 
[6/178#w1] ────────── Как увидеть монету на сайте (localhost) ──────────
[6/178#w1] Быстро (парсинг + public/data в один заход): npm run royal-mint:preview
[6/178#w1]   (или уже есть JSON: npx tsx scripts/royal-mint-to-public-catalog.ts "/Users/mihail/Desktop/Нумизматика сайт/omonete-app/data/royal-mint-bb26ghc-britannia-2026-1-2-oz-gold-bullion-coin.json")
[6/178#w1] Потом: npm run dev → http://localhost:3000/coins/991001/ (или ROYAL_MINT_LOCAL_ID)
[6/178#w1] Картинки (если скачались): public/image/coins/foreign/ — пути уже в JSON монеты.
[6/178#w1] В БД: npm run royal-mint:import → npm run data:export (или data:export:incremental).

——— старт 8/178#w1 ———
https://www.royalmint.com/invest/bullion/bullion-coins/gold-coins/bb26gio-britannia-2026-1oz-gold-bullion-coin-in-blister/?listId=Gold_Coins&listName=Gold%20Coins
[7/178#w2] Блок характеристик: div.mod-section.specification — найден, полей в specs: 12
[8/178#w1] Блок характеристик: div.mod-section.specification — найден, полей в specs: 12
[7/178#w2]   ✓ bb26gho-britannia-2026-1-2oz-gold-bullion-coin-in-blister-obv.webp
[7/178#w2]   ✓ bb26gho-britannia-2026-1-2oz-gold-bullion-coin-in-blister-blister-rev.webp
[7/178#w2] [dotenv@17.3.1] injecting env (1) from .env -- tip: 🔐 encrypt with Dotenvx: https://dotenvx.com
[7/178#w2] __RM_JSON__ /Users/mihail/Desktop/Нумизматика сайт/omonete-app/data/royal-mint-bb26gho-britannia-2026-1-2oz-gold-bullion-coin-in-blister.json
[7/178#w2] 
[7/178#w2] Готово: /Users/mihail/Desktop/Нумизматика сайт/omonete-app/data/royal-mint-bb26gho-britannia-2026-1-2oz-gold-bullion-coin-in-blister.json
[7/178#w2] Загрузка PDP: https://www.royalmint.com/invest/bullion/bullion-coins/gold-coins/bb26gho-britannia-2026-1-2oz-gold-bullion-coin-in-blister/?listId=Gold_Coins&listName=Gold%20Coins
[7/178#w2] Классификация картинок: {
[7/178#w2]   "obverse": "https://www.royalmint.com/globalassets/_ecommerce/invest/launches/britannia-25/1-2oz-gold/ukb25hgm--2025-britannia-gold-1-2-oz--wholesale-blister-obverse-1500x1500-f3a2c67.jpg",
[7/178#w2]   "reverse": null,
[7/178#w2]   "blister_obverse": null,
[7/178#w2]   "blister_reverse": "https://www.royalmint.com/globalassets/_ecommerce/invest/launches/2026/britannia/products/gold-12-oz/bb26ghc---2026-bullion-britannia-1-2oz-gold-reverse-blister.jpg",
[7/178#w2]   "box": null,
[7/178#w2]   "certificate": null
[7/178#w2] }
[7/178#w2] 
[7/178#w2] ────────── Как увидеть монету на сайте (localhost) ──────────
[7/178#w2] Быстро (парсинг + public/data в один заход): npm run royal-mint:preview
[7/178#w2]   (или уже есть JSON: npx tsx scripts/royal-mint-to-public-catalog.ts "/Users/mihail/Desktop/Нумизматика сайт/omonete-app/data/royal-mint-bb26gho-britannia-2026-1-2oz-gold-bullion-coin-in-blister.json")
[7/178#w2] Потом: npm run dev → http://localhost:3000/coins/991001/ (или ROYAL_MINT_LOCAL_ID)
[7/178#w2] Картинки (если скачались): public/image/coins/foreign/ — пути уже в JSON монеты.
[7/178#w2] В БД: npm run royal-mint:import → npm run data:export (или data:export:incremental).

——— старт 9/178#w2 ———
https://www.royalmint.com/invest/bullion/bullion-coins/gold-coins/bb26gqc-britannia-2026-quarter-oz-gold-bullion-coin/?listId=Gold_Coins&listName=Gold%20Coins
[8/178#w1]   ✓ bb26gio-britannia-2026-1oz-gold-bullion-coin-in-blister-obv.webp
[8/178#w1]   ✓ bb26gio-britannia-2026-1oz-gold-bullion-coin-in-blister-rev.webp
[8/178#w1] [dotenv@17.3.1] injecting env (1) from .env -- tip: ⚙️  write to custom object with { processEnv: myObject }
[8/178#w1] __RM_JSON__ /Users/mihail/Desktop/Нумизматика сайт/omonete-app/data/royal-mint-bb26gio-britannia-2026-1oz-gold-bullion-coin-in-blister.json
[8/178#w1] 
[8/178#w1] Готово: /Users/mihail/Desktop/Нумизматика сайт/omonete-app/data/royal-mint-bb26gio-britannia-2026-1oz-gold-bullion-coin-in-blister.json
[8/178#w1] Загрузка PDP: https://www.royalmint.com/invest/bullion/bullion-coins/gold-coins/bb26gio-britannia-2026-1oz-gold-bullion-coin-in-blister/?listId=Gold_Coins&listName=Gold%20Coins
[8/178#w1] Классификация картинок: {
[8/178#w1]   "obverse": "https://www.royalmint.com/globalassets/_ecommerce/invest/launches/britannia-25/ukb251gm--2025-britannia-gold-1oz-wholesale-blister-obverse-1500x1500-f3a2c67.jpg",
[8/178#w1]   "reverse": "https://www.royalmint.com/globalassets/_ecommerce/invest/launches/2026/britannia/products/gold-1-oz/bb26g1c---2026-bullion-britannia-1oz-gold-blister-reverse.jpg",
[8/178#w1]   "blister_obverse": null,
[8/178#w1]   "blister_reverse": null,
[8/178#w1]   "box": null,
[8/178#w1]   "certificate": null
[8/178#w1] }
[8/178#w1] 
[8/178#w1] ────────── Как увидеть монету на сайте (localhost) ──────────
[8/178#w1] Быстро (парсинг + public/data в один заход): npm run royal-mint:preview
[8/178#w1]   (или уже есть JSON: npx tsx scripts/royal-mint-to-public-catalog.ts "/Users/mihail/Desktop/Нумизматика сайт/omonete-app/data/royal-mint-bb26gio-britannia-2026-1oz-gold-bullion-coin-in-blister.json")
[8/178#w1] Потом: npm run dev → http://localhost:3000/coins/991001/ (или ROYAL_MINT_LOCAL_ID)
[8/178#w1] Картинки (если скачались): public/image/coins/foreign/ — пути уже в JSON монеты.
[8/178#w1] В БД: npm run royal-mint:import → npm run data:export (или data:export:incremental).

——— старт 10/178#w1 ———
https://www.royalmint.com/invest/bullion/bullion-coins/gold-coins/bb26gqo-britannia-2026-quarter-oz-gold-bullion-coin-in-blister/?listId=Gold_Coins&listName=Gold%20Coins
[9/178#w2] Блок характеристик: div.mod-section.specification — найден, полей в specs: 12
[10/178#w1] Блок характеристик: div.mod-section.specification — найден, полей в specs: 12
[9/178#w2]   ✓ bb26gqc-britannia-2026-quarter-oz-gold-bullion-coin-obv.webp
[10/178#w1]   ✓ bb26gqo-britannia-2026-quarter-oz-gold-bullion-coin-in-blister-obv.webp
[10/178#w1]   ✓ bb26gqo-britannia-2026-quarter-oz-gold-bullion-coin-in-blister-blister-rev.webp
[10/178#w1] [dotenv@17.3.1] injecting env (1) from .env -- tip: 🔐 encrypt with Dotenvx: https://dotenvx.com
[9/178#w2]   ✓ bb26gqc-britannia-2026-quarter-oz-gold-bullion-coin-rev.webp
[9/178#w2] [dotenv@17.3.1] injecting env (1) from .env -- tip: ⚡️ secrets for agents: https://dotenvx.com/as2
[10/178#w1] __RM_JSON__ /Users/mihail/Desktop/Нумизматика сайт/omonete-app/data/royal-mint-bb26gqo-britannia-2026-quarter-oz-gold-bullion-coin-in-blister.json
[10/178#w1] 
[10/178#w1] Готово: /Users/mihail/Desktop/Нумизматика сайт/omonete-app/data/royal-mint-bb26gqo-britannia-2026-quarter-oz-gold-bullion-coin-in-blister.json
[10/178#w1] Загрузка PDP: https://www.royalmint.com/invest/bullion/bullion-coins/gold-coins/bb26gqo-britannia-2026-quarter-oz-gold-bullion-coin-in-blister/?listId=Gold_Coins&listName=Gold%20Coins
[10/178#w1] Классификация картинок: {
[10/178#w1]   "obverse": "https://www.royalmint.com/globalassets/_ecommerce/invest/launches/britannia-25/1-4oz-gold/ukb25qgm--2025-britannia-gold-1-4-oz--wholesale-blister-obverse-1500x1500-f3a2c67.jpg",
[10/178#w1]   "reverse": null,
[10/178#w1]   "blister_obverse": null,
[10/178#w1]   "blister_reverse": "https://www.royalmint.com/globalassets/_ecommerce/invest/launches/2026/britannia/products/gold-14-oz/bb26gqc---2026-bullion-britannia-1-4oz-gold-reverse-blister.jpg",
[10/178#w1]   "box": null,
[10/178#w1]   "certificate": null
[10/178#w1] }
[10/178#w1] 
[10/178#w1] ────────── Как увидеть монету на сайте (localhost) ──────────
[10/178#w1] Быстро (парсинг + public/data в один заход): npm run royal-mint:preview
[10/178#w1]   (или уже есть JSON: npx tsx scripts/royal-mint-to-public-catalog.ts "/Users/mihail/Desktop/Нумизматика сайт/omonete-app/data/royal-mint-bb26gqo-britannia-2026-quarter-oz-gold-bullion-coin-in-blister.json")
[10/178#w1] Потом: npm run dev → http://localhost:3000/coins/991001/ (или ROYAL_MINT_LOCAL_ID)
[10/178#w1] Картинки (если скачались): public/image/coins/foreign/ — пути уже в JSON монеты.
[10/178#w1] В БД: npm run royal-mint:import → npm run data:export (или data:export:incremental).

——— старт 11/178#w1 ———
https://www.royalmint.com/invest/bullion/bullion-coins/gold-coins/bb26gxc-britannia-2026-tenth-oz-gold-bullion-coin/?listId=Gold_Coins&listName=Gold%20Coins
[9/178#w2] __RM_JSON__ /Users/mihail/Desktop/Нумизматика сайт/omonete-app/data/royal-mint-bb26gqc-britannia-2026-quarter-oz-gold-bullion-coin.json
[9/178#w2] 
[9/178#w2] Готово: /Users/mihail/Desktop/Нумизматика сайт/omonete-app/data/royal-mint-bb26gqc-britannia-2026-quarter-oz-gold-bullion-coin.json
[9/178#w2] Загрузка PDP: https://www.royalmint.com/invest/bullion/bullion-coins/gold-coins/bb26gqc-britannia-2026-quarter-oz-gold-bullion-coin/?listId=Gold_Coins&listName=Gold%20Coins
[9/178#w2] Классификация картинок: {
[9/178#w2]   "obverse": "https://www.royalmint.com/globalassets/_ecommerce/invest/launches/2026/britannia/products/gold-14-oz/bb26gqc---2026-bullion-britannia-1-4oz-gold-obverse-edge.jpg",
[9/178#w2]   "reverse": "https://www.royalmint.com/globalassets/_ecommerce/invest/launches/2026/britannia/products/gold-14-oz/bb26gqc---2026-bullion-britannia-1-4oz-gold-reverse-edge.jpg",
[9/178#w2]   "blister_obverse": null,
[9/178#w2]   "blister_reverse": null,
[9/178#w2]   "box": null,
[9/178#w2]   "certificate": null
[9/178#w2] }
[9/178#w2] 
[9/178#w2] ────────── Как увидеть монету на сайте (localhost) ──────────
[9/178#w2] Быстро (парсинг + public/data в один заход): npm run royal-mint:preview
[9/178#w2]   (или уже есть JSON: npx tsx scripts/royal-mint-to-public-catalog.ts "/Users/mihail/Desktop/Нумизматика сайт/omonete-app/data/royal-mint-bb26gqc-britannia-2026-quarter-oz-gold-bullion-coin.json")
[9/178#w2] Потом: npm run dev → http://localhost:3000/coins/991001/ (или ROYAL_MINT_LOCAL_ID)
[9/178#w2] Картинки (если скачались): public/image/coins/foreign/ — пути уже в JSON монеты.
[9/178#w2] В БД: npm run royal-mint:import → npm run data:export (или data:export:incremental).

——— старт 12/178#w2 ———
https://www.royalmint.com/invest/bullion/bullion-coins/gold-coins/bb26gxo-britannia-2026-tenth-oz-gold-bullion-coin-in-blister/?listId=Gold_Coins&listName=Gold%20Coins
[12/178#w2] Блок характеристик: div.mod-section.specification — найден, полей в specs: 12
[11/178#w1] Блок характеристик: div.mod-section.specification — найден, полей в specs: 12
[12/178#w2]   ✓ bb26gxo-britannia-2026-tenth-oz-gold-bullion-coin-in-blister-obv.webp
[11/178#w1]   ✓ bb26gxc-britannia-2026-tenth-oz-gold-bullion-coin-obv.webp
[12/178#w2]   ✓ bb26gxo-britannia-2026-tenth-oz-gold-bullion-coin-in-blister-rev.webp
[12/178#w2] [dotenv@17.3.1] injecting env (1) from .env -- tip: 🤖 agentic secret storage: https://dotenvx.com/as2
[12/178#w2] __RM_JSON__ /Users/mihail/Desktop/Нумизматика сайт/omonete-app/data/royal-mint-bb26gxo-britannia-2026-tenth-oz-gold-bullion-coin-in-blister.json
[12/178#w2] 
[12/178#w2] Готово: /Users/mihail/Desktop/Нумизматика сайт/omonete-app/data/royal-mint-bb26gxo-britannia-2026-tenth-oz-gold-bullion-coin-in-blister.json
[12/178#w2] Загрузка PDP: https://www.royalmint.com/invest/bullion/bullion-coins/gold-coins/bb26gxo-britannia-2026-tenth-oz-gold-bullion-coin-in-blister/?listId=Gold_Coins&listName=Gold%20Coins
[12/178#w2] Классификация картинок: {
[12/178#w2]   "obverse": "https://www.royalmint.com/globalassets/_ecommerce/invest/launches/britannia-25/1-10oz-gold/ukb25tgm--2025-britannia-gold-1-10-oz--wholesale-blister-obverse-1500x1500-f3a2c67.jpg",
[12/178#w2]   "reverse": "https://www.royalmint.com/globalassets/_ecommerce/invest/launches/2026/britannia/products/gold-110-oz/bb26gxc---2026-bullion-britannia-1-10oz-gold-blister-reverse.jpg",
[12/178#w2]   "blister_obverse": null,
[12/178#w2]   "blister_reverse": null,
[12/178#w2]   "box": null,
[12/178#w2]   "certificate": null
[12/178#w2] }
[12/178#w2] 
[12/178#w2] ────────── Как увидеть монету на сайте (localhost) ──────────
[12/178#w2] Быстро (парсинг + public/data в один заход): npm run royal-mint:preview
[12/178#w2]   (или уже есть JSON: npx tsx scripts/royal-mint-to-public-catalog.ts "/Users/mihail/Desktop/Нумизматика сайт/omonete-app/data/royal-mint-bb26gxo-britannia-2026-tenth-oz-gold-bullion-coin-in-blister.json")
[12/178#w2] Потом: npm run dev → http://localhost:3000/coins/991001/ (или ROYAL_MINT_LOCAL_ID)
[12/178#w2] Картинки (если скачались): public/image/coins/foreign/ — пути уже в JSON монеты.
[12/178#w2] В БД: npm run royal-mint:import → npm run data:export (или data:export:incremental).

——— старт 13/178#w2 ———
https://www.royalmint.com/invest/bullion/bullion-coins/gold-coins/count-dracula-2025-1oz-gold-bullion-coin/?listId=Gold_Coins&listName=Gold%20Coins
[11/178#w1]   ✓ bb26gxc-britannia-2026-tenth-oz-gold-bullion-coin-rev.webp
[11/178#w1] [dotenv@17.3.1] injecting env (1) from .env -- tip: ⚙️  suppress all logs with { quiet: true }
[11/178#w1] __RM_JSON__ /Users/mihail/Desktop/Нумизматика сайт/omonete-app/data/royal-mint-bb26gxc-britannia-2026-tenth-oz-gold-bullion-coin.json
[11/178#w1] 
[11/178#w1] Готово: /Users/mihail/Desktop/Нумизматика сайт/omonete-app/data/royal-mint-bb26gxc-britannia-2026-tenth-oz-gold-bullion-coin.json
[11/178#w1] Загрузка PDP: https://www.royalmint.com/invest/bullion/bullion-coins/gold-coins/bb26gxc-britannia-2026-tenth-oz-gold-bullion-coin/?listId=Gold_Coins&listName=Gold%20Coins
[11/178#w1] Классификация картинок: {
[11/178#w1]   "obverse": "https://www.royalmint.com/globalassets/_ecommerce/invest/launches/2026/britannia/products/gold-110-oz/bb26gxc---2026-bullion-britannia-1-10oz-gold-obverse-1500x1500-f3a2c67.jpg",
[11/178#w1]   "reverse": "https://www.royalmint.com/globalassets/_ecommerce/invest/launches/2026/britannia/products/gold-110-oz/bb26gxc---2026-bullion-britannia-1-10oz-gold-reverse-1500x1500-f3a2c67.jpg",
[11/178#w1]   "blister_obverse": null,
[11/178#w1]   "blister_reverse": null,
[11/178#w1]   "box": null,
[11/178#w1]   "certificate": null
[11/178#w1] }
[11/178#w1] 
[11/178#w1] ────────── Как увидеть монету на сайте (localhost) ──────────
[11/178#w1] Быстро (парсинг + public/data в один заход): npm run royal-mint:preview
[11/178#w1]   (или уже есть JSON: npx tsx scripts/royal-mint-to-public-catalog.ts "/Users/mihail/Desktop/Нумизматика сайт/omonete-app/data/royal-mint-bb26gxc-britannia-2026-tenth-oz-gold-bullion-coin.json")
[11/178#w1] Потом: npm run dev → http://localhost:3000/coins/991001/ (или ROYAL_MINT_LOCAL_ID)
[11/178#w1] Картинки (если скачались): public/image/coins/foreign/ — пути уже в JSON монеты.
[11/178#w1] В БД: npm run royal-mint:import → npm run data:export (или data:export:incremental).

——— старт 14/178#w1 ———
https://www.royalmint.com/invest/bullion/bullion-coins/gold-coins/legendary-creatures-loch-ness-monster-2026-uk-1oz-gold-bullion-coin/?listId=Gold_Coins&listName=Gold%20Coins
[13/178#w2] Блок характеристик: div.mod-section.specification — найден, полей в specs: 11
[14/178#w1] Блок характеристик: div.mod-section.specification — найден, полей в specs: 10
[13/178#w2]   ✓ count-dracula-2025-1oz-gold-bullion-coin-obv.webp
[14/178#w1]   ✓ legendary-creatures-loch-ness-monster-2026-uk-1oz-gold-bullion-coin-obv.webp
[13/178#w2]   ✓ count-dracula-2025-1oz-gold-bullion-coin-rev.webp
[13/178#w2] [dotenv@17.3.1] injecting env (1) from .env -- tip: ⚙️  write to custom object with { processEnv: myObject }
[14/178#w1]   ✓ legendary-creatures-loch-ness-monster-2026-uk-1oz-gold-bullion-coin-rev.webp
[14/178#w1] [dotenv@17.3.1] injecting env (1) from .env -- tip: ⚙️  load multiple .env files with { path: ['.env.local', '.env'] }
[13/178#w2] __RM_JSON__ /Users/mihail/Desktop/Нумизматика сайт/omonete-app/data/royal-mint-count-dracula-2025-1oz-gold-bullion-coin.json
[13/178#w2] 
[13/178#w2] Готово: /Users/mihail/Desktop/Нумизматика сайт/omonete-app/data/royal-mint-count-dracula-2025-1oz-gold-bullion-coin.json
[13/178#w2] Загрузка PDP: https://www.royalmint.com/invest/bullion/bullion-coins/gold-coins/count-dracula-2025-1oz-gold-bullion-coin/?listId=Gold_Coins&listName=Gold%20Coins
[13/178#w2] Классификация картинок: {
[13/178#w2]   "obverse": "https://www.royalmint.com/globalassets/_ecommerce/invest/launches/2025/dracula/product-images/tt25g1---2025-uk-gothic-horror---dracula-1oz-gold-bullion-coin-obverse.jpg",
[13/178#w2]   "reverse": "https://www.royalmint.com/globalassets/_ecommerce/invest/launches/2025/dracula/product-images/tt25g1---2025-uk-gothic-horror---dracula-1oz-gold-bullion-coin-reverse.jpg",
[13/178#w2]   "blister_obverse": null,
[13/178#w2]   "blister_reverse": null,
[13/178#w2]   "box": null,
[13/178#w2]   "certificate": null
[13/178#w2] }
[13/178#w2] 
[13/178#w2] ────────── Как увидеть монету на сайте (localhost) ──────────
[13/178#w2] Быстро (парсинг + public/data в один заход): npm run royal-mint:preview
[13/178#w2]   (или уже есть JSON: npx tsx scripts/royal-mint-to-public-catalog.ts "/Users/mihail/Desktop/Нумизматика сайт/omonete-app/data/royal-mint-count-dracula-2025-1oz-gold-bullion-coin.json")
[13/178#w2] Потом: npm run dev → http://localhost:3000/coins/991001/ (или ROYAL_MINT_LOCAL_ID)
[13/178#w2] Картинки (если скачались): public/image/coins/foreign/ — пути уже в JSON монеты.
[13/178#w2] В БД: npm run royal-mint:import → npm run data:export (или data:export:incremental).

——— старт 15/178#w2 ———
https://www.royalmint.com/invest/bullion/bullion-coins/gold-coins/the-double-sovereign-2026-gold-bullion-coin-in-blister/?listId=Gold_Coins&listName=Gold%20Coins
[14/178#w1] __RM_JSON__ /Users/mihail/Desktop/Нумизматика сайт/omonete-app/data/royal-mint-legendary-creatures-loch-ness-monster-2026-uk-1oz-gold-bullion-coin.json
[14/178#w1] 
[14/178#w1] Готово: /Users/mihail/Desktop/Нумизматика сайт/omonete-app/data/royal-mint-legendary-creatures-loch-ness-monster-2026-uk-1oz-gold-bullion-coin.json
[14/178#w1] Загрузка PDP: https://www.royalmint.com/invest/bullion/bullion-coins/gold-coins/legendary-creatures-loch-ness-monster-2026-uk-1oz-gold-bullion-coin/?listId=Gold_Coins&listName=Gold%20Coins
[14/178#w1] Классификация картинок: {
[14/178#w1]   "obverse": "https://www.royalmint.com/globalassets/_ecommerce/invest/launches/2026/loch-ness/products/lc1251gc---2026-legendary-creatures---coin-1-1oz-gold-bullion-coin-obverse.jpg",
[14/178#w1]   "reverse": "https://www.royalmint.com/globalassets/_ecommerce/invest/launches/2026/loch-ness/products/lc1251gc---2026-legendary-creatures---coin-1-1oz-gold-bullion-coin-reverse.jpg",
[14/178#w1]   "blister_obverse": null,
[14/178#w1]   "blister_reverse": null,
[14/178#w1]   "box": null,
[14/178#w1]   "certificate": null
[14/178#w1] }
[14/178#w1] 
[14/178#w1] ────────── Как увидеть монету на сайте (localhost) ──────────
[14/178#w1] Быстро (парсинг + public/data в один заход): npm run royal-mint:preview
[14/178#w1]   (или уже есть JSON: npx tsx scripts/royal-mint-to-public-catalog.ts "/Users/mihail/Desktop/Нумизматика сайт/omonete-app/data/royal-mint-legendary-creatures-loch-ness-monster-2026-uk-1oz-gold-bullion-coin.json")
[14/178#w1] Потом: npm run dev → http://localhost:3000/coins/991001/ (или ROYAL_MINT_LOCAL_ID)
[14/178#w1] Картинки (если скачались): public/image/coins/foreign/ — пути уже в JSON монеты.
[14/178#w1] В БД: npm run royal-mint:import → npm run data:export (или data:export:incremental).

——— старт 16/178#w1 ———
https://www.royalmint.com/invest/bullion/bullion-coins/gold-coins/the-double-sovereign-2026-gold-bullion-coin/?listId=Gold_Coins&listName=Gold%20Coins
[15/178#w2] Блок характеристик: div.mod-section.specification — найден, полей в specs: 10
[16/178#w1] Блок характеристик: div.mod-section.specification — найден, полей в specs: 10
[15/178#w2]   ✓ the-double-sovereign-2026-gold-bullion-coin-in-blister-obv.webp
[16/178#w1]   ✓ the-double-sovereign-2026-gold-bullion-coin-obv.webp
[15/178#w2]   ✓ the-double-sovereign-2026-gold-bullion-coin-in-blister-rev.webp
[16/178#w1]   ✓ the-double-sovereign-2026-gold-bullion-coin-rev.webp
[16/178#w1] [dotenv@17.3.1] injecting env (1) from .env -- tip: 🔐 prevent committing .env to code: https://dotenvx.com/precommit
[16/178#w1] __RM_JSON__ /Users/mihail/Desktop/Нумизматика сайт/omonete-app/data/royal-mint-the-double-sovereign-2026-gold-bullion-coin.json
[16/178#w1] 
[16/178#w1] Готово: /Users/mihail/Desktop/Нумизматика сайт/omonete-app/data/royal-mint-the-double-sovereign-2026-gold-bullion-coin.json
[16/178#w1] Загрузка PDP: https://www.royalmint.com/invest/bullion/bullion-coins/gold-coins/the-double-sovereign-2026-gold-bullion-coin/?listId=Gold_Coins&listName=Gold%20Coins
[16/178#w1] Классификация картинок: {
[16/178#w1]   "obverse": "https://www.royalmint.com/globalassets/_ecommerce/invest/launches/2026/sovereign/products/ukb26dss---bullion-2026-double-sovereign-gold-coin-obverse.jpg",
[16/178#w1]   "reverse": "https://www.royalmint.com/globalassets/_ecommerce/invest/launches/2026/sovereign/products/ukb26dss---bullion-2026-double-sovereign-gold-coin-reverse.jpg",
[16/178#w1]   "blister_obverse": null,
[16/178#w1]   "blister_reverse": null,
[16/178#w1]   "box": null,
[16/178#w1]   "certificate": null
[16/178#w1] }
[16/178#w1] 
[16/178#w1] ────────── Как увидеть монету на сайте (localhost) ──────────
[16/178#w1] Быстро (парсинг + public/data в один заход): npm run royal-mint:preview
[16/178#w1]   (или уже есть JSON: npx tsx scripts/royal-mint-to-public-catalog.ts "/Users/mihail/Desktop/Нумизматика сайт/omonete-app/data/royal-mint-the-double-sovereign-2026-gold-bullion-coin.json")
[16/178#w1] Потом: npm run dev → http://localhost:3000/coins/991001/ (или ROYAL_MINT_LOCAL_ID)
[16/178#w1] Картинки (если скачались): public/image/coins/foreign/ — пути уже в JSON монеты.
[16/178#w1] В БД: npm run royal-mint:import → npm run data:export (или data:export:incremental).

——— старт 17/178#w1 ———
https://www.royalmint.com/invest/bullion/bullion-coins/gold-coins/the-half-sovereign-2026-gold-bullion-coin-in-blister/?listId=Gold_Coins&listName=Gold%20Coins
[15/178#w2]   ✓ the-double-sovereign-2026-gold-bullion-coin-in-blister-blister-obv.webp
[15/178#w2]   ✓ the-double-sovereign-2026-gold-bullion-coin-in-blister-blister-rev.webp
[15/178#w2] [dotenv@17.3.1] injecting env (1) from .env -- tip: 🛡️ auth for agents: https://vestauth.com
[15/178#w2] __RM_JSON__ /Users/mihail/Desktop/Нумизматика сайт/omonete-app/data/royal-mint-the-double-sovereign-2026-gold-bullion-coin-in-blister.json
[15/178#w2] 
[15/178#w2] Готово: /Users/mihail/Desktop/Нумизматика сайт/omonete-app/data/royal-mint-the-double-sovereign-2026-gold-bullion-coin-in-blister.json
[15/178#w2] Загрузка PDP: https://www.royalmint.com/invest/bullion/bullion-coins/gold-coins/the-double-sovereign-2026-gold-bullion-coin-in-blister/?listId=Gold_Coins&listName=Gold%20Coins
[15/178#w2] Классификация картинок: {
[15/178#w2]   "obverse": "https://www.royalmint.com/globalassets/_ecommerce/invest/launches/2026/sovereign/products/ukb26dss---bullion-2026-double-sovereign-gold-coin-obverse.jpg",
[15/178#w2]   "reverse": "https://www.royalmint.com/globalassets/_ecommerce/invest/launches/2026/sovereign/products/ukb26dss---bullion-2026-double-sovereign-gold-coin-reverse.jpg",
[15/178#w2]   "blister_obverse": "https://www.royalmint.com/globalassets/_ecommerce/invest/launches/2026/sovereign/products/ukb26dss---bullion-2026-double-sovereign-gold-coin-obverse-blister.jpg",
[15/178#w2]   "blister_reverse": "https://www.royalmint.com/globalassets/_ecommerce/invest/launches/2026/sovereign/products/ukb26dss---bullion-2026-double-sovereign-gold-coin-reverse-blister.jpg",
[15/178#w2]   "box": null,
[15/178#w2]   "certificate": null
[15/178#w2] }
[15/178#w2] 
[15/178#w2] ────────── Как увидеть монету на сайте (localhost) ──────────
[15/178#w2] Быстро (парсинг + public/data в один заход): npm run royal-mint:preview
[15/178#w2]   (или уже есть JSON: npx tsx scripts/royal-mint-to-public-catalog.ts "/Users/mihail/Desktop/Нумизматика сайт/omonete-app/data/royal-mint-the-double-sovereign-2026-gold-bullion-coin-in-blister.json")
[15/178#w2] Потом: npm run dev → http://localhost:3000/coins/991001/ (или ROYAL_MINT_LOCAL_ID)
[15/178#w2] Картинки (если скачались): public/image/coins/foreign/ — пути уже в JSON монеты.
[15/178#w2] В БД: npm run royal-mint:import → npm run data:export (или data:export:incremental).

——— старт 18/178#w2 ———
https://www.royalmint.com/invest/bullion/bullion-coins/gold-coins/the-quarter-sovereign-2026-gold-bullion-coin-in-blister/?listId=Gold_Coins&listName=Gold%20Coins
[17/178#w1] Блок характеристик: div.mod-section.specification — найден, полей в specs: 11
[18/178#w2] Блок характеристик: div.mod-section.specification — найден, полей в specs: 10
[17/178#w1]   ✓ the-half-sovereign-2026-gold-bullion-coin-in-blister-obv.webp
[18/178#w2]   ✓ the-quarter-sovereign-2026-gold-bullion-coin-in-blister-obv.webp
[17/178#w1]   ✓ the-half-sovereign-2026-gold-bullion-coin-in-blister-rev.webp
[17/178#w1]   ✓ the-half-sovereign-2026-gold-bullion-coin-in-blister-blister-obv.webp
[18/178#w2]   ✓ the-quarter-sovereign-2026-gold-bullion-coin-in-blister-rev.webp
[17/178#w1]   ✓ the-half-sovereign-2026-gold-bullion-coin-in-blister-blister-rev.webp
[17/178#w1] [dotenv@17.3.1] injecting env (1) from .env -- tip: 🛡️ auth for agents: https://vestauth.com
[18/178#w2]   ✓ the-quarter-sovereign-2026-gold-bullion-coin-in-blister-blister-obv.webp
[17/178#w1] __RM_JSON__ /Users/mihail/Desktop/Нумизматика сайт/omonete-app/data/royal-mint-the-half-sovereign-2026-gold-bullion-coin-in-blister.json
[17/178#w1] 
[17/178#w1] Готово: /Users/mihail/Desktop/Нумизматика сайт/omonete-app/data/royal-mint-the-half-sovereign-2026-gold-bullion-coin-in-blister.json
[17/178#w1] Загрузка PDP: https://www.royalmint.com/invest/bullion/bullion-coins/gold-coins/the-half-sovereign-2026-gold-bullion-coin-in-blister/?listId=Gold_Coins&listName=Gold%20Coins
[17/178#w1] Классификация картинок: {
[17/178#w1]   "obverse": "https://www.royalmint.com/globalassets/_ecommerce/invest/launches/2026/sovereign/products/ukb26hsc---bullion-2026-half-sovereign-gold-coin-obverse.jpg",
[17/178#w1]   "reverse": "https://www.royalmint.com/globalassets/_ecommerce/invest/launches/2026/sovereign/products/ukb26hsc---bullion-2026-half-sovereign-gold-coin-reverse.jpg",
[17/178#w1]   "blister_obverse": "https://www.royalmint.com/globalassets/_ecommerce/invest/launches/2026/sovereign/products/ukb26hsc---bullion-2026-half-sovereign-gold-coin-obverse-blister.jpg",
[17/178#w1]   "blister_reverse": "https://www.royalmint.com/globalassets/_ecommerce/invest/launches/2026/sovereign/products/ukb26hsc---bullion-2026-half-sovereign-gold-coin-reverse-blister.jpg",
[17/178#w1]   "box": null,
[17/178#w1]   "certificate": null
[17/178#w1] }
[17/178#w1] 
[17/178#w1] ────────── Как увидеть монету на сайте (localhost) ──────────
[17/178#w1] Быстро (парсинг + public/data в один заход): npm run royal-mint:preview
[17/178#w1]   (или уже есть JSON: npx tsx scripts/royal-mint-to-public-catalog.ts "/Users/mihail/Desktop/Нумизматика сайт/omonete-app/data/royal-mint-the-half-sovereign-2026-gold-bullion-coin-in-blister.json")
[17/178#w1] Потом: npm run dev → http://localhost:3000/coins/991001/ (или ROYAL_MINT_LOCAL_ID)
[17/178#w1] Картинки (если скачались): public/image/coins/foreign/ — пути уже в JSON монеты.
[17/178#w1] В БД: npm run royal-mint:import → npm run data:export (или data:export:incremental).

——— старт 19/178#w1 ———
https://www.royalmint.com/invest/bullion/bullion-coins/gold-coins/the-quarter-sovereign-2026-gold-bullion-coin/?listId=Gold_Coins&listName=Gold%20Coins
[18/178#w2]   ✓ the-quarter-sovereign-2026-gold-bullion-coin-in-blister-blister-rev.webp
[18/178#w2] [dotenv@17.3.1] injecting env (1) from .env -- tip: ⚙️  specify custom .env file path with { path: '/custom/path/.env' }
[18/178#w2] __RM_JSON__ /Users/mihail/Desktop/Нумизматика сайт/omonete-app/data/royal-mint-the-quarter-sovereign-2026-gold-bullion-coin-in-blister.json
[18/178#w2] 
[18/178#w2] Готово: /Users/mihail/Desktop/Нумизматика сайт/omonete-app/data/royal-mint-the-quarter-sovereign-2026-gold-bullion-coin-in-blister.json
[18/178#w2] Загрузка PDP: https://www.royalmint.com/invest/bullion/bullion-coins/gold-coins/the-quarter-sovereign-2026-gold-bullion-coin-in-blister/?listId=Gold_Coins&listName=Gold%20Coins
[18/178#w2] Классификация картинок: {
[18/178#w2]   "obverse": "https://www.royalmint.com/globalassets/_ecommerce/invest/launches/2026/sovereign/products/ukb26qso---bullion-2026-quarter-sovereign-gold-coin-obverse.jpg",
[18/178#w2]   "reverse": "https://www.royalmint.com/globalassets/_ecommerce/invest/launches/2026/sovereign/products/ukb26qso---bullion-2026-quarter-sovereign-gold-coin-reverse.jpg",
[18/178#w2]   "blister_obverse": "https://www.royalmint.com/globalassets/_ecommerce/invest/launches/2026/sovereign/products/ukb26qso---bullion-2026-quarter-sovereign-gold-coin-obverse-blister.jpg",
[18/178#w2]   "blister_reverse": "https://www.royalmint.com/globalassets/_ecommerce/invest/launches/2026/sovereign/products/ukb26qso---bullion-2026-quarter-sovereign-gold-coin-reverse-blister.jpg",
[18/178#w2]   "box": null,
[18/178#w2]   "certificate": null
[18/178#w2] }
[18/178#w2] 
[18/178#w2] ────────── Как увидеть монету на сайте (localhost) ──────────
[18/178#w2] Быстро (парсинг + public/data в один заход): npm run royal-mint:preview
[18/178#w2]   (или уже есть JSON: npx tsx scripts/royal-mint-to-public-catalog.ts "/Users/mihail/Desktop/Нумизматика сайт/omonete-app/data/royal-mint-the-quarter-sovereign-2026-gold-bullion-coin-in-blister.json")
[18/178#w2] Потом: npm run dev → http://localhost:3000/coins/991001/ (или ROYAL_MINT_LOCAL_ID)
[18/178#w2] Картинки (если скачались): public/image/coins/foreign/ — пути уже в JSON монеты.
[18/178#w2] В БД: npm run royal-mint:import → npm run data:export (или data:export:incremental).

——— старт 20/178#w2 ———
https://www.royalmint.com/invest/bullion/bullion-coins/gold-coins/the-royal-arms-2025-1oz-gold-bullion-coin-64b852f7/?listId=Gold_Coins&listName=Gold%20Coins
[19/178#w1] Блок характеристик: div.mod-section.specification — найден, полей в specs: 10
[20/178#w2] Блок характеристик: div.mod-section.specification — найден, полей в specs: 11
[19/178#w1]   ✓ the-quarter-sovereign-2026-gold-bullion-coin-obv.webp
[20/178#w2]   ✓ the-royal-arms-2025-1oz-gold-bullion-coin-64b852f7-obv.webp
[19/178#w1]   ✓ the-quarter-sovereign-2026-gold-bullion-coin-rev.webp
[19/178#w1] [dotenv@17.3.1] injecting env (1) from .env -- tip: ⚙️  specify custom .env file path with { path: '/custom/path/.env' }
[19/178#w1] __RM_JSON__ /Users/mihail/Desktop/Нумизматика сайт/omonete-app/data/royal-mint-the-quarter-sovereign-2026-gold-bullion-coin.json
[19/178#w1] 
[19/178#w1] Готово: /Users/mihail/Desktop/Нумизматика сайт/omonete-app/data/royal-mint-the-quarter-sovereign-2026-gold-bullion-coin.json
[19/178#w1] Загрузка PDP: https://www.royalmint.com/invest/bullion/bullion-coins/gold-coins/the-quarter-sovereign-2026-gold-bullion-coin/?listId=Gold_Coins&listName=Gold%20Coins
[19/178#w1] Классификация картинок: {
[19/178#w1]   "obverse": "https://www.royalmint.com/globalassets/_ecommerce/invest/launches/2026/sovereign/products/ukb26qso---bullion-2026-quarter-sovereign-gold-coin-obverse.jpg",
[19/178#w1]   "reverse": "https://www.royalmint.com/globalassets/_ecommerce/invest/launches/2026/sovereign/products/ukb26qso---bullion-2026-quarter-sovereign-gold-coin-reverse.jpg",
[19/178#w1]   "blister_obverse": null,
[19/178#w1]   "blister_reverse": null,
[19/178#w1]   "box": null,
[19/178#w1]   "certificate": null
[19/178#w1] }
[19/178#w1] 
[19/178#w1] ────────── Как увидеть монету на сайте (localhost) ──────────
[19/178#w1] Быстро (парсинг + public/data в один заход): npm run royal-mint:preview
[19/178#w1]   (или уже есть JSON: npx tsx scripts/royal-mint-to-public-catalog.ts "/Users/mihail/Desktop/Нумизматика сайт/omonete-app/data/royal-mint-the-quarter-sovereign-2026-gold-bullion-coin.json")
[19/178#w1] Потом: npm run dev → http://localhost:3000/coins/991001/ (или ROYAL_MINT_LOCAL_ID)
[19/178#w1] Картинки (если скачались): public/image/coins/foreign/ — пути уже в JSON монеты.
[19/178#w1] В БД: npm run royal-mint:import → npm run data:export (или data:export:incremental).

——— старт 21/178#w1 ———
https://www.royalmint.com/invest/bullion/bullion-coins/gold-coins/the-royal-tudor-beasts-2026-queens-lion-14oz-gold-bullion-coin/?listId=Gold_Coins&listName=Gold%20Coins
[20/178#w2]   ✓ the-royal-arms-2025-1oz-gold-bullion-coin-64b852f7-rev.webp
[20/178#w2] [dotenv@17.3.1] injecting env (1) from .env -- tip: ⚙️  override existing env vars with { override: true }
[20/178#w2] __RM_JSON__ /Users/mihail/Desktop/Нумизматика сайт/omonete-app/data/royal-mint-the-royal-arms-2025-1oz-gold-bullion-coin-64b852f7.json
[20/178#w2] 
[20/178#w2] Готово: /Users/mihail/Desktop/Нумизматика сайт/omonete-app/data/royal-mint-the-royal-arms-2025-1oz-gold-bullion-coin-64b852f7.json
[20/178#w2] Загрузка PDP: https://www.royalmint.com/invest/bullion/bullion-coins/gold-coins/the-royal-arms-2025-1oz-gold-bullion-coin-64b852f7/?listId=Gold_Coins&listName=Gold%20Coins
[20/178#w2] Классификация картинок: {
[20/178#w2]   "obverse": "https://www.royalmint.com/globalassets/_ecommerce/invest/launches/2025/royal-arms/products/2025-bullion-royal-arms-1oz-gold-coin-obverse---b25cag1-1500x1500-f3a2c67.jpg",
[20/178#w2]   "reverse": "https://www.royalmint.com/globalassets/_ecommerce/invest/launches/2025/royal-arms/products/2025-bullion-royal-arms-1oz-gold-coin-reverse---b25cag1-1500x1500-f3a2c67.jpg",
[20/178#w2]   "blister_obverse": null,
[20/178#w2]   "blister_reverse": null,
[20/178#w2]   "box": null,
[20/178#w2]   "certificate": null
[20/178#w2] }
[20/178#w2] 
[20/178#w2] ────────── Как увидеть монету на сайте (localhost) ──────────
[20/178#w2] Быстро (парсинг + public/data в один заход): npm run royal-mint:preview
[20/178#w2]   (или уже есть JSON: npx tsx scripts/royal-mint-to-public-catalog.ts "/Users/mihail/Desktop/Нумизматика сайт/omonete-app/data/royal-mint-the-royal-arms-2025-1oz-gold-bullion-coin-64b852f7.json")
[20/178#w2] Потом: npm run dev → http://localhost:3000/coins/991001/ (или ROYAL_MINT_LOCAL_ID)
[20/178#w2] Картинки (если скачались): public/image/coins/foreign/ — пути уже в JSON монеты.
[20/178#w2] В БД: npm run royal-mint:import → npm run data:export (или data:export:incremental).

——— старт 22/178#w2 ———
https://www.royalmint.com/invest/bullion/bullion-coins/gold-coins/the-royal-tudor-beasts-2026-queens-lion-1oz-gold-bullion-coin/?listId=Gold_Coins&listName=Gold%20Coins
[21/178#w1] Блок характеристик: div.mod-section.specification — найден, полей в specs: 11
[22/178#w2] Блок характеристик: div.mod-section.specification — найден, полей в specs: 11
[21/178#w1]   ✓ the-royal-tudor-beasts-2026-queens-lion-14oz-gold-bullion-coin-obv.webp
[22/178#w2]   ✓ the-royal-tudor-beasts-2026-queens-lion-1oz-gold-bullion-coin-obv.webp
[21/178#w1]   ✓ the-royal-tudor-beasts-2026-queens-lion-14oz-gold-bullion-coin-rev.webp
[21/178#w1] [dotenv@17.3.1] injecting env (1) from .env -- tip: 🔐 prevent building .env in docker: https://dotenvx.com/prebuild
[21/178#w1] __RM_JSON__ /Users/mihail/Desktop/Нумизматика сайт/omonete-app/data/royal-mint-the-royal-tudor-beasts-2026-queens-lion-14oz-gold-bullion-coin.json
[21/178#w1] 
[21/178#w1] Готово: /Users/mihail/Desktop/Нумизматика сайт/omonete-app/data/royal-mint-the-royal-tudor-beasts-2026-queens-lion-14oz-gold-bullion-coin.json
[21/178#w1] Загрузка PDP: https://www.royalmint.com/invest/bullion/bullion-coins/gold-coins/the-royal-tudor-beasts-2026-queens-lion-14oz-gold-bullion-coin/?listId=Gold_Coins&listName=Gold%20Coins
[21/178#w1] Классификация картинок: {
[21/178#w1]   "obverse": "https://www.royalmint.com/globalassets/_ecommerce/invest/launches/2026/rtb/queens-lion/products/rtql26qzc---2026-bullion-royal-tudor-beasts-the-queens-lion-gold-1-4oz-coin-obverse-1500x1500-f3a2c67.jpg",
[21/178#w1]   "reverse": "https://www.royalmint.com/globalassets/_ecommerce/invest/launches/2026/rtb/queens-lion/products/rtql26qzc---2026-bullion-royal-tudor-beasts-the-queens-lion-gold-1-4oz-coin-reverse-1500x1500-f3a2c67.jpg",
[21/178#w1]   "blister_obverse": null,
[21/178#w1]   "blister_reverse": null,
[21/178#w1]   "box": null,
[21/178#w1]   "certificate": null
[21/178#w1] }
[21/178#w1] 
[21/178#w1] ────────── Как увидеть монету на сайте (localhost) ──────────
[21/178#w1] Быстро (парсинг + public/data в один заход): npm run royal-mint:preview
[21/178#w1]   (или уже есть JSON: npx tsx scripts/royal-mint-to-public-catalog.ts "/Users/mihail/Desktop/Нумизматика сайт/omonete-app/data/royal-mint-the-royal-tudor-beasts-2026-queens-lion-14oz-gold-bullion-coin.json")
[21/178#w1] Потом: npm run dev → http://localhost:3000/coins/991001/ (или ROYAL_MINT_LOCAL_ID)
[21/178#w1] Картинки (если скачались): public/image/coins/foreign/ — пути уже в JSON монеты.
[21/178#w1] В БД: npm run royal-mint:import → npm run data:export (или data:export:incremental).

——— старт 23/178#w1 ———
https://www.royalmint.com/invest/bullion/bullion-coins/gold-coins/the-sovereign-2026-gold-bullion-coin/?listId=Gold_Coins&listName=Gold%20Coins
[22/178#w2]   ✓ the-royal-tudor-beasts-2026-queens-lion-1oz-gold-bullion-coin-rev.webp
[22/178#w2] [dotenv@17.3.1] injecting env (1) from .env -- tip: ⚙️  enable debug logging with { debug: true }
[22/178#w2] __RM_JSON__ /Users/mihail/Desktop/Нумизматика сайт/omonete-app/data/royal-mint-the-royal-tudor-beasts-2026-queens-lion-1oz-gold-bullion-coin.json
[22/178#w2] 
[22/178#w2] Готово: /Users/mihail/Desktop/Нумизматика сайт/omonete-app/data/royal-mint-the-royal-tudor-beasts-2026-queens-lion-1oz-gold-bullion-coin.json
[22/178#w2] Загрузка PDP: https://www.royalmint.com/invest/bullion/bullion-coins/gold-coins/the-royal-tudor-beasts-2026-queens-lion-1oz-gold-bullion-coin/?listId=Gold_Coins&listName=Gold%20Coins
[22/178#w2] Классификация картинок: {
[22/178#w2]   "obverse": "https://www.royalmint.com/globalassets/_ecommerce/invest/launches/2026/rtb/queens-lion/products/rtql261gc---2026-bullion-royal-tudor-beasts-the-queens-lion-gold-1oz-coin-obverse-1500x1500-f3a2c67.jpg",
[22/178#w2]   "reverse": "https://www.royalmint.com/globalassets/_ecommerce/invest/launches/2026/rtb/queens-lion/products/rtql261gc---2026-bullion-royal-tudor-beasts-the-queens-lion-gold-1oz-coin-reverse-1500x1500-f3a2c67.jpg",
[22/178#w2]   "blister_obverse": null,
[22/178#w2]   "blister_reverse": null,
[22/178#w2]   "box": null,
[22/178#w2]   "certificate": null
[22/178#w2] }
[22/178#w2] 
[22/178#w2] ────────── Как увидеть монету на сайте (localhost) ──────────
[22/178#w2] Быстро (парсинг + public/data в один заход): npm run royal-mint:preview
[22/178#w2]   (или уже есть JSON: npx tsx scripts/royal-mint-to-public-catalog.ts "/Users/mihail/Desktop/Нумизматика сайт/omonete-app/data/royal-mint-the-royal-tudor-beasts-2026-queens-lion-1oz-gold-bullion-coin.json")
[22/178#w2] Потом: npm run dev → http://localhost:3000/coins/991001/ (или ROYAL_MINT_LOCAL_ID)
[22/178#w2] Картинки (если скачались): public/image/coins/foreign/ — пути уже в JSON монеты.
[22/178#w2] В БД: npm run royal-mint:import → npm run data:export (или data:export:incremental).

——— старт 24/178#w2 ———
https://www.royalmint.com/invest/bullion/bullion-coins/gold-coins/ukb25qso--the-quarter-sovereign-2025-gold-bullion-coin-a31a37e4/?listId=Gold_Coins&listName=Gold%20Coins
[23/178#w1] Блок характеристик: div.mod-section.specification — найден, полей в specs: 11
[24/178#w2] Блок характеристик: div.mod-section.specification — найден, полей в specs: 10
[23/178#w1]   ✓ the-sovereign-2026-gold-bullion-coin-obv.webp
[24/178#w2]   ✓ ukb25qso-the-quarter-sovereign-2025-gold-bullion-coin-a31a37e4-obv.webp
[24/178#w2]   ✓ ukb25qso-the-quarter-sovereign-2025-gold-bullion-coin-a31a37e4-rev.webp
[24/178#w2] [dotenv@17.3.1] injecting env (1) from .env -- tip: 🤖 agentic secret storage: https://dotenvx.com/as2
[23/178#w1]   ✓ the-sovereign-2026-gold-bullion-coin-rev.webp
[23/178#w1] [dotenv@17.3.1] injecting env (1) from .env -- tip: ⚙️  override existing env vars with { override: true }
[24/178#w2] __RM_JSON__ /Users/mihail/Desktop/Нумизматика сайт/omonete-app/data/royal-mint-ukb25qso-the-quarter-sovereign-2025-gold-bullion-coin-a31a37e4.json
[24/178#w2] 
[24/178#w2] Готово: /Users/mihail/Desktop/Нумизматика сайт/omonete-app/data/royal-mint-ukb25qso-the-quarter-sovereign-2025-gold-bullion-coin-a31a37e4.json
[24/178#w2] Загрузка PDP: https://www.royalmint.com/invest/bullion/bullion-coins/gold-coins/ukb25qso--the-quarter-sovereign-2025-gold-bullion-coin-a31a37e4/?listId=Gold_Coins&listName=Gold%20Coins
[24/178#w2] Классификация картинок: {
[24/178#w2]   "obverse": "https://www.royalmint.com/globalassets/bullion/images/products/best-value/quarter-sovereign_no-date.jpg",
[24/178#w2]   "reverse": "https://www.royalmint.com/globalassets/_ecommerce/invest/launches/sovs/products/quart---ukb25qsc/bullion-2025--quarter-sovereign-gold-coin-reverse---ukb25qsc-1500x1500.jpg",
[24/178#w2]   "blister_obverse": null,
[24/178#w2]   "blister_reverse": null,
[24/178#w2]   "box": null,
[24/178#w2]   "certificate": null
[24/178#w2] }
[24/178#w2] 
[24/178#w2] ────────── Как увидеть монету на сайте (localhost) ──────────
[24/178#w2] Быстро (парсинг + public/data в один заход): npm run royal-mint:preview
[24/178#w2]   (или уже есть JSON: npx tsx scripts/royal-mint-to-public-catalog.ts "/Users/mihail/Desktop/Нумизматика сайт/omonete-app/data/royal-mint-ukb25qso-the-quarter-sovereign-2025-gold-bullion-coin-a31a37e4.json")
[24/178#w2] Потом: npm run dev → http://localhost:3000/coins/991001/ (или ROYAL_MINT_LOCAL_ID)
[24/178#w2] Картинки (если скачались): public/image/coins/foreign/ — пути уже в JSON монеты.
[24/178#w2] В БД: npm run royal-mint:import → npm run data:export (или data:export:incremental).

——— старт 25/178#w2 ———
https://www.royalmint.com/lunar/year-of-the-horse/lunar-year-of-the-horse-1-oz-gold-proof-coin/?listId=Year_of_the_Horse&listName=Year%20of%20the%20Horse
[23/178#w1] __RM_JSON__ /Users/mihail/Desktop/Нумизматика сайт/omonete-app/data/royal-mint-the-sovereign-2026-gold-bullion-coin.json
[23/178#w1] 
[23/178#w1] Готово: /Users/mihail/Desktop/Нумизматика сайт/omonete-app/data/royal-mint-the-sovereign-2026-gold-bullion-coin.json
[23/178#w1] Загрузка PDP: https://www.royalmint.com/invest/bullion/bullion-coins/gold-coins/the-sovereign-2026-gold-bullion-coin/?listId=Gold_Coins&listName=Gold%20Coins
[23/178#w1] Классификация картинок: {
[23/178#w1]   "obverse": "https://www.royalmint.com/globalassets/_ecommerce/invest/launches/2026/sovereign/products/ukb26svc---bullion-2026-sovereign-gold-coin-obverse-latent-feature.jpg",
[23/178#w1]   "reverse": "https://www.royalmint.com/globalassets/_ecommerce/invest/launches/2026/sovereign/products/ukb26svc---bullion-2026-sovereign-gold-coin-reverse.jpg",
[23/178#w1]   "blister_obverse": null,
[23/178#w1]   "blister_reverse": null,
[23/178#w1]   "box": null,
[23/178#w1]   "certificate": null
[23/178#w1] }
[23/178#w1] 
[23/178#w1] ────────── Как увидеть монету на сайте (localhost) ──────────
[23/178#w1] Быстро (парсинг + public/data в один заход): npm run royal-mint:preview
[23/178#w1]   (или уже есть JSON: npx tsx scripts/royal-mint-to-public-catalog.ts "/Users/mihail/Desktop/Нумизматика сайт/omonete-app/data/royal-mint-the-sovereign-2026-gold-bullion-coin.json")
[23/178#w1] Потом: npm run dev → http://localhost:3000/coins/991001/ (или ROYAL_MINT_LOCAL_ID)
[23/178#w1] Картинки (если скачались): public/image/coins/foreign/ — пути уже в JSON монеты.
[23/178#w1] В БД: npm run royal-mint:import → npm run data:export (или data:export:incremental).

——— старт 26/178#w1 ———
https://www.royalmint.com/lunar/year-of-the-horse/lunar-year-of-the-horse-5-oz-gold-proof-coin/?listId=Year_of_the_Horse&listName=Year%20of%20the%20Horse
[26/178#w1] Блок характеристик: div.mod-section.specification — найден, полей в specs: 11
[26/178#w1]   ✓ lunar-year-of-the-horse-5-oz-gold-proof-coin-obv.webp
[26/178#w1]   ✓ lunar-year-of-the-horse-5-oz-gold-proof-coin-rev.webp
[26/178#w1]   ✓ lunar-year-of-the-horse-5-oz-gold-proof-coin-cert.webp
[26/178#w1] [dotenv@17.3.1] injecting env (1) from .env -- tip: ⚙️  load multiple .env files with { path: ['.env.local', '.env'] }
[26/178#w1] __RM_JSON__ /Users/mihail/Desktop/Нумизматика сайт/omonete-app/data/royal-mint-lunar-year-of-the-horse-5-oz-gold-proof-coin.json
[26/178#w1] 
[26/178#w1] Готово: /Users/mihail/Desktop/Нумизматика сайт/omonete-app/data/royal-mint-lunar-year-of-the-horse-5-oz-gold-proof-coin.json
[26/178#w1] Загрузка PDP: https://www.royalmint.com/lunar/year-of-the-horse/lunar-year-of-the-horse-5-oz-gold-proof-coin/?listId=Year_of_the_Horse&listName=Year%20of%20the%20Horse
[26/178#w1] Классификация картинок: {
[26/178#w1]   "obverse": "https://www.royalmint.com/globalassets/_ecommerce/commemorative/launches/2026-launches/lunar---year-of-the-horse/product-images/uk26lhg5---obverse-shadow-edge-f3a2c67.jpg",
[26/178#w1]   "reverse": "https://www.royalmint.com/globalassets/_ecommerce/commemorative/launches/2026-launches/lunar---year-of-the-horse/product-images/uk26lhg5---lunar-year-of-the-horse-2026-uk-5oz-gold-proof-coin-reverse-shadow-edge-1500x1500-f3a2c67.jpg",
[26/178#w1]   "blister_obverse": null,
[26/178#w1]   "blister_reverse": null,
[26/178#w1]   "box": null,
[26/178#w1]   "certificate": "https://www.royalmint.com/globalassets/_ecommerce/commemorative/launches/2026-launches/lunar---year-of-the-horse/product-images/uk26lhg5-coin-case-f3a2c67.jpg"
[26/178#w1] }
[26/178#w1] 
[26/178#w1] ────────── Как увидеть монету на сайте (localhost) ──────────
[26/178#w1] Быстро (парсинг + public/data в один заход): npm run royal-mint:preview
[26/178#w1]   (или уже есть JSON: npx tsx scripts/royal-mint-to-public-catalog.ts "/Users/mihail/Desktop/Нумизматика сайт/omonete-app/data/royal-mint-lunar-year-of-the-horse-5-oz-gold-proof-coin.json")
[26/178#w1] Потом: npm run dev → http://localhost:3000/coins/991001/ (или ROYAL_MINT_LOCAL_ID)
[26/178#w1] Картинки (если скачались): public/image/coins/foreign/ — пути уже в JSON монеты.
[26/178#w1] В БД: npm run royal-mint:import → npm run data:export (или data:export:incremental).

——— старт 27/178#w1 ———
https://www.royalmint.com/lunar/year-of-the-snake/lunar-year-of-the-snake-2025-1-40th-oz-gold-proof-coin/?listId=Year_of_the_Snake&listName=Year%20of%20the%20Snake
[25/178#w2] Блок характеристик: div.mod-section.specification — найден, полей в specs: 11
[25/178#w2]   ✓ lunar-year-of-the-horse-1-oz-gold-proof-coin-cert.webp
[25/178#w2] [dotenv@17.3.1] injecting env (1) from .env -- tip: ⚙️  load multiple .env files with { path: ['.env.local', '.env'] }
[25/178#w2] __RM_JSON__ /Users/mihail/Desktop/Нумизматика сайт/omonete-app/data/royal-mint-lunar-year-of-the-horse-1-oz-gold-proof-coin.json
[25/178#w2] 
[25/178#w2] Готово: /Users/mihail/Desktop/Нумизматика сайт/omonete-app/data/royal-mint-lunar-year-of-the-horse-1-oz-gold-proof-coin.json
[25/178#w2] Загрузка PDP: https://www.royalmint.com/lunar/year-of-the-horse/lunar-year-of-the-horse-1-oz-gold-proof-coin/?listId=Year_of_the_Horse&listName=Year%20of%20the%20Horse
[25/178#w2] Классификация картинок: {
[25/178#w2]   "obverse": null,
[25/178#w2]   "reverse": null,
[25/178#w2]   "blister_obverse": null,
[25/178#w2]   "blister_reverse": null,
[25/178#w2]   "box": null,
[25/178#w2]   "certificate": "https://www.royalmint.com/globalassets/_ecommerce/commemorative/launches/2026-launches/lunar---year-of-the-horse/product-images/uk26lhg1---coin-case-f3a2c67.jpg"
[25/178#w2] }
[25/178#w2] 
[25/178#w2] ────────── Как увидеть монету на сайте (localhost) ──────────
[25/178#w2] Быстро (парсинг + public/data в один заход): npm run royal-mint:preview
[25/178#w2]   (или уже есть JSON: npx tsx scripts/royal-mint-to-public-catalog.ts "/Users/mihail/Desktop/Нумизматика сайт/omonete-app/data/royal-mint-lunar-year-of-the-horse-1-oz-gold-proof-coin.json")
[25/178#w2] Потом: npm run dev → http://localhost:3000/coins/991001/ (или ROYAL_MINT_LOCAL_ID)
[25/178#w2] Картинки (если скачались): public/image/coins/foreign/ — пути уже в JSON монеты.
[25/178#w2] В БД: npm run royal-mint:import → npm run data:export (или data:export:incremental).

——— старт 28/178#w2 ———
https://www.royalmint.com/lunar/year-of-the-snake/lunar-year-of-the-snake-2025-5oz-gold-proof-coin/?listId=Year_of_the_Snake&listName=Year%20of%20the%20Snake
[27/178#w1] Блок характеристик: div.mod-section.specification — найден, полей в specs: 11
[27/178#w1]   ✓ lunar-year-of-the-snake-2025-1-40th-oz-gold-proof-coin-obv.webp
[27/178#w1]   ✓ lunar-year-of-the-snake-2025-1-40th-oz-gold-proof-coin-rev.webp
[27/178#w1] [dotenv@17.3.1] injecting env (1) from .env -- tip: 🔐 encrypt with Dotenvx: https://dotenvx.com
[27/178#w1] __RM_JSON__ /Users/mihail/Desktop/Нумизматика сайт/omonete-app/data/royal-mint-lunar-year-of-the-snake-2025-1-40th-oz-gold-proof-coin.json
[27/178#w1] 
[27/178#w1] Готово: /Users/mihail/Desktop/Нумизматика сайт/omonete-app/data/royal-mint-lunar-year-of-the-snake-2025-1-40th-oz-gold-proof-coin.json
[27/178#w1] Загрузка PDP: https://www.royalmint.com/lunar/year-of-the-snake/lunar-year-of-the-snake-2025-1-40th-oz-gold-proof-coin/?listId=Year_of_the_Snake&listName=Year%20of%20the%20Snake
[27/178#w1] Классификация картинок: {
[27/178#w1]   "obverse": "https://www.royalmint.com/globalassets/_ecommerce/commemorative/launches/2025-launches/lunar---year-of-the-snake/uk25ls40g-lunar-year-of-the-snake-2025-uk-1-40th-oz-gold-proof-coin-obverse-in-card--1500x1500-f3a2c67.jpg",
[27/178#w1]   "reverse": "https://www.royalmint.com/globalassets/_ecommerce/commemorative/launches/2025-launches/lunar---year-of-the-snake/uk25ls40g-lunar-year-of-the-snake-2025-uk-1-40th-oz-gold-proof-coin-reverse-in-card--1500x1500-f3a2c67.jpg",
[27/178#w1]   "blister_obverse": null,
[27/178#w1]   "blister_reverse": null,
[27/178#w1]   "box": null,
[27/178#w1]   "certificate": null
[27/178#w1] }
[27/178#w1] 
[27/178#w1] ────────── Как увидеть монету на сайте (localhost) ──────────
[27/178#w1] Быстро (парсинг + public/data в один заход): npm run royal-mint:preview
[27/178#w1]   (или уже есть JSON: npx tsx scripts/royal-mint-to-public-catalog.ts "/Users/mihail/Desktop/Нумизматика сайт/omonete-app/data/royal-mint-lunar-year-of-the-snake-2025-1-40th-oz-gold-proof-coin.json")
[27/178#w1] Потом: npm run dev → http://localhost:3000/coins/991001/ (или ROYAL_MINT_LOCAL_ID)
[27/178#w1] Картинки (если скачались): public/image/coins/foreign/ — пути уже в JSON монеты.
[27/178#w1] В БД: npm run royal-mint:import → npm run data:export (или data:export:incremental).

——— старт 29/178#w1 ———
https://www.royalmint.com/shop/coin-sets/2011-Elizabeth-II-Altius-Olympic-Three-Coin-Gold-Proof-Set
[28/178#w2] Блок характеристик: div.mod-section.specification — найден, полей в specs: 11
[28/178#w2]   ✓ lunar-year-of-the-snake-2025-5oz-gold-proof-coin-obv.webp
[28/178#w2]   ✓ lunar-year-of-the-snake-2025-5oz-gold-proof-coin-rev.webp
[28/178#w2]   ✓ lunar-year-of-the-snake-2025-5oz-gold-proof-coin-box.webp
[28/178#w2]   ✓ lunar-year-of-the-snake-2025-5oz-gold-proof-coin-cert.webp
[28/178#w2] [dotenv@17.3.1] injecting env (1) from .env -- tip: 🛡️ auth for agents: https://vestauth.com
[28/178#w2] __RM_JSON__ /Users/mihail/Desktop/Нумизматика сайт/omonete-app/data/royal-mint-lunar-year-of-the-snake-2025-5oz-gold-proof-coin.json
[28/178#w2] 
[28/178#w2] Готово: /Users/mihail/Desktop/Нумизматика сайт/omonete-app/data/royal-mint-lunar-year-of-the-snake-2025-5oz-gold-proof-coin.json
[28/178#w2] Загрузка PDP: https://www.royalmint.com/lunar/year-of-the-snake/lunar-year-of-the-snake-2025-5oz-gold-proof-coin/?listId=Year_of_the_Snake&listName=Year%20of%20the%20Snake
[28/178#w2] Классификация картинок: {
[28/178#w2]   "obverse": "https://www.royalmint.com/globalassets/_ecommerce/commemorative/launches/2025-launches/lunar---year-of-the-snake/uk25lsg5-tlunar-year-of-the-snake-2025-uk-5oz-gold-proof-coin-obverse-edge-1500x1500-f3a2c67.jpg",
[28/178#w2]   "reverse": "https://www.royalmint.com/globalassets/_ecommerce/commemorative/launches/2025-launches/lunar---year-of-the-snake/uk25lsg5-tlunar-year-of-the-snake-2025-uk-5oz-gold-proof-coin--reverse-edge-1500x1500-f3a2c67.jpg",
[28/178#w2]   "blister_obverse": null,
[28/178#w2]   "blister_reverse": null,
[28/178#w2]   "box": "https://www.royalmint.com/globalassets/_ecommerce/commemorative/launches/2025-launches/lunar---year-of-the-snake/uk25lsg5-tlunar-year-of-the-snake-2025-uk-5oz-gold-proof-coin-case-left-1500x1500-f3a2c67.jpg",
[28/178#w2]   "certificate": "https://www.royalmint.com/globalassets/_ecommerce/commemorative/launches/2025-launches/lunar---year-of-the-snake/uk25lsg5-lunar-year-of-the-snake-2025-uk-5oz-gold-proof-coin-carton-upright-1500x1500-f3a2c67.jpg"
[28/178#w2] }
[28/178#w2] 
[28/178#w2] ────────── Как увидеть монету на сайте (localhost) ──────────
[28/178#w2] Быстро (парсинг + public/data в один заход): npm run royal-mint:preview
[28/178#w2]   (или уже есть JSON: npx tsx scripts/royal-mint-to-public-catalog.ts "/Users/mihail/Desktop/Нумизматика сайт/omonete-app/data/royal-mint-lunar-year-of-the-snake-2025-5oz-gold-proof-coin.json")
[28/178#w2] Потом: npm run dev → http://localhost:3000/coins/991001/ (или ROYAL_MINT_LOCAL_ID)
[28/178#w2] Картинки (если скачались): public/image/coins/foreign/ — пути уже в JSON монеты.
[28/178#w2] В БД: npm run royal-mint:import → npm run data:export (или data:export:incremental).

——— старт 30/178#w2 ———
https://www.royalmint.com/shop/coin-sets/2012-London-Olympic-Paralympic-Gold-Proof-5-two-coin-set
[29/178#w1] Блок характеристик: div.mod-section.specification — найден, полей в specs: 9
[29/178#w1]   ✓ 2011-elizabeth-ii-altius-olympic-three-coin-gold-proof-set-obv.webp
[29/178#w1]   ✓ 2011-elizabeth-ii-altius-olympic-three-coin-gold-proof-set-rev.webp
[29/178#w1] [dotenv@17.3.1] injecting env (1) from .env -- tip: 🔐 encrypt with Dotenvx: https://dotenvx.com
[29/178#w1] __RM_JSON__ /Users/mihail/Desktop/Нумизматика сайт/omonete-app/data/royal-mint-2011-elizabeth-ii-altius-olympic-three-coin-gold-proof-set.json
[29/178#w1] 
[29/178#w1] Готово: /Users/mihail/Desktop/Нумизматика сайт/omonete-app/data/royal-mint-2011-elizabeth-ii-altius-olympic-three-coin-gold-proof-set.json
[29/178#w1] Загрузка PDP: https://www.royalmint.com/shop/coin-sets/2011-Elizabeth-II-Altius-Olympic-Three-Coin-Gold-Proof-Set
[29/178#w1] Классификация картинок: {
[29/178#w1]   "obverse": "https://www.royalmint.com/globalassets/__rebrand/_structure/shop/editions/_historic-coins/_product-image/hise02012tcs-altius-set-jupiter-obverse.jpg",
[29/178#w1]   "reverse": "https://www.royalmint.com/globalassets/__rebrand/_structure/shop/editions/_historic-coins/_product-image/hise02012tcs-altius-set-jupiter-reverse.jpg",
[29/178#w1]   "blister_obverse": null,
[29/178#w1]   "blister_reverse": null,
[29/178#w1]   "box": null,
[29/178#w1]   "certificate": null
[29/178#w1] }
[29/178#w1] 
[29/178#w1] ────────── Как увидеть монету на сайте (localhost) ──────────
[29/178#w1] Быстро (парсинг + public/data в один заход): npm run royal-mint:preview
[29/178#w1]   (или уже есть JSON: npx tsx scripts/royal-mint-to-public-catalog.ts "/Users/mihail/Desktop/Нумизматика сайт/omonete-app/data/royal-mint-2011-elizabeth-ii-altius-olympic-three-coin-gold-proof-set.json")
[29/178#w1] Потом: npm run dev → http://localhost:3000/coins/991001/ (или ROYAL_MINT_LOCAL_ID)
[29/178#w1] Картинки (если скачались): public/image/coins/foreign/ — пути уже в JSON монеты.
[29/178#w1] В БД: npm run royal-mint:import → npm run data:export (или data:export:incremental).

——— старт 31/178#w1 ———
https://www.royalmint.com/shop/coin-sets/George-III-Two-Coin-Set
[30/178#w2] Блок характеристик: div.mod-section.specification — найден, полей в specs: 5
[30/178#w2] [dotenv@17.3.1] injecting env (1) from .env -- tip: ⚙️  load multiple .env files with { path: ['.env.local', '.env'] }
[30/178#w2] __RM_JSON__ /Users/mihail/Desktop/Нумизматика сайт/omonete-app/data/royal-mint-2012-london-olympic-paralympic-gold-proof-5-two-coin-set.json
[30/178#w2] 
[30/178#w2] Готово: /Users/mihail/Desktop/Нумизматика сайт/omonete-app/data/royal-mint-2012-london-olympic-paralympic-gold-proof-5-two-coin-set.json
[30/178#w2] Загрузка PDP: https://www.royalmint.com/shop/coin-sets/2012-London-Olympic-Paralympic-Gold-Proof-5-two-coin-set
[30/178#w2] Классификация картинок: {
[30/178#w2]   "obverse": null,
[30/178#w2]   "reverse": null,
[30/178#w2]   "blister_obverse": null,
[30/178#w2]   "blister_reverse": null,
[30/178#w2]   "box": null,
[30/178#w2]   "certificate": null
[30/178#w2] }
[30/178#w2] 
[30/178#w2] ────────── Как увидеть монету на сайте (localhost) ──────────
[30/178#w2] Быстро (парсинг + public/data в один заход): npm run royal-mint:preview
[30/178#w2]   (или уже есть JSON: npx tsx scripts/royal-mint-to-public-catalog.ts "/Users/mihail/Desktop/Нумизматика сайт/omonete-app/data/royal-mint-2012-london-olympic-paralympic-gold-proof-5-two-coin-set.json")
[30/178#w2] Потом: npm run dev → http://localhost:3000/coins/991001/ (или ROYAL_MINT_LOCAL_ID)
[30/178#w2] Картинки (если скачались): public/image/coins/foreign/ — пути уже в JSON монеты.
[30/178#w2] В БД: npm run royal-mint:import → npm run data:export (или data:export:incremental).

——— старт 32/178#w2 ———
https://www.royalmint.com/shop/coin-sets/The-Evolution-of-Coinage-Premium-Six-Coin-Set
[31/178#w1] Блок характеристик: div.mod-section.specification — найден, полей в specs: 11
[31/178#w1]   ✓ george-iii-two-coin-set-obv.webp
[31/178#w1]   ✓ george-iii-two-coin-set-rev.webp
[31/178#w1]   ✓ george-iii-two-coin-set-box.webp
[31/178#w1]   ✓ george-iii-two-coin-set-cert.webp
[31/178#w1] [dotenv@17.3.1] injecting env (1) from .env -- tip: 🔐 encrypt with Dotenvx: https://dotenvx.com
[31/178#w1] __RM_JSON__ /Users/mihail/Desktop/Нумизматика сайт/omonete-app/data/royal-mint-george-iii-two-coin-set.json
[31/178#w1] 
[31/178#w1] Готово: /Users/mihail/Desktop/Нумизматика сайт/omonete-app/data/royal-mint-george-iii-two-coin-set.json
[31/178#w1] Загрузка PDP: https://www.royalmint.com/shop/coin-sets/George-III-Two-Coin-Set
[31/178#w1] Классификация картинок: {
[31/178#w1]   "obverse": "https://www.royalmint.com/globalassets/__rebrand/_structure/shop/editions/_historic-coins/_product-image/hisg3set-queen-elizabeth-ii-sovereign-obverse.jpg",
[31/178#w1]   "reverse": "https://www.royalmint.com/globalassets/__rebrand/_structure/shop/editions/_historic-coins/_product-image/hisg3set-queen-elizabeth-ii-sovereign-reverse-cutout2.jpg",
[31/178#w1]   "blister_obverse": null,
[31/178#w1]   "blister_reverse": null,
[31/178#w1]   "box": "https://www.royalmint.com/globalassets/__rebrand/_structure/shop/editions/_historic-coins/_product-image/hisg3set-george-iii-two-coin-set-case-right.jpg",
[31/178#w1]   "certificate": "https://www.royalmint.com/globalassets/__rebrand/_structure/shop/editions/_historic-coins/_product-image/hisg3set-george-iii-two-coin-set-carton-upright.jpg"
[31/178#w1] }
[31/178#w1] 
[31/178#w1] ────────── Как увидеть монету на сайте (localhost) ──────────
[31/178#w1] Быстро (парсинг + public/data в один заход): npm run royal-mint:preview
[31/178#w1]   (или уже есть JSON: npx tsx scripts/royal-mint-to-public-catalog.ts "/Users/mihail/Desktop/Нумизматика сайт/omonete-app/data/royal-mint-george-iii-two-coin-set.json")
[31/178#w1] Потом: npm run dev → http://localhost:3000/coins/991001/ (или ROYAL_MINT_LOCAL_ID)
[31/178#w1] Картинки (если скачались): public/image/coins/foreign/ — пути уже в JSON монеты.
[31/178#w1] В БД: npm run royal-mint:import → npm run data:export (или data:export:incremental).
[32/178#w2] Блок характеристик: div.mod-section.specification — найден, полей в specs: 10

——— старт 33/178#w1 ———
https://www.royalmint.com/shop/limited-editions/100th-anniversary-of-the-birth-of-queen-elizabeth-ii/100th-anniversary-of-the-birth-of-queen-elizabeth-ii-2026-gold-proof-coin
[32/178#w2]   ✓ the-evolution-of-coinage-premium-six-coin-set-obv.webp
[32/178#w2]   ✓ the-evolution-of-coinage-premium-six-coin-set-rev.webp
[32/178#w2]   ✓ the-evolution-of-coinage-premium-six-coin-set-cert.webp
[32/178#w2] [dotenv@17.3.1] injecting env (1) from .env -- tip: 🛠️  run anywhere with `dotenvx run -- yourcommand`
[32/178#w2] __RM_JSON__ /Users/mihail/Desktop/Нумизматика сайт/omonete-app/data/royal-mint-the-evolution-of-coinage-premium-six-coin-set.json
[32/178#w2] 
[32/178#w2] Готово: /Users/mihail/Desktop/Нумизматика сайт/omonete-app/data/royal-mint-the-evolution-of-coinage-premium-six-coin-set.json
[32/178#w2] Загрузка PDP: https://www.royalmint.com/shop/coin-sets/The-Evolution-of-Coinage-Premium-Six-Coin-Set
[32/178#w2] Классификация картинок: {
[32/178#w2]   "obverse": "https://www.royalmint.com/globalassets/__rebrand/_structure/shop/editions/_historic-coins/_product-image/hisecpst---the-evolution-of-coinage-6-coin-set-obverse-1500x1500-f3a2c67.jpg",
[32/178#w2]   "reverse": "https://www.royalmint.com/globalassets/__rebrand/_structure/shop/editions/_historic-coins/_product-image/hisecpst---the-evolution-of-coinage-6-coin-set-reverse-1500x1500-f3a2c67.jpg",
[32/178#w2]   "blister_obverse": null,
[32/178#w2]   "blister_reverse": null,
[32/178#w2]   "box": null,
[32/178#w2]   "certificate": "https://www.royalmint.com/globalassets/__rebrand/_structure/shop/editions/_historic-coins/_product-image/hisecpst---the-evolution-of-coinage-6-coin-set-case-closed-1500x1500-f3a2c67.jpg"
[32/178#w2] }
[32/178#w2] 
[32/178#w2] ────────── Как увидеть монету на сайте (localhost) ──────────
[32/178#w2] Быстро (парсинг + public/data в один заход): npm run royal-mint:preview
[32/178#w2]   (или уже есть JSON: npx tsx scripts/royal-mint-to-public-catalog.ts "/Users/mihail/Desktop/Нумизматика сайт/omonete-app/data/royal-mint-the-evolution-of-coinage-premium-six-coin-set.json")
[32/178#w2] Потом: npm run dev → http://localhost:3000/coins/991001/ (или ROYAL_MINT_LOCAL_ID)
[32/178#w2] Картинки (если скачались): public/image/coins/foreign/ — пути уже в JSON монеты.
[32/178#w2] В БД: npm run royal-mint:import → npm run data:export (или data:export:incremental).

——— старт 34/178#w2 ———
https://www.royalmint.com/shop/limited-editions/100th-anniversary-of-the-birth-of-queen-elizabeth-ii/100th-anniversary-of-the-birth-of-queen-elizabeth-ii-2026-strike-on-the-day-sovereign
[33/178#w1] Блок характеристик: div.mod-section.specification — найден, полей в specs: 12
[33/178#w1]   ✓ 100th-anniversary-of-the-birth-of-queen-elizabeth-ii-2026-gold-proof-coin-obv.webp
[34/178#w2] Блок характеристик: div.mod-section.specification — найден, полей в specs: 10
[33/178#w1]   ✓ 100th-anniversary-of-the-birth-of-queen-elizabeth-ii-2026-gold-proof-coin-rev.webp
[33/178#w1]   ✓ 100th-anniversary-of-the-birth-of-queen-elizabeth-ii-2026-gold-proof-coin-cert.webp
[33/178#w1] [dotenv@17.3.1] injecting env (1) from .env -- tip: ⚙️  write to custom object with { processEnv: myObject }
[33/178#w1] __RM_JSON__ /Users/mihail/Desktop/Нумизматика сайт/omonete-app/data/royal-mint-100th-anniversary-of-the-birth-of-queen-elizabeth-ii-2026-gold-proof-coin.json
[33/178#w1] 
[33/178#w1] Готово: /Users/mihail/Desktop/Нумизматика сайт/omonete-app/data/royal-mint-100th-anniversary-of-the-birth-of-queen-elizabeth-ii-2026-gold-proof-coin.json
[33/178#w1] Загрузка PDP: https://www.royalmint.com/shop/limited-editions/100th-anniversary-of-the-birth-of-queen-elizabeth-ii/100th-anniversary-of-the-birth-of-queen-elizabeth-ii-2026-gold-proof-coin
[33/178#w1] Классификация картинок: {
[33/178#w1]   "obverse": "https://www.royalmint.com/globalassets/_ecommerce/commemorative/launches/2026-launches/100th-anniversary-of-birth-of-qeii/product-images/uk26qegp---100th-anniversary-of-the-birth-of-queen-elizabeth-ii-2026-uk-5-gold-proof-coin-obverse-edge.jpg",
[33/178#w1]   "reverse": "https://www.royalmint.com/globalassets/_ecommerce/commemorative/launches/2026-launches/100th-anniversary-of-birth-of-qeii/product-images/uk26qegp---100th-anniversary-of-the-birth-of-queen-elizabeth-ii-2026-uk-5-gold-proof-coin-reverse-upright-with-shadow.jpg",
[33/178#w1]   "blister_obverse": null,
[33/178#w1]   "blister_reverse": null,
[33/178#w1]   "box": null,
[33/178#w1]   "certificate": "https://www.royalmint.com/globalassets/_ecommerce/commemorative/launches/2026-launches/100th-anniversary-of-birth-of-qeii/product-images/uk26qegp100th-anniversary-of-the-birth-of-queen-elizabeth-ii-2026-uk-5-gold-proof-coin-case.jpg"
[33/178#w1] }
[33/178#w1] 
[33/178#w1] ────────── Как увидеть монету на сайте (localhost) ──────────
[33/178#w1] Быстро (парсинг + public/data в один заход): npm run royal-mint:preview
[33/178#w1]   (или уже есть JSON: npx tsx scripts/royal-mint-to-public-catalog.ts "/Users/mihail/Desktop/Нумизматика сайт/omonete-app/data/royal-mint-100th-anniversary-of-the-birth-of-queen-elizabeth-ii-2026-gold-proof-coin.json")
[33/178#w1] Потом: npm run dev → http://localhost:3000/coins/991001/ (или ROYAL_MINT_LOCAL_ID)
[33/178#w1] Картинки (если скачались): public/image/coins/foreign/ — пути уже в JSON монеты.
[33/178#w1] В БД: npm run royal-mint:import → npm run data:export (или data:export:incremental).

——— старт 35/178#w1 ———
https://www.royalmint.com/shop/limited-editions/150-years-of-liberty/150-years-of-liberty-2025-gold-proof-coin
[34/178#w2]   ✓ 100th-anniversary-of-the-birth-of-queen-elizabeth-ii-2026-strike-on-the-day-sovereign-obv.webp
[34/178#w2]   ✓ 100th-anniversary-of-the-birth-of-queen-elizabeth-ii-2026-strike-on-the-day-sovereign-rev.webp
[34/178#w2]   ✓ 100th-anniversary-of-the-birth-of-queen-elizabeth-ii-2026-strike-on-the-day-sovereign-cert.webp
[34/178#w2] [dotenv@17.3.1] injecting env (1) from .env -- tip: 🔐 encrypt with Dotenvx: https://dotenvx.com
[34/178#w2] __RM_JSON__ /Users/mihail/Desktop/Нумизматика сайт/omonete-app/data/royal-mint-100th-anniversary-of-the-birth-of-queen-elizabeth-ii-2026-strike-on-the-day-sovereign.json
[34/178#w2] 
[34/178#w2] Готово: /Users/mihail/Desktop/Нумизматика сайт/omonete-app/data/royal-mint-100th-anniversary-of-the-birth-of-queen-elizabeth-ii-2026-strike-on-the-day-sovereign.json
[34/178#w2] Загрузка PDP: https://www.royalmint.com/shop/limited-editions/100th-anniversary-of-the-birth-of-queen-elizabeth-ii/100th-anniversary-of-the-birth-of-queen-elizabeth-ii-2026-strike-on-the-day-sovereign
[34/178#w2] Классификация картинок: {
[34/178#w2]   "obverse": "https://www.royalmint.com/globalassets/_ecommerce/commemorative/launches/2026-launches/100th-anniversary-of-birth-of-qeii/product-images/qeii-sotd-sovereign-obverse.jpg",
[34/178#w2]   "reverse": "https://www.royalmint.com/globalassets/_ecommerce/commemorative/launches/2026-launches/100th-anniversary-of-birth-of-qeii/product-images/qeii-100-years-stod-sovereign-reverse.jpg",
[34/178#w2]   "blister_obverse": null,
[34/178#w2]   "blister_reverse": null,
[34/178#w2]   "box": null,
[34/178#w2]   "certificate": "https://www.royalmint.com/globalassets/_ecommerce/commemorative/launches/2026-launches/100th-anniversary-of-birth-of-qeii/product-images/uk26qesotd---100th-anniversary-of-the-birth-of-queen-elizabeth-ii-2026-strike-on-the-day-sovereign-case.jpg"
[34/178#w2] }
[34/178#w2] 
[34/178#w2] ────────── Как увидеть монету на сайте (localhost) ──────────
[34/178#w2] Быстро (парсинг + public/data в один заход): npm run royal-mint:preview
[34/178#w2]   (или уже есть JSON: npx tsx scripts/royal-mint-to-public-catalog.ts "/Users/mihail/Desktop/Нумизматика сайт/omonete-app/data/royal-mint-100th-anniversary-of-the-birth-of-queen-elizabeth-ii-2026-strike-on-the-day-sovereign.json")
[34/178#w2] Потом: npm run dev → http://localhost:3000/coins/991001/ (или ROYAL_MINT_LOCAL_ID)
[34/178#w2] Картинки (если скачались): public/image/coins/foreign/ — пути уже в JSON монеты.
[34/178#w2] В БД: npm run royal-mint:import → npm run data:export (или data:export:incremental).

——— старт 36/178#w2 ———
https://www.royalmint.com/shop/limited-editions/200-years-of-the-modern-railway/200-years-of-the-modern-railway-2025-two-pound-gold-proof-coin
[35/178#w1] Блок характеристик: div.mod-section.specification — найден, полей в specs: 10
[35/178#w1]   ✓ 150-years-of-liberty-2025-gold-proof-coin-obv.webp
[35/178#w1]   ✓ 150-years-of-liberty-2025-gold-proof-coin-rev.webp
[36/178#w2] Блок характеристик: div.mod-section.specification — найден, полей в specs: 12
[35/178#w1]   ✓ 150-years-of-liberty-2025-gold-proof-coin-cert.webp
[35/178#w1] [dotenv@17.3.1] injecting env (1) from .env -- tip: ⚙️  write to custom object with { processEnv: myObject }
[35/178#w1] __RM_JSON__ /Users/mihail/Desktop/Нумизматика сайт/omonete-app/data/royal-mint-150-years-of-liberty-2025-gold-proof-coin.json
[35/178#w1] 
[35/178#w1] Готово: /Users/mihail/Desktop/Нумизматика сайт/omonete-app/data/royal-mint-150-years-of-liberty-2025-gold-proof-coin.json
[35/178#w1] Загрузка PDP: https://www.royalmint.com/shop/limited-editions/150-years-of-liberty/150-years-of-liberty-2025-gold-proof-coin
[35/178#w1] Классификация картинок: {
[35/178#w1]   "obverse": "https://www.royalmint.com/globalassets/_ecommerce/commemorative/launches/2025-launches/liberty-london/product-images/uk25llgp-t150-years-of-liberty-2025-gbp5-gold-proof-coin-obverse-with-edge-1500x1500-f3a2c67.jpg",
[35/178#w1]   "reverse": "https://www.royalmint.com/globalassets/_ecommerce/commemorative/launches/2025-launches/liberty-london/product-images/uk25llgp-t150-years-of-liberty-2025-gbp5-gold-proof-coin-reverse-with-edge-1500x1500-f3a2c67.jpg",
[35/178#w1]   "blister_obverse": null,
[35/178#w1]   "blister_reverse": null,
[35/178#w1]   "box": null,
[35/178#w1]   "certificate": "https://www.royalmint.com/globalassets/_ecommerce/commemorative/launches/2025-launches/liberty-london/product-images/uk25llgp---150-years-of-liberty-2025-gbp5-gold-proof-coin-carton-1500x1500-f3a2c67.jpg"
[35/178#w1] }
[35/178#w1] 
[35/178#w1] ────────── Как увидеть монету на сайте (localhost) ──────────
[35/178#w1] Быстро (парсинг + public/data в один заход): npm run royal-mint:preview
[35/178#w1]   (или уже есть JSON: npx tsx scripts/royal-mint-to-public-catalog.ts "/Users/mihail/Desktop/Нумизматика сайт/omonete-app/data/royal-mint-150-years-of-liberty-2025-gold-proof-coin.json")
[35/178#w1] Потом: npm run dev → http://localhost:3000/coins/991001/ (или ROYAL_MINT_LOCAL_ID)
[35/178#w1] Картинки (если скачались): public/image/coins/foreign/ — пути уже в JSON монеты.
[35/178#w1] В БД: npm run royal-mint:import → npm run data:export (или data:export:incremental).

——— старт 37/178#w1 ———
https://www.royalmint.com/shop/limited-editions/200-years-of-the-modern-railway/200-years-of-the-modern-railway-premium-set
[36/178#w2]   ✓ 200-years-of-the-modern-railway-2025-two-pound-gold-proof-coin-obv.webp
[36/178#w2]   ✓ 200-years-of-the-modern-railway-2025-two-pound-gold-proof-coin-rev.webp
[36/178#w2]   ✓ 200-years-of-the-modern-railway-2025-two-pound-gold-proof-coin-cert.webp
[36/178#w2] [dotenv@17.3.1] injecting env (1) from .env -- tip: ⚙️  enable debug logging with { debug: true }
[36/178#w2] __RM_JSON__ /Users/mihail/Desktop/Нумизматика сайт/omonete-app/data/royal-mint-200-years-of-the-modern-railway-2025-two-pound-gold-proof-coin.json
[36/178#w2] 
[36/178#w2] Готово: /Users/mihail/Desktop/Нумизматика сайт/omonete-app/data/royal-mint-200-years-of-the-modern-railway-2025-two-pound-gold-proof-coin.json
[36/178#w2] Загрузка PDP: https://www.royalmint.com/shop/limited-editions/200-years-of-the-modern-railway/200-years-of-the-modern-railway-2025-two-pound-gold-proof-coin
[36/178#w2] Классификация картинок: {
[36/178#w2]   "obverse": "https://www.royalmint.com/globalassets/_ecommerce/commemorative/launches/2025-launches/modern-railway/product-images/uk25ttgp---200-years-of-the-modern-railway-2025-uk-2-gold-proof-coin-obverse-edge---1500x1500-f3a2c67.jpg",
[36/178#w2]   "reverse": "https://www.royalmint.com/globalassets/_ecommerce/commemorative/launches/2025-launches/modern-railway/product-images/uk25ttgp---200-years-of-the-modern-railway-2025-uk-2-gold-proof-coin-reverse-edge---1500x1500-f3a2c67.jpg",
[36/178#w2]   "blister_obverse": null,
[36/178#w2]   "blister_reverse": null,
[36/178#w2]   "box": null,
[36/178#w2]   "certificate": "https://www.royalmint.com/globalassets/_ecommerce/commemorative/launches/2025-launches/modern-railway/product-images/uk25ttbu---200-years-of-the-modern-railway-2025-uk-2-brilliant-uncirculated-coin-carton---1500x1500-f3a2c67.jpg"
[36/178#w2] }
[36/178#w2] 
[36/178#w2] ────────── Как увидеть монету на сайте (localhost) ──────────
[36/178#w2] Быстро (парсинг + public/data в один заход): npm run royal-mint:preview
[36/178#w2]   (или уже есть JSON: npx tsx scripts/royal-mint-to-public-catalog.ts "/Users/mihail/Desktop/Нумизматика сайт/omonete-app/data/royal-mint-200-years-of-the-modern-railway-2025-two-pound-gold-proof-coin.json")
[36/178#w2] Потом: npm run dev → http://localhost:3000/coins/991001/ (или ROYAL_MINT_LOCAL_ID)
[36/178#w2] Картинки (если скачались): public/image/coins/foreign/ — пути уже в JSON монеты.
[36/178#w2] В БД: npm run royal-mint:import → npm run data:export (или data:export:incremental).

——— старт 38/178#w2 ———
https://www.royalmint.com/shop/limited-editions/concorde/concorde-2026-50p-gold-proof-coin
[37/178#w1] Блок характеристик: div.mod-section.specification — найден, полей в specs: 11
[37/178#w1]   ✓ 200-years-of-the-modern-railway-premium-set-obv.webp
[38/178#w2] Блок характеристик: div.mod-section.specification — найден, полей в specs: 10
[37/178#w1]   ✓ 200-years-of-the-modern-railway-premium-set-rev.webp
[38/178#w2]   ✓ concorde-2026-50p-gold-proof-coin-obv.webp
[37/178#w1]   ✓ 200-years-of-the-modern-railway-premium-set-cert.webp
[37/178#w1] [dotenv@17.3.1] injecting env (1) from .env -- tip: 🔐 prevent committing .env to code: https://dotenvx.com/precommit
[37/178#w1] __RM_JSON__ /Users/mihail/Desktop/Нумизматика сайт/omonete-app/data/royal-mint-200-years-of-the-modern-railway-premium-set.json
[37/178#w1] 
[37/178#w1] Готово: /Users/mihail/Desktop/Нумизматика сайт/omonete-app/data/royal-mint-200-years-of-the-modern-railway-premium-set.json
[37/178#w1] Загрузка PDP: https://www.royalmint.com/shop/limited-editions/200-years-of-the-modern-railway/200-years-of-the-modern-railway-premium-set
[37/178#w1] Классификация картинок: {
[37/178#w1]   "obverse": "https://www.royalmint.com/globalassets/_ecommerce/commemorative/launches/2025-launches/modern-railway/product-images/hisg4sb-1825-george-iv-ag-obverse-1500x1500-f3a2c67.jpg",
[37/178#w1]   "reverse": "https://www.royalmint.com/globalassets/_ecommerce/commemorative/launches/2025-launches/modern-railway/product-images/hisg4sb-1825-george-iv-ag-reverse-1500x1500-f3a2c67.jpg",
[37/178#w1]   "blister_obverse": null,
[37/178#w1]   "blister_reverse": null,
[37/178#w1]   "box": null,
[37/178#w1]   "certificate": "https://www.royalmint.com/globalassets/_ecommerce/commemorative/launches/2025-launches/modern-railway/product-images/his25tgs-t200-years-of-the-modern-railway-premium-set-carton-1500x1500-f3a2c67.jpg"
[37/178#w1] }
[37/178#w1] 
[37/178#w1] ────────── Как увидеть монету на сайте (localhost) ──────────
[37/178#w1] Быстро (парсинг + public/data в один заход): npm run royal-mint:preview
[37/178#w1]   (или уже есть JSON: npx tsx scripts/royal-mint-to-public-catalog.ts "/Users/mihail/Desktop/Нумизматика сайт/omonete-app/data/royal-mint-200-years-of-the-modern-railway-premium-set.json")
[37/178#w1] Потом: npm run dev → http://localhost:3000/coins/991001/ (или ROYAL_MINT_LOCAL_ID)
[37/178#w1] Картинки (если скачались): public/image/coins/foreign/ — пути уже в JSON монеты.
[37/178#w1] В БД: npm run royal-mint:import → npm run data:export (или data:export:incremental).

——— старт 39/178#w1 ———
https://www.royalmint.com/shop/limited-editions/dennis-the-menace/75-years-of-dennis-the-menace-2026-50p-gold-proof-coin
[38/178#w2]   ✓ concorde-2026-50p-gold-proof-coin-rev.webp
[38/178#w2]   ✓ concorde-2026-50p-gold-proof-coin-cert.webp
[38/178#w2] [dotenv@17.3.1] injecting env (1) from .env -- tip: ⚡️ secrets for agents: https://dotenvx.com/as2
[38/178#w2] __RM_JSON__ /Users/mihail/Desktop/Нумизматика сайт/omonete-app/data/royal-mint-concorde-2026-50p-gold-proof-coin.json
[38/178#w2] 
[38/178#w2] Готово: /Users/mihail/Desktop/Нумизматика сайт/omonete-app/data/royal-mint-concorde-2026-50p-gold-proof-coin.json
[38/178#w2] Загрузка PDP: https://www.royalmint.com/shop/limited-editions/concorde/concorde-2026-50p-gold-proof-coin
[38/178#w2] Классификация картинок: {
[38/178#w2]   "obverse": "https://www.royalmint.com/globalassets/_ecommerce/commemorative/launches/2026-launches/concorde/product-images/uk26ccgpconcorde-2026-uk-50p-gold-proof-coin-obverse-with-edge.jpg",
[38/178#w2]   "reverse": "https://www.royalmint.com/globalassets/_ecommerce/commemorative/launches/2026-launches/concorde/product-images/uk26ccgpconcorde-2026-uk-50p-gold-proof-coin-reverse-with-edge.jpg",
[38/178#w2]   "blister_obverse": null,
[38/178#w2]   "blister_reverse": null,
[38/178#w2]   "box": null,
[38/178#w2]   "certificate": "https://www.royalmint.com/globalassets/_ecommerce/commemorative/launches/2026-launches/concorde/product-images/uk26ccgp-uk26ccsp-uk26ccspf-concorde-2026-uk-50p-carton.jpg"
[38/178#w2] }
[38/178#w2] 
[38/178#w2] ────────── Как увидеть монету на сайте (localhost) ──────────
[38/178#w2] Быстро (парсинг + public/data в один заход): npm run royal-mint:preview
[38/178#w2]   (или уже есть JSON: npx tsx scripts/royal-mint-to-public-catalog.ts "/Users/mihail/Desktop/Нумизматика сайт/omonete-app/data/royal-mint-concorde-2026-50p-gold-proof-coin.json")
[38/178#w2] Потом: npm run dev → http://localhost:3000/coins/991001/ (или ROYAL_MINT_LOCAL_ID)
[38/178#w2] Картинки (если скачались): public/image/coins/foreign/ — пути уже в JSON монеты.
[38/178#w2] В БД: npm run royal-mint:import → npm run data:export (или data:export:incremental).

——— старт 40/178#w2 ———
https://www.royalmint.com/shop/limited-editions/music-legends/spice-girls/the-spice-girls-2026-UK-1-4oz-gold-proof-coin
[39/178#w1] Блок характеристик: div.mod-section.specification — найден, полей в specs: 10
[40/178#w2] Блок характеристик: div.mod-section.specification — найден, полей в specs: 11
[39/178#w1]   ✓ 75-years-of-dennis-the-menace-2026-50p-gold-proof-coin-obv.webp
[40/178#w2]   ✓ the-spice-girls-2026-uk-1-4oz-gold-proof-coin-obv.webp
[39/178#w1]   ✓ 75-years-of-dennis-the-menace-2026-50p-gold-proof-coin-rev.webp
[39/178#w1]   ✓ 75-years-of-dennis-the-menace-2026-50p-gold-proof-coin-cert.webp
[39/178#w1] [dotenv@17.3.1] injecting env (1) from .env -- tip: ⚙️  suppress all logs with { quiet: true }
[40/178#w2]   ✓ the-spice-girls-2026-uk-1-4oz-gold-proof-coin-rev.webp
[40/178#w2] [dotenv@17.3.1] injecting env (1) from .env -- tip: 🤖 agentic secret storage: https://dotenvx.com/as2
[39/178#w1] __RM_JSON__ /Users/mihail/Desktop/Нумизматика сайт/omonete-app/data/royal-mint-75-years-of-dennis-the-menace-2026-50p-gold-proof-coin.json
[39/178#w1] 
[39/178#w1] Готово: /Users/mihail/Desktop/Нумизматика сайт/omonete-app/data/royal-mint-75-years-of-dennis-the-menace-2026-50p-gold-proof-coin.json
[39/178#w1] Загрузка PDP: https://www.royalmint.com/shop/limited-editions/dennis-the-menace/75-years-of-dennis-the-menace-2026-50p-gold-proof-coin
[39/178#w1] Классификация картинок: {
[39/178#w1]   "obverse": "https://www.royalmint.com/globalassets/_ecommerce/commemorative/launches/2026-launches/denis-the-menace/product-images/uk26dmgp75-years-of-dennis-the-menace-2026-uk-50p-gold-proof-coin-obverse-with-edge.jpg",
[39/178#w1]   "reverse": "https://www.royalmint.com/globalassets/_ecommerce/commemorative/launches/2026-launches/denis-the-menace/product-images/uk26dmgp75-years-of-dennis-the-menace-2026-uk-50p-gold-proof-coin-reverse-with-edge.jpg",
[39/178#w1]   "blister_obverse": null,
[39/178#w1]   "blister_reverse": null,
[39/178#w1]   "box": null,
[39/178#w1]   "certificate": "https://www.royalmint.com/globalassets/_ecommerce/commemorative/launches/2026-launches/denis-the-menace/product-images/uk26dmgp75-years-of-dennis-the-menace-2026-uk-50p-gold-proof-coin-carton.jpg"
[39/178#w1] }
[39/178#w1] 
[39/178#w1] ────────── Как увидеть монету на сайте (localhost) ──────────
[39/178#w1] Быстро (парсинг + public/data в один заход): npm run royal-mint:preview
[39/178#w1]   (или уже есть JSON: npx tsx scripts/royal-mint-to-public-catalog.ts "/Users/mihail/Desktop/Нумизматика сайт/omonete-app/data/royal-mint-75-years-of-dennis-the-menace-2026-50p-gold-proof-coin.json")
[39/178#w1] Потом: npm run dev → http://localhost:3000/coins/991001/ (или ROYAL_MINT_LOCAL_ID)
[39/178#w1] Картинки (если скачались): public/image/coins/foreign/ — пути уже в JSON монеты.
[39/178#w1] В БД: npm run royal-mint:import → npm run data:export (или data:export:incremental).

——— старт 41/178#w1 ———
https://www.royalmint.com/shop/limited-editions/portraits-of-a-queen/the-fourth-effigy/portraits-of-a-queen-elizabeth-ii-the-fourth-effigy-2026-gold-proof-coin
[40/178#w2] __RM_JSON__ /Users/mihail/Desktop/Нумизматика сайт/omonete-app/data/royal-mint-the-spice-girls-2026-uk-1-4oz-gold-proof-coin.json
[40/178#w2] 
[40/178#w2] Готово: /Users/mihail/Desktop/Нумизматика сайт/omonete-app/data/royal-mint-the-spice-girls-2026-uk-1-4oz-gold-proof-coin.json
[40/178#w2] Загрузка PDP: https://www.royalmint.com/shop/limited-editions/music-legends/spice-girls/the-spice-girls-2026-UK-1-4oz-gold-proof-coin
[40/178#w2] Классификация картинок: {
[40/178#w2]   "obverse": "https://www.royalmint.com/globalassets/_ecommerce/commemorative/launches/2026-launches/spice-girls/product-images/uk26sgqgthe-spice-girls-2026-uk-14oz-gold-proof-coin-obverse-edge.jpg",
[40/178#w2]   "reverse": "https://www.royalmint.com/globalassets/_ecommerce/commemorative/launches/2026-launches/spice-girls/product-images/uk26sgqgthe-spice-girls-2026-uk-14oz-gold-proof-coin-reverse-with-edge.jpg",
[40/178#w2]   "blister_obverse": null,
[40/178#w2]   "blister_reverse": null,
[40/178#w2]   "box": null,
[40/178#w2]   "certificate": null
[40/178#w2] }
[40/178#w2] 
[40/178#w2] ────────── Как увидеть монету на сайте (localhost) ──────────
[40/178#w2] Быстро (парсинг + public/data в один заход): npm run royal-mint:preview
[40/178#w2]   (или уже есть JSON: npx tsx scripts/royal-mint-to-public-catalog.ts "/Users/mihail/Desktop/Нумизматика сайт/omonete-app/data/royal-mint-the-spice-girls-2026-uk-1-4oz-gold-proof-coin.json")
[40/178#w2] Потом: npm run dev → http://localhost:3000/coins/991001/ (или ROYAL_MINT_LOCAL_ID)
[40/178#w2] Картинки (если скачались): public/image/coins/foreign/ — пути уже в JSON монеты.
[40/178#w2] В БД: npm run royal-mint:import → npm run data:export (или data:export:incremental).

——— старт 42/178#w2 ———
https://www.royalmint.com/shop/limited-editions/portraits-of-a-queen/the-third-effigy/portraits-of-a-queen-elizabeth-ii-the-third-effigy-2026-gold-proof-coin
[42/178#w2] Внимание: на странице не найден блок div.mod-section.specification — спеки взяты из остальных table (если есть).
[41/178#w1] Внимание: на странице не найден блок div.mod-section.specification — спеки взяты из остальных table (если есть).
[42/178#w2]   ✓ portraits-of-a-queen-elizabeth-ii-the-third-effigy-2026-gold-proof-coin-obv.webp
[41/178#w1]   ✓ portraits-of-a-queen-elizabeth-ii-the-fourth-effigy-2026-gold-proof-coin-obv.webp
[42/178#w2]   ✓ portraits-of-a-queen-elizabeth-ii-the-third-effigy-2026-gold-proof-coin-rev.webp
[42/178#w2]   ✓ portraits-of-a-queen-elizabeth-ii-the-third-effigy-2026-gold-proof-coin-box.webp
[41/178#w1]   ✓ portraits-of-a-queen-elizabeth-ii-the-fourth-effigy-2026-gold-proof-coin-rev.webp
[42/178#w2]   ✓ portraits-of-a-queen-elizabeth-ii-the-third-effigy-2026-gold-proof-coin-cert.webp
[42/178#w2] [dotenv@17.3.1] injecting env (1) from .env -- tip: 🔐 prevent building .env in docker: https://dotenvx.com/prebuild
[41/178#w1]   ✓ portraits-of-a-queen-elizabeth-ii-the-fourth-effigy-2026-gold-proof-coin-cert.webp
[41/178#w1] [dotenv@17.3.1] injecting env (1) from .env -- tip: ⚙️  enable debug logging with { debug: true }
[42/178#w2] __RM_JSON__ /Users/mihail/Desktop/Нумизматика сайт/omonete-app/data/royal-mint-portraits-of-a-queen-elizabeth-ii-the-third-effigy-2026-gold-proof-coin.json
[42/178#w2] 
[42/178#w2] Готово: /Users/mihail/Desktop/Нумизматика сайт/omonete-app/data/royal-mint-portraits-of-a-queen-elizabeth-ii-the-third-effigy-2026-gold-proof-coin.json
[42/178#w2] Загрузка PDP: https://www.royalmint.com/shop/limited-editions/portraits-of-a-queen/the-third-effigy/portraits-of-a-queen-elizabeth-ii-the-third-effigy-2026-gold-proof-coin
[42/178#w2] Классификация картинок: {
[42/178#w2]   "obverse": "https://www.royalmint.com/globalassets/_ecommerce/commemorative/launches/2026-launches/portraits-of-a-queen/the-third-effigy/product-images/uk26qe3gp---portraits-of-a-queen---elizabeth-ii-the-third-effigy-2026-uk-5-gold-proof-coin-obverse-shadow-flat.jpg",
[42/178#w2]   "reverse": "https://www.royalmint.com/globalassets/_ecommerce/commemorative/launches/2026-launches/portraits-of-a-queen/the-third-effigy/product-images/uk26qe3gp---portraits-of-a-queen---elizabeth-ii-the-third-effigy-2026-uk-5-gold-proof-coin-reverse-case.jpg",
[42/178#w2]   "blister_obverse": null,
[42/178#w2]   "blister_reverse": null,
[42/178#w2]   "box": "https://www.royalmint.com/globalassets/_ecommerce/commemorative/launches/2026-launches/portraits-of-a-queen/the-third-effigy/product-images/uk26qe3bu---portraits-of-a-queen---elizabeth-ii-the-third-effigy-2026-uk-5-brilliant-uncirculated-coin-pack-open.jpg",
[42/178#w2]   "certificate": "https://www.royalmint.com/globalassets/_ecommerce/commemorative/launches/2026-launches/portraits-of-a-queen/the-third-effigy/product-images/uk26qe3pf---portraits-of-a-queen---elizabeth-ii-the-third-effigy-2026-uk-5-silver-proof-piedfort-coin-case.jpg"
[42/178#w2] }
[42/178#w2] 
[42/178#w2] ────────── Как увидеть монету на сайте (localhost) ──────────
[42/178#w2] Быстро (парсинг + public/data в один заход): npm run royal-mint:preview
[42/178#w2]   (или уже есть JSON: npx tsx scripts/royal-mint-to-public-catalog.ts "/Users/mihail/Desktop/Нумизматика сайт/omonete-app/data/royal-mint-portraits-of-a-queen-elizabeth-ii-the-third-effigy-2026-gold-proof-coin.json")
[42/178#w2] Потом: npm run dev → http://localhost:3000/coins/991001/ (или ROYAL_MINT_LOCAL_ID)
[42/178#w2] Картинки (если скачались): public/image/coins/foreign/ — пути уже в JSON монеты.
[42/178#w2] В БД: npm run royal-mint:import → npm run data:export (или data:export:incremental).
[41/178#w1] __RM_JSON__ /Users/mihail/Desktop/Нумизматика сайт/omonete-app/data/royal-mint-portraits-of-a-queen-elizabeth-ii-the-fourth-effigy-2026-gold-proof-coin.json
[41/178#w1] 
[41/178#w1] Готово: /Users/mihail/Desktop/Нумизматика сайт/omonete-app/data/royal-mint-portraits-of-a-queen-elizabeth-ii-the-fourth-effigy-2026-gold-proof-coin.json
[41/178#w1] Загрузка PDP: https://www.royalmint.com/shop/limited-editions/portraits-of-a-queen/the-fourth-effigy/portraits-of-a-queen-elizabeth-ii-the-fourth-effigy-2026-gold-proof-coin
[41/178#w1] Классификация картинок: {
[41/178#w1]   "obverse": "https://www.royalmint.com/globalassets/_ecommerce/commemorative/launches/2026-launches/portraits-of-a-queen/fourth-effigy/product-images/uk26qe2gpportraits-of-a-queen----elizabeth-ii-the-fourth-effigy-2026-uk-5-gold-proof-coin-obverse-with-edge.jpg",
[41/178#w1]   "reverse": "https://www.royalmint.com/globalassets/_ecommerce/commemorative/launches/2026-launches/portraits-of-a-queen/fourth-effigy/product-images/uk26qe2gpportraits-of-a-queen----elizabeth-ii-the-fourth-effigy-2026-uk-5-gold-proof-coin-reverse-with-edge.jpg",
[41/178#w1]   "blister_obverse": null,
[41/178#w1]   "blister_reverse": null,
[41/178#w1]   "box": null,
[41/178#w1]   "certificate": "https://www.royalmint.com/globalassets/_ecommerce/commemorative/launches/2026-launches/portraits-of-a-queen/fourth-effigy/product-images/uk26qe2pf---portraits-of-a-queen---elizabeth-ii-the-fourth-effigy-2026-uk-5-silver-proof-piedfort-case.jpg"
[41/178#w1] }
[41/178#w1] 
[41/178#w1] ────────── Как увидеть монету на сайте (localhost) ──────────
[41/178#w1] Быстро (парсинг + public/data в один заход): npm run royal-mint:preview
[41/178#w1]   (или уже есть JSON: npx tsx scripts/royal-mint-to-public-catalog.ts "/Users/mihail/Desktop/Нумизматика сайт/omonete-app/data/royal-mint-portraits-of-a-queen-elizabeth-ii-the-fourth-effigy-2026-gold-proof-coin.json")
[41/178#w1] Потом: npm run dev → http://localhost:3000/coins/991001/ (или ROYAL_MINT_LOCAL_ID)
[41/178#w1] Картинки (если скачались): public/image/coins/foreign/ — пути уже в JSON монеты.
[41/178#w1] В БД: npm run royal-mint:import → npm run data:export (или data:export:incremental).

——— старт 43/178#w2 ———
https://www.royalmint.com/shop/limited-editions/rrs-discovery/rrs-discovery-2025-2-pound-gold-proof-coin

——— старт 44/178#w1 ———
https://www.royalmint.com/shop/limited-editions/stories-of-the-second-world-war/stories-of-the-second-world-war-2025-50p-gold-proof-coin
[44/178#w1] Блок характеристик: div.mod-section.specification — найден, полей в specs: 9
[43/178#w2] Блок характеристик: div.mod-section.specification — найден, полей в specs: 12
[43/178#w2]   ✓ rrs-discovery-2025-2-pound-gold-proof-coin-obv.webp
[44/178#w1]   ✓ stories-of-the-second-world-war-2025-50p-gold-proof-coin-obv.webp
[43/178#w2]   ✓ rrs-discovery-2025-2-pound-gold-proof-coin-rev.webp
[44/178#w1]   ✓ stories-of-the-second-world-war-2025-50p-gold-proof-coin-rev.webp
[43/178#w2]   ✓ rrs-discovery-2025-2-pound-gold-proof-coin-cert.webp
[43/178#w2] [dotenv@17.3.1] injecting env (1) from .env -- tip: ⚙️  write to custom object with { processEnv: myObject }
[44/178#w1]   ✓ stories-of-the-second-world-war-2025-50p-gold-proof-coin-box.webp
[43/178#w2] __RM_JSON__ /Users/mihail/Desktop/Нумизматика сайт/omonete-app/data/royal-mint-rrs-discovery-2025-2-pound-gold-proof-coin.json
[43/178#w2] 
[43/178#w2] Готово: /Users/mihail/Desktop/Нумизматика сайт/omonete-app/data/royal-mint-rrs-discovery-2025-2-pound-gold-proof-coin.json
[43/178#w2] Загрузка PDP: https://www.royalmint.com/shop/limited-editions/rrs-discovery/rrs-discovery-2025-2-pound-gold-proof-coin
[43/178#w2] Классификация картинок: {
[43/178#w2]   "obverse": "https://www.royalmint.com/globalassets/_ecommerce/commemorative/launches/2025-launches/rrs-discovery/product-images/uk25rsdg--trrs-discovery-2025-gbp2-gold-proof-coin-obverse-with-shadow-1500x1500-f3a2c67.jpg",
[43/178#w2]   "reverse": "https://www.royalmint.com/globalassets/_ecommerce/commemorative/launches/2025-launches/rrs-discovery/product-images/uk25rsdg-t-rrs-discovery-2025-gbp2-gold-proof-coin-reverse-with-edge-shadow-1500x1500-f3a2c67.jpg",
[43/178#w2]   "blister_obverse": null,
[43/178#w2]   "blister_reverse": null,
[43/178#w2]   "box": null,
[43/178#w2]   "certificate": "https://www.royalmint.com/globalassets/_ecommerce/commemorative/launches/2025-launches/rrs-discovery/product-images/uk25rsdsp-uk25rsds-uk25rsdg--trrs-discovery-2025-gbp2--carton--1500x1500-f3a2c67.jpg"
[43/178#w2] }
[43/178#w2] 
[43/178#w2] ────────── Как увидеть монету на сайте (localhost) ──────────
[43/178#w2] Быстро (парсинг + public/data в один заход): npm run royal-mint:preview
[43/178#w2]   (или уже есть JSON: npx tsx scripts/royal-mint-to-public-catalog.ts "/Users/mihail/Desktop/Нумизматика сайт/omonete-app/data/royal-mint-rrs-discovery-2025-2-pound-gold-proof-coin.json")
[43/178#w2] Потом: npm run dev → http://localhost:3000/coins/991001/ (или ROYAL_MINT_LOCAL_ID)
[43/178#w2] Картинки (если скачались): public/image/coins/foreign/ — пути уже в JSON монеты.
[43/178#w2] В БД: npm run royal-mint:import → npm run data:export (или data:export:incremental).

——— старт 45/178#w2 ———
https://www.royalmint.com/shop/limited-editions/the-life-of-queen-victoria/the-life-of-queen-victoria-2026-5-pound-gold-proof-coin
[44/178#w1]   ✓ stories-of-the-second-world-war-2025-50p-gold-proof-coin-cert.webp
[44/178#w1] [dotenv@17.3.1] injecting env (1) from .env -- tip: ⚙️  enable debug logging with { debug: true }
[44/178#w1] __RM_JSON__ /Users/mihail/Desktop/Нумизматика сайт/omonete-app/data/royal-mint-stories-of-the-second-world-war-2025-50p-gold-proof-coin.json
[44/178#w1] 
[44/178#w1] Готово: /Users/mihail/Desktop/Нумизматика сайт/omonete-app/data/royal-mint-stories-of-the-second-world-war-2025-50p-gold-proof-coin.json
[44/178#w1] Загрузка PDP: https://www.royalmint.com/shop/limited-editions/stories-of-the-second-world-war/stories-of-the-second-world-war-2025-50p-gold-proof-coin
[44/178#w1] Классификация картинок: {
[44/178#w1]   "obverse": "https://www.royalmint.com/globalassets/_ecommerce/commemorative/launches/2025-launches/stories-of-ww2/product-images/d25gp---the-2025-united-kingdom-gold-proof-coin-set---stories-of-the-second-world-war-2025-uk-50p-coin-obverse-edge-1500x1500-f3a2c67.jpg",
[44/178#w1]   "reverse": "https://www.royalmint.com/globalassets/_ecommerce/commemorative/launches/2025-launches/stories-of-ww2/product-images/d25gp---the-2025-united-kingdom-gold-proof-coin-set---stories-of-the-second-world-war-2025-uk-50p-coin-reverse-edge-1500x1500-f3a2c67.jpg",
[44/178#w1]   "blister_obverse": null,
[44/178#w1]   "blister_reverse": null,
[44/178#w1]   "box": "https://www.royalmint.com/globalassets/_ecommerce/commemorative/launches/2025-launches/stories-of-ww2/product-images/uk25swg-stories-of-the-second-world-war-2025-uk-50p-gold-proof-coin-case-left-1500x1500-f3a2c67.jpg",
[44/178#w1]   "certificate": "https://www.royalmint.com/globalassets/_ecommerce/commemorative/launches/2025-launches/stories-of-ww2/product-images/stories-of-the-second-world-war-2025-uk-50p-gold-proof-coin-carton-upright---uk25swg-1500x1500-f3a2c67.jpg"
[44/178#w1] }
[44/178#w1] 
[44/178#w1] ────────── Как увидеть монету на сайте (localhost) ──────────
[44/178#w1] Быстро (парсинг + public/data в один заход): npm run royal-mint:preview
[44/178#w1]   (или уже есть JSON: npx tsx scripts/royal-mint-to-public-catalog.ts "/Users/mihail/Desktop/Нумизматика сайт/omonete-app/data/royal-mint-stories-of-the-second-world-war-2025-50p-gold-proof-coin.json")
[44/178#w1] Потом: npm run dev → http://localhost:3000/coins/991001/ (или ROYAL_MINT_LOCAL_ID)
[44/178#w1] Картинки (если скачались): public/image/coins/foreign/ — пути уже в JSON монеты.
[44/178#w1] В БД: npm run royal-mint:import → npm run data:export (или data:export:incremental).

——— старт 46/178#w1 ———
https://www.royalmint.com/shop/limited-editions/the-lion-and-eagle/bullion-range/the-lion-and-the-eagle-2026-1-4oz-gold-bullion-coin
[45/178#w2] Блок характеристик: div.mod-section.specification — найден, полей в specs: 11
[46/178#w1] Блок характеристик: div.mod-section.specification — найден, полей в specs: 11
[45/178#w2]   ✓ the-life-of-queen-victoria-2026-5-pound-gold-proof-coin-obv.webp
[45/178#w2]   ✓ the-life-of-queen-victoria-2026-5-pound-gold-proof-coin-rev.webp
[46/178#w1]   ✓ the-lion-and-the-eagle-2026-1-4oz-gold-bullion-coin-obv.webp
[45/178#w2]   ✓ the-life-of-queen-victoria-2026-5-pound-gold-proof-coin-cert.webp
[45/178#w2] [dotenv@17.3.1] injecting env (1) from .env -- tip: ⚙️  specify custom .env file path with { path: '/custom/path/.env' }
[45/178#w2] __RM_JSON__ /Users/mihail/Desktop/Нумизматика сайт/omonete-app/data/royal-mint-the-life-of-queen-victoria-2026-5-pound-gold-proof-coin.json
[45/178#w2] 
[45/178#w2] Готово: /Users/mihail/Desktop/Нумизматика сайт/omonete-app/data/royal-mint-the-life-of-queen-victoria-2026-5-pound-gold-proof-coin.json
[45/178#w2] Загрузка PDP: https://www.royalmint.com/shop/limited-editions/the-life-of-queen-victoria/the-life-of-queen-victoria-2026-5-pound-gold-proof-coin
[45/178#w2] Классификация картинок: {
[45/178#w2]   "obverse": "https://www.royalmint.com/globalassets/_ecommerce/commemorative/launches/2026-launches/life-of-queen-victoria/comm-products/uk26qvg---the-life-of-queen-victoria-uk-2026-5-gold-proof-coin-obverse-edge.jpg",
[45/178#w2]   "reverse": "https://www.royalmint.com/globalassets/_ecommerce/commemorative/launches/2026-launches/life-of-queen-victoria/comm-products/uk26qvg---the-life-of-queen-victoria-uk-2026-5-gold-proof-coin-reverse-edge.jpg",
[45/178#w2]   "blister_obverse": null,
[45/178#w2]   "blister_reverse": null,
[45/178#w2]   "box": null,
[45/178#w2]   "certificate": "https://www.royalmint.com/globalassets/_ecommerce/commemorative/launches/2026-launches/life-of-queen-victoria/comm-products/uk26qvquk26qvs-uk26qvg2-uk26qvgm-uk26qvsp-the-life-of-queen-victoria-uk-2026-carton-.jpg"
[45/178#w2] }
[45/178#w2] 
[45/178#w2] ────────── Как увидеть монету на сайте (localhost) ──────────
[45/178#w2] Быстро (парсинг + public/data в один заход): npm run royal-mint:preview
[45/178#w2]   (или уже есть JSON: npx tsx scripts/royal-mint-to-public-catalog.ts "/Users/mihail/Desktop/Нумизматика сайт/omonete-app/data/royal-mint-the-life-of-queen-victoria-2026-5-pound-gold-proof-coin.json")
[45/178#w2] Потом: npm run dev → http://localhost:3000/coins/991001/ (или ROYAL_MINT_LOCAL_ID)
[45/178#w2] Картинки (если скачались): public/image/coins/foreign/ — пути уже в JSON монеты.
[45/178#w2] В БД: npm run royal-mint:import → npm run data:export (или data:export:incremental).

——— старт 47/178#w2 ———
https://www.royalmint.com/shop/limited-editions/the-lion-and-eagle/bullion-range/the-lion-and-the-eagle-2026-1oz-gold-bullion-coin
[46/178#w1]   ✓ the-lion-and-the-eagle-2026-1-4oz-gold-bullion-coin-rev.webp
[46/178#w1] [dotenv@17.3.1] injecting env (1) from .env -- tip: ⚙️  write to custom object with { processEnv: myObject }
[46/178#w1] __RM_JSON__ /Users/mihail/Desktop/Нумизматика сайт/omonete-app/data/royal-mint-the-lion-and-the-eagle-2026-1-4oz-gold-bullion-coin.json
[46/178#w1] 
[46/178#w1] Готово: /Users/mihail/Desktop/Нумизматика сайт/omonete-app/data/royal-mint-the-lion-and-the-eagle-2026-1-4oz-gold-bullion-coin.json
[46/178#w1] Загрузка PDP: https://www.royalmint.com/shop/limited-editions/the-lion-and-eagle/bullion-range/the-lion-and-the-eagle-2026-1-4oz-gold-bullion-coin
[46/178#w1] Классификация картинок: {
[46/178#w1]   "obverse": "https://www.royalmint.com/globalassets/_ecommerce/invest/launches/2026/lion-and-eagle/product-images/le26gq---2026-bullion-the-lion-and-the-eagle-1-4oz-gold-coin-obverse.jpg",
[46/178#w1]   "reverse": "https://www.royalmint.com/globalassets/_ecommerce/invest/launches/2026/lion-and-eagle/product-images/le26gq---2026-bullion-the-lion-and-the-eagle-1-4oz-gold-coin-reverse.jpg",
[46/178#w1]   "blister_obverse": null,
[46/178#w1]   "blister_reverse": null,
[46/178#w1]   "box": null,
[46/178#w1]   "certificate": null
[46/178#w1] }
[46/178#w1] 
[46/178#w1] ────────── Как увидеть монету на сайте (localhost) ──────────
[46/178#w1] Быстро (парсинг + public/data в один заход): npm run royal-mint:preview
[46/178#w1]   (или уже есть JSON: npx tsx scripts/royal-mint-to-public-catalog.ts "/Users/mihail/Desktop/Нумизматика сайт/omonete-app/data/royal-mint-the-lion-and-the-eagle-2026-1-4oz-gold-bullion-coin.json")
[46/178#w1] Потом: npm run dev → http://localhost:3000/coins/991001/ (или ROYAL_MINT_LOCAL_ID)
[46/178#w1] Картинки (если скачались): public/image/coins/foreign/ — пути уже в JSON монеты.
[46/178#w1] В БД: npm run royal-mint:import → npm run data:export (или data:export:incremental).

——— старт 48/178#w1 ———
https://www.royalmint.com/shop/limited-editions/the-lion-and-eagle/commemorative/the-lion-and-the-eagle-2026-1oz-gold-proof-coin
[47/178#w2] Блок характеристик: div.mod-section.specification — найден, полей в specs: 11
[48/178#w1] Блок характеристик: div.mod-section.specification — найден, полей в specs: 11
[48/178#w1]   ✓ the-lion-and-the-eagle-2026-1oz-gold-proof-coin-obv.webp
[47/178#w2]   ✓ the-lion-and-the-eagle-2026-1oz-gold-bullion-coin-obv.webp
[48/178#w1]   ✓ the-lion-and-the-eagle-2026-1oz-gold-proof-coin-rev.webp
[47/178#w2]   ✓ the-lion-and-the-eagle-2026-1oz-gold-bullion-coin-rev.webp
[47/178#w2] [dotenv@17.3.1] injecting env (1) from .env -- tip: 🔐 prevent building .env in docker: https://dotenvx.com/prebuild
[48/178#w1]   ✓ the-lion-and-the-eagle-2026-1oz-gold-proof-coin-cert.webp
[48/178#w1] [dotenv@17.3.1] injecting env (1) from .env -- tip: 🔐 encrypt with Dotenvx: https://dotenvx.com
[47/178#w2] __RM_JSON__ /Users/mihail/Desktop/Нумизматика сайт/omonete-app/data/royal-mint-the-lion-and-the-eagle-2026-1oz-gold-bullion-coin.json
[47/178#w2] 
[47/178#w2] Готово: /Users/mihail/Desktop/Нумизматика сайт/omonete-app/data/royal-mint-the-lion-and-the-eagle-2026-1oz-gold-bullion-coin.json
[47/178#w2] Загрузка PDP: https://www.royalmint.com/shop/limited-editions/the-lion-and-eagle/bullion-range/the-lion-and-the-eagle-2026-1oz-gold-bullion-coin
[47/178#w2] Классификация картинок: {
[47/178#w2]   "obverse": "https://www.royalmint.com/globalassets/_ecommerce/invest/launches/2026/lion-and-eagle/product-images/le26g1---2026-bullion-the-lion-and-the-eagle-1oz-gold-coin-obverse.jpg",
[47/178#w2]   "reverse": "https://www.royalmint.com/globalassets/_ecommerce/invest/launches/2026/lion-and-eagle/product-images/le26g1---2026-bullion-the-lion-and-the-eagle-1oz-gold-coin-reverse.jpg",
[47/178#w2]   "blister_obverse": null,
[47/178#w2]   "blister_reverse": null,
[47/178#w2]   "box": null,
[47/178#w2]   "certificate": null
[47/178#w2] }
[47/178#w2] 
[47/178#w2] ────────── Как увидеть монету на сайте (localhost) ──────────
[47/178#w2] Быстро (парсинг + public/data в один заход): npm run royal-mint:preview
[47/178#w2]   (или уже есть JSON: npx tsx scripts/royal-mint-to-public-catalog.ts "/Users/mihail/Desktop/Нумизматика сайт/omonete-app/data/royal-mint-the-lion-and-the-eagle-2026-1oz-gold-bullion-coin.json")
[47/178#w2] Потом: npm run dev → http://localhost:3000/coins/991001/ (или ROYAL_MINT_LOCAL_ID)
[47/178#w2] Картинки (если скачались): public/image/coins/foreign/ — пути уже в JSON монеты.
[47/178#w2] В БД: npm run royal-mint:import → npm run data:export (или data:export:incremental).

——— старт 49/178#w2 ———
https://www.royalmint.com/shop/limited-editions/the-lion-and-eagle/commemorative/the-lion-and-the-eagle-2026-half-oz-gold-proof-coin
[48/178#w1] __RM_JSON__ /Users/mihail/Desktop/Нумизматика сайт/omonete-app/data/royal-mint-the-lion-and-the-eagle-2026-1oz-gold-proof-coin.json
[48/178#w1] 
[48/178#w1] Готово: /Users/mihail/Desktop/Нумизматика сайт/omonete-app/data/royal-mint-the-lion-and-the-eagle-2026-1oz-gold-proof-coin.json
[48/178#w1] Загрузка PDP: https://www.royalmint.com/shop/limited-editions/the-lion-and-eagle/commemorative/the-lion-and-the-eagle-2026-1oz-gold-proof-coin
[48/178#w1] Классификация картинок: {
[48/178#w1]   "obverse": "https://www.royalmint.com/globalassets/_ecommerce/commemorative/launches/2026-launches/lion-and-eagle/product-images/uk26le1g---the-lion-and-the-eagle-2026-uk-1oz-gold-proof-coin-obverse-edge.jpg",
[48/178#w1]   "reverse": "https://www.royalmint.com/globalassets/_ecommerce/commemorative/launches/2026-launches/lion-and-eagle/product-images/uk26le1g---the-lion-and-the-eagle-2026-uk-1oz-gold-proof-coin-reverse-edge.jpg",
[48/178#w1]   "blister_obverse": null,
[48/178#w1]   "blister_reverse": null,
[48/178#w1]   "box": null,
[48/178#w1]   "certificate": "https://www.royalmint.com/globalassets/_ecommerce/commemorative/launches/2026-launches/lion-and-eagle/product-images/uk26le1g---the-lion-and-the-eagle-2026-uk-1oz-gold-proof-coin-case.jpg"
[48/178#w1] }
[48/178#w1] 
[48/178#w1] ────────── Как увидеть монету на сайте (localhost) ──────────
[48/178#w1] Быстро (парсинг + public/data в один заход): npm run royal-mint:preview
[48/178#w1]   (или уже есть JSON: npx tsx scripts/royal-mint-to-public-catalog.ts "/Users/mihail/Desktop/Нумизматика сайт/omonete-app/data/royal-mint-the-lion-and-the-eagle-2026-1oz-gold-proof-coin.json")
[48/178#w1] Потом: npm run dev → http://localhost:3000/coins/991001/ (или ROYAL_MINT_LOCAL_ID)
[48/178#w1] Картинки (если скачались): public/image/coins/foreign/ — пути уже в JSON монеты.
[48/178#w1] В БД: npm run royal-mint:import → npm run data:export (или data:export:incremental).

——— старт 50/178#w1 ———
https://www.royalmint.com/shop/limited-editions/the-princess-royal/the-75th-birthday-of-hrh-the-princess-royal-2025-5-pound-gold-proof-coin
[50/178#w1] Блок характеристик: div.mod-section.specification — найден, полей в specs: 10
[49/178#w2] Блок характеристик: div.mod-section.specification — найден, полей в specs: 11
[50/178#w1]   ✓ the-75th-birthday-of-hrh-the-princess-royal-2025-5-pound-gold-proof-coin-obv.webp
[49/178#w2]   ✓ the-lion-and-the-eagle-2026-half-oz-gold-proof-coin-obv.webp
[50/178#w1]   ✓ the-75th-birthday-of-hrh-the-princess-royal-2025-5-pound-gold-proof-coin-rev.webp
[49/178#w2]   ✓ the-lion-and-the-eagle-2026-half-oz-gold-proof-coin-rev.webp
[50/178#w1]   ✓ the-75th-birthday-of-hrh-the-princess-royal-2025-5-pound-gold-proof-coin-cert.webp
[50/178#w1] [dotenv@17.3.1] injecting env (1) from .env -- tip: 🛠️  run anywhere with `dotenvx run -- yourcommand`
[50/178#w1] __RM_JSON__ /Users/mihail/Desktop/Нумизматика сайт/omonete-app/data/royal-mint-the-75th-birthday-of-hrh-the-princess-royal-2025-5-pound-gold-proof-coin.json
[50/178#w1] 
[50/178#w1] Готово: /Users/mihail/Desktop/Нумизматика сайт/omonete-app/data/royal-mint-the-75th-birthday-of-hrh-the-princess-royal-2025-5-pound-gold-proof-coin.json
[50/178#w1] Загрузка PDP: https://www.royalmint.com/shop/limited-editions/the-princess-royal/the-75th-birthday-of-hrh-the-princess-royal-2025-5-pound-gold-proof-coin
[50/178#w1] Классификация картинок: {
[50/178#w1]   "obverse": "https://www.royalmint.com/globalassets/_ecommerce/commemorative/launches/2025-launches/princess-anne/product-images/uk25prgp-the-75th-birthday-of-hrh-the-princess-royal-2025-uk-gbp5-gold-proof-coin-obverse-with-edge-1500x1500-f3a2c67.jpg",
[50/178#w1]   "reverse": "https://www.royalmint.com/globalassets/_ecommerce/commemorative/launches/2025-launches/princess-anne/product-images/uk25prgp-the-75th-birthday-of-hrh-the-princess-royal-2025-uk-gbp5-gold-proof-coin-reverse-with-edge-1500x1500-f3a2c67.jpg",
[50/178#w1]   "blister_obverse": null,
[50/178#w1]   "blister_reverse": null,
[50/178#w1]   "box": null,
[50/178#w1]   "certificate": "https://www.royalmint.com/globalassets/_ecommerce/commemorative/launches/2025-launches/princess-anne/product-images/uk25prgp-the-75th-birthday-of-hrh-the-princess-royal-2025-uk-gbp5-gold-proof-coin-case-1500x1500-f3a2c67.jpg"
[50/178#w1] }
[50/178#w1] 
[50/178#w1] ────────── Как увидеть монету на сайте (localhost) ──────────
[50/178#w1] Быстро (парсинг + public/data в один заход): npm run royal-mint:preview
[50/178#w1]   (или уже есть JSON: npx tsx scripts/royal-mint-to-public-catalog.ts "/Users/mihail/Desktop/Нумизматика сайт/omonete-app/data/royal-mint-the-75th-birthday-of-hrh-the-princess-royal-2025-5-pound-gold-proof-coin.json")
[50/178#w1] Потом: npm run dev → http://localhost:3000/coins/991001/ (или ROYAL_MINT_LOCAL_ID)
[50/178#w1] Картинки (если скачались): public/image/coins/foreign/ — пути уже в JSON монеты.
[50/178#w1] В БД: npm run royal-mint:import → npm run data:export (или data:export:incremental).

——— старт 51/178#w1 ———
https://www.royalmint.com/shop/limited-editions/ve-day/The-80th-Anniversary-of-VE-Day-Premium-Ten-Coin-Set
[49/178#w2]   ✓ the-lion-and-the-eagle-2026-half-oz-gold-proof-coin-cert.webp
[49/178#w2] [dotenv@17.3.1] injecting env (1) from .env -- tip: 🛠️  run anywhere with `dotenvx run -- yourcommand`
[49/178#w2] __RM_JSON__ /Users/mihail/Desktop/Нумизматика сайт/omonete-app/data/royal-mint-the-lion-and-the-eagle-2026-half-oz-gold-proof-coin.json
[49/178#w2] 
[49/178#w2] Готово: /Users/mihail/Desktop/Нумизматика сайт/omonete-app/data/royal-mint-the-lion-and-the-eagle-2026-half-oz-gold-proof-coin.json
[49/178#w2] Загрузка PDP: https://www.royalmint.com/shop/limited-editions/the-lion-and-eagle/commemorative/the-lion-and-the-eagle-2026-half-oz-gold-proof-coin
[49/178#w2] Классификация картинок: {
[49/178#w2]   "obverse": "https://www.royalmint.com/globalassets/_ecommerce/commemorative/launches/2026-launches/lion-and-eagle/product-images/uk26lehsthe-lion-and-the-eagle-2026-uk-half-ounce-gold-proof-coin-obverse-with-edge.jpg",
[49/178#w2]   "reverse": "https://www.royalmint.com/globalassets/_ecommerce/commemorative/launches/2026-launches/lion-and-eagle/product-images/uk26lehsthe-lion-and-the-eagle-2026-uk-half-ounce-gold-proof-coin-reverse-with-edge.jpg",
[49/178#w2]   "blister_obverse": null,
[49/178#w2]   "blister_reverse": null,
[49/178#w2]   "box": null,
[49/178#w2]   "certificate": "https://www.royalmint.com/globalassets/_ecommerce/commemorative/launches/2026-launches/lion-and-eagle/product-images/uk26lehsthe-lion-and-the-eagle-2026-uk-half-ounce-gold-proof-coin-case.jpg"
[49/178#w2] }
[49/178#w2] 
[49/178#w2] ────────── Как увидеть монету на сайте (localhost) ──────────
[49/178#w2] Быстро (парсинг + public/data в один заход): npm run royal-mint:preview
[49/178#w2]   (или уже есть JSON: npx tsx scripts/royal-mint-to-public-catalog.ts "/Users/mihail/Desktop/Нумизматика сайт/omonete-app/data/royal-mint-the-lion-and-the-eagle-2026-half-oz-gold-proof-coin.json")
[49/178#w2] Потом: npm run dev → http://localhost:3000/coins/991001/ (или ROYAL_MINT_LOCAL_ID)
[49/178#w2] Картинки (если скачались): public/image/coins/foreign/ — пути уже в JSON монеты.
[49/178#w2] В БД: npm run royal-mint:import → npm run data:export (или data:export:incremental).

——— старт 52/178#w2 ———
https://www.royalmint.com/shop/limited-editions/zog/zog-2025-1-40-oz-gold-proof-coin
[52/178#w2] Блок характеристик: div.mod-section.specification — найден, полей в specs: 11
[51/178#w1] Блок характеристик: div.mod-section.specification — найден, полей в specs: 10
[52/178#w2]   ✓ zog-2025-1-40-oz-gold-proof-coin-obv.webp
[51/178#w1]   ✓ the-80th-anniversary-of-ve-day-premium-ten-coin-set-obv.webp
[52/178#w2]   ✓ zog-2025-1-40-oz-gold-proof-coin-rev.webp
[52/178#w2]   ✓ zog-2025-1-40-oz-gold-proof-coin-blister-obv.webp
[51/178#w1]   ✓ the-80th-anniversary-of-ve-day-premium-ten-coin-set-rev.webp
[51/178#w1]   ✓ the-80th-anniversary-of-ve-day-premium-ten-coin-set-box.webp
[51/178#w1] [dotenv@17.3.1] injecting env (1) from .env -- tip: ⚙️  load multiple .env files with { path: ['.env.local', '.env'] }
[52/178#w2]   ✓ zog-2025-1-40-oz-gold-proof-coin-blister-rev.webp
[52/178#w2] [dotenv@17.3.1] injecting env (1) from .env -- tip: ⚙️  override existing env vars with { override: true }
[51/178#w1] __RM_JSON__ /Users/mihail/Desktop/Нумизматика сайт/omonete-app/data/royal-mint-the-80th-anniversary-of-ve-day-premium-ten-coin-set.json
[51/178#w1] 
[51/178#w1] Готово: /Users/mihail/Desktop/Нумизматика сайт/omonete-app/data/royal-mint-the-80th-anniversary-of-ve-day-premium-ten-coin-set.json
[51/178#w1] Загрузка PDP: https://www.royalmint.com/shop/limited-editions/ve-day/The-80th-Anniversary-of-VE-Day-Premium-Ten-Coin-Set
[51/178#w1] Классификация картинок: {
[51/178#w1]   "obverse": "https://www.royalmint.com/globalassets/__rebrand/_structure/shop/editions/_historic-coins/_product-image/hisvegs-the-80th-anniversary-of-ve-day-premium-ten-coin-set-1945-g-vi-scottish-shilling-obverse.jpg",
[51/178#w1]   "reverse": "https://www.royalmint.com/globalassets/__rebrand/_structure/shop/editions/_historic-coins/_product-image/hisvegs-the-80th-anniversary-of-ve-day-premium-ten-coin-set-1945-g-vi-english-shilling-reverse.jpg",
[51/178#w1]   "blister_obverse": null,
[51/178#w1]   "blister_reverse": null,
[51/178#w1]   "box": "https://www.royalmint.com/globalassets/__rebrand/_structure/shop/editions/_historic-coins/_product-image/hisvegs-the-80th-anniversary-of-ve-day-premium-ten-coin-set-case-right.jpg",
[51/178#w1]   "certificate": null
[51/178#w1] }
[51/178#w1] 
[51/178#w1] ────────── Как увидеть монету на сайте (localhost) ──────────
[51/178#w1] Быстро (парсинг + public/data в один заход): npm run royal-mint:preview
[51/178#w1]   (или уже есть JSON: npx tsx scripts/royal-mint-to-public-catalog.ts "/Users/mihail/Desktop/Нумизматика сайт/omonete-app/data/royal-mint-the-80th-anniversary-of-ve-day-premium-ten-coin-set.json")
[51/178#w1] Потом: npm run dev → http://localhost:3000/coins/991001/ (или ROYAL_MINT_LOCAL_ID)
[51/178#w1] Картинки (если скачались): public/image/coins/foreign/ — пути уже в JSON монеты.
[51/178#w1] В БД: npm run royal-mint:import → npm run data:export (или data:export:incremental).

——— старт 53/178#w1 ———
https://www.royalmint.com/shop/monarch/queen-elizabeth-ii/1908-Elizabeth-II-The-4th-Olympian-London-Gold-Proof-2
[52/178#w2] __RM_JSON__ /Users/mihail/Desktop/Нумизматика сайт/omonete-app/data/royal-mint-zog-2025-1-40-oz-gold-proof-coin.json
[52/178#w2] 
[52/178#w2] Готово: /Users/mihail/Desktop/Нумизматика сайт/omonete-app/data/royal-mint-zog-2025-1-40-oz-gold-proof-coin.json
[52/178#w2] Загрузка PDP: https://www.royalmint.com/shop/limited-editions/zog/zog-2025-1-40-oz-gold-proof-coin
[52/178#w2] Классификация картинок: {
[52/178#w2]   "obverse": "https://www.royalmint.com/globalassets/_ecommerce/commemorative/launches/2025-launches/zog/product-images/uk25zg40g---zog-2025-uk-1-40-oz-gold-proof-coin-obverse-edge-1500x1500-f3a2c67.jpg",
[52/178#w2]   "reverse": "https://www.royalmint.com/globalassets/_ecommerce/commemorative/launches/2025-launches/zog/product-images/uk25zg40g---zog-2025-uk-1-40-oz-gold-proof-coin-reverse-edge-1500x1500-f3a2c67.jpg",
[52/178#w2]   "blister_obverse": "https://www.royalmint.com/globalassets/_ecommerce/commemorative/launches/2025-launches/zog/product-images/uk25zg40g---zog-2025-uk-1-40-oz-gold-proof-coin-obverse-blister-1500x1500-f3a2c67.jpg",
[52/178#w2]   "blister_reverse": "https://www.royalmint.com/globalassets/_ecommerce/commemorative/launches/2025-launches/zog/product-images/uk25zg40g---zog-2025-uk-1-40-oz-gold-proof-coin-reverse-blister-1500x1500-f3a2c67.jpg",
[52/178#w2]   "box": null,
[52/178#w2]   "certificate": null
[52/178#w2] }
[52/178#w2] 
[52/178#w2] ────────── Как увидеть монету на сайте (localhost) ──────────
[52/178#w2] Быстро (парсинг + public/data в один заход): npm run royal-mint:preview
[52/178#w2]   (или уже есть JSON: npx tsx scripts/royal-mint-to-public-catalog.ts "/Users/mihail/Desktop/Нумизматика сайт/omonete-app/data/royal-mint-zog-2025-1-40-oz-gold-proof-coin.json")
[52/178#w2] Потом: npm run dev → http://localhost:3000/coins/991001/ (или ROYAL_MINT_LOCAL_ID)
[52/178#w2] Картинки (если скачались): public/image/coins/foreign/ — пути уже в JSON монеты.
[52/178#w2] В БД: npm run royal-mint:import → npm run data:export (или data:export:incremental).

——— старт 54/178#w2 ———
https://www.royalmint.com/shop/monarch/queen-elizabeth-ii/1995-dove-of-peace-2-pound-coin
[53/178#w1] Блок характеристик: div.mod-section.specification — найден, полей в specs: 9
[54/178#w2] Блок характеристик: div.mod-section.specification — найден, полей в specs: 8
[54/178#w2]   ✓ 1995-dove-of-peace-2-pound-coin-obv.webp
[53/178#w1]   ✓ 1908-elizabeth-ii-the-4th-olympian-london-gold-proof-2-obv.webp
[54/178#w2]   ✓ 1995-dove-of-peace-2-pound-coin-rev.webp
[54/178#w2] [dotenv@17.3.1] injecting env (1) from .env -- tip: ⚙️  specify custom .env file path with { path: '/custom/path/.env' }
[53/178#w1]   ✓ 1908-elizabeth-ii-the-4th-olympian-london-gold-proof-2-rev.webp
[53/178#w1] [dotenv@17.3.1] injecting env (1) from .env -- tip: ⚙️  specify custom .env file path with { path: '/custom/path/.env' }
[54/178#w2] __RM_JSON__ /Users/mihail/Desktop/Нумизматика сайт/omonete-app/data/royal-mint-1995-dove-of-peace-2-pound-coin.json
[54/178#w2] 
[54/178#w2] Готово: /Users/mihail/Desktop/Нумизматика сайт/omonete-app/data/royal-mint-1995-dove-of-peace-2-pound-coin.json
[54/178#w2] Загрузка PDP: https://www.royalmint.com/shop/monarch/queen-elizabeth-ii/1995-dove-of-peace-2-pound-coin
[54/178#w2] Классификация картинок: {
[54/178#w2]   "obverse": "https://www.royalmint.com/globalassets/consumer/_campaigns/2019/historics/product-photography/1995-dove-of-peace-obverse.jpg",
[54/178#w2]   "reverse": "https://www.royalmint.com/globalassets/consumer/_campaigns/2019/historics/product-photography/1995-dove-of-peace-reverse.jpg",
[54/178#w2]   "blister_obverse": null,
[54/178#w2]   "blister_reverse": null,
[54/178#w2]   "box": null,
[54/178#w2]   "certificate": null
[54/178#w2] }
[54/178#w2] 
[54/178#w2] ────────── Как увидеть монету на сайте (localhost) ──────────
[54/178#w2] Быстро (парсинг + public/data в один заход): npm run royal-mint:preview
[54/178#w2]   (или уже есть JSON: npx tsx scripts/royal-mint-to-public-catalog.ts "/Users/mihail/Desktop/Нумизматика сайт/omonete-app/data/royal-mint-1995-dove-of-peace-2-pound-coin.json")
[54/178#w2] Потом: npm run dev → http://localhost:3000/coins/991001/ (или ROYAL_MINT_LOCAL_ID)
[54/178#w2] Картинки (если скачались): public/image/coins/foreign/ — пути уже в JSON монеты.
[54/178#w2] В БД: npm run royal-mint:import → npm run data:export (или data:export:incremental).

——— старт 55/178#w2 ———
https://www.royalmint.com/shop/monarch/queen-elizabeth-ii/1995-Elizabeth-II-United-Nations-Gold-2-Coin
[53/178#w1] __RM_JSON__ /Users/mihail/Desktop/Нумизматика сайт/omonete-app/data/royal-mint-1908-elizabeth-ii-the-4th-olympian-london-gold-proof-2.json
[53/178#w1] 
[53/178#w1] Готово: /Users/mihail/Desktop/Нумизматика сайт/omonete-app/data/royal-mint-1908-elizabeth-ii-the-4th-olympian-london-gold-proof-2.json
[53/178#w1] Загрузка PDP: https://www.royalmint.com/shop/monarch/queen-elizabeth-ii/1908-Elizabeth-II-The-4th-Olympian-London-Gold-Proof-2
[53/178#w1] Классификация картинок: {
[53/178#w1]   "obverse": "https://www.royalmint.com/globalassets/__rebrand/_structure/shop/editions/_historic-coins/_product-image/hiseo19082p-1908-elizabeth-ii-the-4th-olympian-london-gold-proof-2-obverse.jpg",
[53/178#w1]   "reverse": "https://www.royalmint.com/globalassets/__rebrand/_structure/shop/editions/_historic-coins/_product-image/hiseo19082p-1908-elizabeth-ii-the-4th-olympian-london-gold-proof-2-reverse.jpg",
[53/178#w1]   "blister_obverse": null,
[53/178#w1]   "blister_reverse": null,
[53/178#w1]   "box": null,
[53/178#w1]   "certificate": null
[53/178#w1] }
[53/178#w1] 
[53/178#w1] ────────── Как увидеть монету на сайте (localhost) ──────────
[53/178#w1] Быстро (парсинг + public/data в один заход): npm run royal-mint:preview
[53/178#w1]   (или уже есть JSON: npx tsx scripts/royal-mint-to-public-catalog.ts "/Users/mihail/Desktop/Нумизматика сайт/omonete-app/data/royal-mint-1908-elizabeth-ii-the-4th-olympian-london-gold-proof-2.json")
[53/178#w1] Потом: npm run dev → http://localhost:3000/coins/991001/ (или ROYAL_MINT_LOCAL_ID)
[53/178#w1] Картинки (если скачались): public/image/coins/foreign/ — пути уже в JSON монеты.
[53/178#w1] В БД: npm run royal-mint:import → npm run data:export (или data:export:incremental).

——— старт 56/178#w1 ———
https://www.royalmint.com/shop/monarch/queen-elizabeth-ii/2005-Elizabeth-II-Gunpowder-Plot-Double-Proof-2-Coin
[55/178#w2] Блок характеристик: div.mod-section.specification — найден, полей в specs: 9
[56/178#w1] Блок характеристик: div.mod-section.specification — найден, полей в specs: 9
[55/178#w2]   ✓ 1995-elizabeth-ii-united-nations-gold-2-coin-obv.webp
[56/178#w1]   ✓ 2005-elizabeth-ii-gunpowder-plot-double-proof-2-coin-obv.webp
[55/178#w2]   ✓ 1995-elizabeth-ii-united-nations-gold-2-coin-rev.webp
[55/178#w2] [dotenv@17.3.1] injecting env (1) from .env -- tip: 🛡️ auth for agents: https://vestauth.com
[55/178#w2] __RM_JSON__ /Users/mihail/Desktop/Нумизматика сайт/omonete-app/data/royal-mint-1995-elizabeth-ii-united-nations-gold-2-coin.json
[55/178#w2] 
[55/178#w2] Готово: /Users/mihail/Desktop/Нумизматика сайт/omonete-app/data/royal-mint-1995-elizabeth-ii-united-nations-gold-2-coin.json
[55/178#w2] Загрузка PDP: https://www.royalmint.com/shop/monarch/queen-elizabeth-ii/1995-Elizabeth-II-United-Nations-Gold-2-Coin
[55/178#w2] Классификация картинок: {
[55/178#w2]   "obverse": "https://www.royalmint.com/globalassets/__rebrand/_structure/shop/editions/_historic-coins/_product-image/his2gnat-1995-elizabeth-ii-united-nations-gold-2-coin-obverse.jpg",
[55/178#w2]   "reverse": "https://www.royalmint.com/globalassets/__rebrand/_structure/shop/editions/_historic-coins/_product-image/his2gnat-1995-elizabeth-ii-united-nations-gold-2-coin-reverse.jpg",
[55/178#w2]   "blister_obverse": null,
[55/178#w2]   "blister_reverse": null,
[55/178#w2]   "box": null,
[55/178#w2]   "certificate": null
[55/178#w2] }
[55/178#w2] 
[55/178#w2] ────────── Как увидеть монету на сайте (localhost) ──────────
[55/178#w2] Быстро (парсинг + public/data в один заход): npm run royal-mint:preview
[55/178#w2]   (или уже есть JSON: npx tsx scripts/royal-mint-to-public-catalog.ts "/Users/mihail/Desktop/Нумизматика сайт/omonete-app/data/royal-mint-1995-elizabeth-ii-united-nations-gold-2-coin.json")
[55/178#w2] Потом: npm run dev → http://localhost:3000/coins/991001/ (или ROYAL_MINT_LOCAL_ID)
[55/178#w2] Картинки (если скачались): public/image/coins/foreign/ — пути уже в JSON монеты.
[55/178#w2] В БД: npm run royal-mint:import → npm run data:export (или data:export:incremental).

——— старт 57/178#w2 ———
https://www.royalmint.com/shop/monarch/queen-elizabeth-ii/2005-Elizabeth-II-Nelson-Five-Pounds
[56/178#w1]   ✓ 2005-elizabeth-ii-gunpowder-plot-double-proof-2-coin-rev.webp
[56/178#w1]   ✓ 2005-elizabeth-ii-gunpowder-plot-double-proof-2-coin-cert.webp
[56/178#w1] [dotenv@17.3.1] injecting env (1) from .env -- tip: ⚙️  suppress all logs with { quiet: true }
[56/178#w1] __RM_JSON__ /Users/mihail/Desktop/Нумизматика сайт/omonete-app/data/royal-mint-2005-elizabeth-ii-gunpowder-plot-double-proof-2-coin.json
[56/178#w1] 
[56/178#w1] Готово: /Users/mihail/Desktop/Нумизматика сайт/omonete-app/data/royal-mint-2005-elizabeth-ii-gunpowder-plot-double-proof-2-coin.json
[56/178#w1] Загрузка PDP: https://www.royalmint.com/shop/monarch/queen-elizabeth-ii/2005-Elizabeth-II-Gunpowder-Plot-Double-Proof-2-Coin
[56/178#w1] Классификация картинок: {
[56/178#w1]   "obverse": "https://www.royalmint.com/globalassets/__rebrand/_structure/shop/editions/_historic-coins/_product-image/his2ggun-2005-gunpowder-plot-gbp2-au-obverse.jpg",
[56/178#w1]   "reverse": "https://www.royalmint.com/globalassets/__rebrand/_structure/shop/editions/_historic-coins/_product-image/his2ggun-2005-gunpowder-plot-gbp2-au-reverse.jpg",
[56/178#w1]   "blister_obverse": null,
[56/178#w1]   "blister_reverse": null,
[56/178#w1]   "box": null,
[56/178#w1]   "certificate": "https://www.royalmint.com/globalassets/__rebrand/_structure/shop/editions/_historic-coins/_product-image/his2ggun-2005-gbp2-gunpowder-gold-coin-in-case.jpg"
[56/178#w1] }
[56/178#w1] 
[56/178#w1] ────────── Как увидеть монету на сайте (localhost) ──────────
[56/178#w1] Быстро (парсинг + public/data в один заход): npm run royal-mint:preview
[56/178#w1]   (или уже есть JSON: npx tsx scripts/royal-mint-to-public-catalog.ts "/Users/mihail/Desktop/Нумизматика сайт/omonete-app/data/royal-mint-2005-elizabeth-ii-gunpowder-plot-double-proof-2-coin.json")
[56/178#w1] Потом: npm run dev → http://localhost:3000/coins/991001/ (или ROYAL_MINT_LOCAL_ID)
[56/178#w1] Картинки (если скачались): public/image/coins/foreign/ — пути уже в JSON монеты.
[56/178#w1] В БД: npm run royal-mint:import → npm run data:export (или data:export:incremental).

——— старт 58/178#w1 ———
https://www.royalmint.com/shop/monarch/queen-elizabeth-ii/2005-Elizabeth-II-Trafalgar-Five-Pounds
[57/178#w2] Блок характеристик: div.mod-section.specification — найден, полей в specs: 9
[57/178#w2] Пропуск: на странице товара в названии/описании/таблице спецификаций найден грейдинг NGC/PCGS.
[57/178#w2] Файл: /Users/mihail/Desktop/Нумизматика сайт/omonete-app/data/royal-mint-2005-elizabeth-ii-nelson-five-pounds-skipped-graded-slab.json
[57/178#w2] Чтобы всё равно парсить: добавьте флаг --allow-graded-slab

——— старт 59/178#w2 ———
https://www.royalmint.com/shop/monarch/queen-elizabeth-ii/2006-Elizabeth-II-200th-Anniversary-of-the-Birth-of-Isambard-Kingdom-Brunel-Gold-2-Coin-2-Gold-Proof-Set
[58/178#w1] Блок характеристик: div.mod-section.specification — найден, полей в specs: 9
[58/178#w1] Пропуск: на странице товара в названии/описании/таблице спецификаций найден грейдинг NGC/PCGS.
[58/178#w1] Файл: /Users/mihail/Desktop/Нумизматика сайт/omonete-app/data/royal-mint-2005-elizabeth-ii-trafalgar-five-pounds-skipped-graded-slab.json
[58/178#w1] Чтобы всё равно парсить: добавьте флаг --allow-graded-slab

——— старт 60/178#w1 ———
https://www.royalmint.com/shop/monarch/queen-elizabeth-ii/2008-Elizabeth-II-Beijing-to-London-Olympic-Gold-Proof-2
[59/178#w2] Блок характеристик: div.mod-section.specification — найден, полей в specs: 8
[60/178#w1] Блок характеристик: div.mod-section.specification — найден, полей в specs: 9
[59/178#w2]   ✓ 2006-elizabeth-ii-200th-anniversary-of-the-birth-of-isambard-kingdom-brunel-gold-2-coin-2-gold-proof-set-obv.webp
[59/178#w2]   ✓ 2006-elizabeth-ii-200th-anniversary-of-the-birth-of-isambard-kingdom-brunel-gold-2-coin-2-gold-proof-set-rev.webp
[59/178#w2] [dotenv@17.3.1] injecting env (1) from .env -- tip: 🔐 prevent committing .env to code: https://dotenvx.com/precommit
[59/178#w2] __RM_JSON__ /Users/mihail/Desktop/Нумизматика сайт/omonete-app/data/royal-mint-2006-elizabeth-ii-200th-anniversary-of-the-birth-of-isambard-kingdom-brunel-gold-2-coin-2-gold-proof-set.json
[59/178#w2] 
[59/178#w2] Готово: /Users/mihail/Desktop/Нумизматика сайт/omonete-app/data/royal-mint-2006-elizabeth-ii-200th-anniversary-of-the-birth-of-isambard-kingdom-brunel-gold-2-coin-2-gold-proof-set.json
[59/178#w2] Загрузка PDP: https://www.royalmint.com/shop/monarch/queen-elizabeth-ii/2006-Elizabeth-II-200th-Anniversary-of-the-Birth-of-Isambard-Kingdom-Brunel-Gold-2-Coin-2-Gold-Proof-Set
[59/178#w2] Классификация картинок: {
[59/178#w2]   "obverse": "https://www.royalmint.com/globalassets/__rebrand/_structure/shop/editions/_historic-coins/_product-image/his2gbrn-1-obv.jpg",
[59/178#w2]   "reverse": "https://www.royalmint.com/globalassets/__rebrand/_structure/shop/editions/_historic-coins/_product-image/his2gbrn-1-rev.jpg",
[59/178#w2]   "blister_obverse": null,
[59/178#w2]   "blister_reverse": null,
[59/178#w2]   "box": null,
[59/178#w2]   "certificate": null
[59/178#w2] }
[59/178#w2] 
[59/178#w2] ────────── Как увидеть монету на сайте (localhost) ──────────
[59/178#w2] Быстро (парсинг + public/data в один заход): npm run royal-mint:preview
[59/178#w2]   (или уже есть JSON: npx tsx scripts/royal-mint-to-public-catalog.ts "/Users/mihail/Desktop/Нумизматика сайт/omonete-app/data/royal-mint-2006-elizabeth-ii-200th-anniversary-of-the-birth-of-isambard-kingdom-brunel-gold-2-coin-2-gold-proof-set.json")
[59/178#w2] Потом: npm run dev → http://localhost:3000/coins/991001/ (или ROYAL_MINT_LOCAL_ID)
[59/178#w2] Картинки (если скачались): public/image/coins/foreign/ — пути уже в JSON монеты.
[59/178#w2] В БД: npm run royal-mint:import → npm run data:export (или data:export:incremental).

——— старт 61/178#w2 ———
https://www.royalmint.com/shop/monarch/queen-elizabeth-ii/2010-Elizabeth-II-Belfast-1-Gold-Proof-Coin
[60/178#w1]   ✓ 2008-elizabeth-ii-beijing-to-london-olympic-gold-proof-2-obv.webp
[60/178#w1]   ✓ 2008-elizabeth-ii-beijing-to-london-olympic-gold-proof-2-rev.webp
[60/178#w1] [dotenv@17.3.1] injecting env (1) from .env -- tip: 🔐 prevent committing .env to code: https://dotenvx.com/precommit
[60/178#w1] __RM_JSON__ /Users/mihail/Desktop/Нумизматика сайт/omonete-app/data/royal-mint-2008-elizabeth-ii-beijing-to-london-olympic-gold-proof-2.json
[60/178#w1] 
[60/178#w1] Готово: /Users/mihail/Desktop/Нумизматика сайт/omonete-app/data/royal-mint-2008-elizabeth-ii-beijing-to-london-olympic-gold-proof-2.json
[60/178#w1] Загрузка PDP: https://www.royalmint.com/shop/monarch/queen-elizabeth-ii/2008-Elizabeth-II-Beijing-to-London-Olympic-Gold-Proof-2
[60/178#w1] Классификация картинок: {
[60/178#w1]   "obverse": "https://www.royalmint.com/globalassets/__rebrand/_structure/shop/editions/_historic-coins/_product-image/hiseo20082p-2008-elizabeth-ii-beijing-to-london-olympic-gold-proof-2-obverse.jpg",
[60/178#w1]   "reverse": "https://www.royalmint.com/globalassets/__rebrand/_structure/shop/editions/_historic-coins/_product-image/hiseo20082p-2008-elizabeth-ii-beijing-to-london-olympic-gold-proof-2-reverse.jpg",
[60/178#w1]   "blister_obverse": null,
[60/178#w1]   "blister_reverse": null,
[60/178#w1]   "box": null,
[60/178#w1]   "certificate": null
[60/178#w1] }
[60/178#w1] 
[60/178#w1] ────────── Как увидеть монету на сайте (localhost) ──────────
[60/178#w1] Быстро (парсинг + public/data в один заход): npm run royal-mint:preview
[60/178#w1]   (или уже есть JSON: npx tsx scripts/royal-mint-to-public-catalog.ts "/Users/mihail/Desktop/Нумизматика сайт/omonete-app/data/royal-mint-2008-elizabeth-ii-beijing-to-london-olympic-gold-proof-2.json")
[60/178#w1] Потом: npm run dev → http://localhost:3000/coins/991001/ (или ROYAL_MINT_LOCAL_ID)
[60/178#w1] Картинки (если скачались): public/image/coins/foreign/ — пути уже в JSON монеты.
[60/178#w1] В БД: npm run royal-mint:import → npm run data:export (или data:export:incremental).

——— старт 62/178#w1 ———
https://www.royalmint.com/shop/monarch/queen-elizabeth-ii/2010-Elizabeth-II-London-1-Gold-Proof-Coin
[61/178#w2] Блок характеристик: div.mod-section.specification — найден, полей в specs: 9
[62/178#w1] Блок характеристик: div.mod-section.specification — найден, полей в specs: 9
[61/178#w2]   ✓ 2010-elizabeth-ii-belfast-1-gold-proof-coin-obv.webp
[61/178#w2]   ✓ 2010-elizabeth-ii-belfast-1-gold-proof-coin-rev.webp
[61/178#w2] [dotenv@17.3.1] injecting env (1) from .env -- tip: ⚙️  specify custom .env file path with { path: '/custom/path/.env' }
[62/178#w1]   ✓ 2010-elizabeth-ii-london-1-gold-proof-coin-obv.webp
[61/178#w2] __RM_JSON__ /Users/mihail/Desktop/Нумизматика сайт/omonete-app/data/royal-mint-2010-elizabeth-ii-belfast-1-gold-proof-coin.json
[61/178#w2] 
[61/178#w2] Готово: /Users/mihail/Desktop/Нумизматика сайт/omonete-app/data/royal-mint-2010-elizabeth-ii-belfast-1-gold-proof-coin.json
[61/178#w2] Загрузка PDP: https://www.royalmint.com/shop/monarch/queen-elizabeth-ii/2010-Elizabeth-II-Belfast-1-Gold-Proof-Coin
[61/178#w2] Классификация картинок: {
[61/178#w2]   "obverse": "https://www.royalmint.com/globalassets/__rebrand/_structure/shop/editions/_historic-coins/_product-image/trma0423-gbp1-belfast-obverse.jpg",
[61/178#w2]   "reverse": "https://www.royalmint.com/globalassets/__rebrand/_structure/shop/editions/_historic-coins/_product-image/trma0423-gbp1-belfast-reverse.jpg",
[61/178#w2]   "blister_obverse": null,
[61/178#w2]   "blister_reverse": null,
[61/178#w2]   "box": null,
[61/178#w2]   "certificate": null
[61/178#w2] }
[61/178#w2] 
[61/178#w2] ────────── Как увидеть монету на сайте (localhost) ──────────
[61/178#w2] Быстро (парсинг + public/data в один заход): npm run royal-mint:preview
[61/178#w2]   (или уже есть JSON: npx tsx scripts/royal-mint-to-public-catalog.ts "/Users/mihail/Desktop/Нумизматика сайт/omonete-app/data/royal-mint-2010-elizabeth-ii-belfast-1-gold-proof-coin.json")
[61/178#w2] Потом: npm run dev → http://localhost:3000/coins/991001/ (или ROYAL_MINT_LOCAL_ID)
[61/178#w2] Картинки (если скачались): public/image/coins/foreign/ — пути уже в JSON монеты.
[61/178#w2] В БД: npm run royal-mint:import → npm run data:export (или data:export:incremental).

——— старт 63/178#w2 ———
https://www.royalmint.com/shop/monarch/queen-elizabeth-ii/2012-Elizabeth-II-London-to-Rio-Olympic-Gold-Proof-2
[62/178#w1]   ✓ 2010-elizabeth-ii-london-1-gold-proof-coin-rev.webp
[62/178#w1] [dotenv@17.3.1] injecting env (1) from .env -- tip: 🔐 prevent committing .env to code: https://dotenvx.com/precommit
[62/178#w1] __RM_JSON__ /Users/mihail/Desktop/Нумизматика сайт/omonete-app/data/royal-mint-2010-elizabeth-ii-london-1-gold-proof-coin.json
[62/178#w1] 
[62/178#w1] Готово: /Users/mihail/Desktop/Нумизматика сайт/omonete-app/data/royal-mint-2010-elizabeth-ii-london-1-gold-proof-coin.json
[62/178#w1] Загрузка PDP: https://www.royalmint.com/shop/monarch/queen-elizabeth-ii/2010-Elizabeth-II-London-1-Gold-Proof-Coin
[62/178#w1] Классификация картинок: {
[62/178#w1]   "obverse": "https://www.royalmint.com/globalassets/__rebrand/_structure/shop/editions/_historic-coins/_product-image/his2010gp1-obverse.jpg",
[62/178#w1]   "reverse": "https://www.royalmint.com/globalassets/__rebrand/_structure/shop/editions/_historic-coins/_product-image/his2010gp1-reverse.jpg",
[62/178#w1]   "blister_obverse": null,
[62/178#w1]   "blister_reverse": null,
[62/178#w1]   "box": null,
[62/178#w1]   "certificate": null
[62/178#w1] }
[62/178#w1] 
[62/178#w1] ────────── Как увидеть монету на сайте (localhost) ──────────
[62/178#w1] Быстро (парсинг + public/data в один заход): npm run royal-mint:preview
[62/178#w1]   (или уже есть JSON: npx tsx scripts/royal-mint-to-public-catalog.ts "/Users/mihail/Desktop/Нумизматика сайт/omonete-app/data/royal-mint-2010-elizabeth-ii-london-1-gold-proof-coin.json")
[62/178#w1] Потом: npm run dev → http://localhost:3000/coins/991001/ (или ROYAL_MINT_LOCAL_ID)
[62/178#w1] Картинки (если скачались): public/image/coins/foreign/ — пути уже в JSON монеты.
[62/178#w1] В БД: npm run royal-mint:import → npm run data:export (или data:export:incremental).

——— старт 64/178#w1 ———
https://www.royalmint.com/shop/monarch/queen-elizabeth-ii/2015-Elizabeth-II-Churchill-Five-Pounds
[63/178#w2] Блок характеристик: div.mod-section.specification — найден, полей в specs: 9
[64/178#w1] Блок характеристик: div.mod-section.specification — найден, полей в specs: 10
[64/178#w1] Пропуск: на странице товара в названии/описании/таблице спецификаций найден грейдинг NGC/PCGS.
[64/178#w1] Файл: /Users/mihail/Desktop/Нумизматика сайт/omonete-app/data/royal-mint-2015-elizabeth-ii-churchill-five-pounds-skipped-graded-slab.json
[64/178#w1] Чтобы всё равно парсить: добавьте флаг --allow-graded-slab

——— старт 65/178#w1 ———
https://www.royalmint.com/shop/monarch/queen-elizabeth-ii/2015-Elizabeth-II-Waterloo-Five-Pounds
[63/178#w2]   ✓ 2012-elizabeth-ii-london-to-rio-olympic-gold-proof-2-obv.webp
[63/178#w2]   ✓ 2012-elizabeth-ii-london-to-rio-olympic-gold-proof-2-rev.webp
[63/178#w2] [dotenv@17.3.1] injecting env (1) from .env -- tip: ⚙️  load multiple .env files with { path: ['.env.local', '.env'] }
[63/178#w2] __RM_JSON__ /Users/mihail/Desktop/Нумизматика сайт/omonete-app/data/royal-mint-2012-elizabeth-ii-london-to-rio-olympic-gold-proof-2.json
[63/178#w2] 
[63/178#w2] Готово: /Users/mihail/Desktop/Нумизматика сайт/omonete-app/data/royal-mint-2012-elizabeth-ii-london-to-rio-olympic-gold-proof-2.json
[63/178#w2] Загрузка PDP: https://www.royalmint.com/shop/monarch/queen-elizabeth-ii/2012-Elizabeth-II-London-to-Rio-Olympic-Gold-Proof-2
[63/178#w2] Классификация картинок: {
[63/178#w2]   "obverse": "https://www.royalmint.com/globalassets/__rebrand/_structure/shop/editions/_historic-coins/_product-image/hiseo20122p-2012-elizabeth-ii-london-to-rio-olympic-gold-proof-2-obverse.jpg",
[63/178#w2]   "reverse": "https://www.royalmint.com/globalassets/__rebrand/_structure/shop/editions/_historic-coins/_product-image/hiseo20122p-2012-elizabeth-ii-london-to-rio-olympic-gold-proof-2-reverse.jpg",
[63/178#w2]   "blister_obverse": null,
[63/178#w2]   "blister_reverse": null,
[63/178#w2]   "box": null,
[63/178#w2]   "certificate": null
[63/178#w2] }
[63/178#w2] 
[63/178#w2] ────────── Как увидеть монету на сайте (localhost) ──────────
[63/178#w2] Быстро (парсинг + public/data в один заход): npm run royal-mint:preview
[63/178#w2]   (или уже есть JSON: npx tsx scripts/royal-mint-to-public-catalog.ts "/Users/mihail/Desktop/Нумизматика сайт/omonete-app/data/royal-mint-2012-elizabeth-ii-london-to-rio-olympic-gold-proof-2.json")
[63/178#w2] Потом: npm run dev → http://localhost:3000/coins/991001/ (или ROYAL_MINT_LOCAL_ID)
[63/178#w2] Картинки (если скачались): public/image/coins/foreign/ — пути уже в JSON монеты.
[63/178#w2] В БД: npm run royal-mint:import → npm run data:export (или data:export:incremental).

——— старт 66/178#w2 ———
https://www.royalmint.com/shop/monarch/queen-elizabeth-ii/2016-Queen-Elizabeth-II-950th-Anniversary-of-Battle-of-Hastings-50p-Gold-Proof-Coin
[65/178#w1] Блок характеристик: div.mod-section.specification — найден, полей в specs: 10
[65/178#w1] Пропуск: на странице товара в названии/описании/таблице спецификаций найден грейдинг NGC/PCGS.
[65/178#w1] Файл: /Users/mihail/Desktop/Нумизматика сайт/omonete-app/data/royal-mint-2015-elizabeth-ii-waterloo-five-pounds-skipped-graded-slab.json
[65/178#w1] Чтобы всё равно парсить: добавьте флаг --allow-graded-slab

——— старт 67/178#w1 ———
https://www.royalmint.com/shop/monarch/queen-elizabeth-ii/2017-Elizabeth-II-Jane-Austen-Gold-Proof-2-Coin
[66/178#w2] Блок характеристик: div.mod-section.specification — найден, полей в specs: 9
[66/178#w2]   ✓ 2016-queen-elizabeth-ii-950th-anniversary-of-battle-of-hastings-50p-gold-proof-coin-obv.webp
[66/178#w2]   ✓ 2016-queen-elizabeth-ii-950th-anniversary-of-battle-of-hastings-50p-gold-proof-coin-rev.webp
[66/178#w2] [dotenv@17.3.1] injecting env (1) from .env -- tip: ⚙️  load multiple .env files with { path: ['.env.local', '.env'] }
[66/178#w2] __RM_JSON__ /Users/mihail/Desktop/Нумизматика сайт/omonete-app/data/royal-mint-2016-queen-elizabeth-ii-950th-anniversary-of-battle-of-hastings-50p-gold-proof-coin.json
[66/178#w2] 
[66/178#w2] Готово: /Users/mihail/Desktop/Нумизматика сайт/omonete-app/data/royal-mint-2016-queen-elizabeth-ii-950th-anniversary-of-battle-of-hastings-50p-gold-proof-coin.json
[66/178#w2] Загрузка PDP: https://www.royalmint.com/shop/monarch/queen-elizabeth-ii/2016-Queen-Elizabeth-II-950th-Anniversary-of-Battle-of-Hastings-50p-Gold-Proof-Coin
[66/178#w2] Классификация картинок: {
[66/178#w2]   "obverse": "https://www.royalmint.com/globalassets/__rebrand/_structure/shop/editions/_historic-coins/_product-image/hisuk16bhgp-battle-of-hastings-50p-gold-proof-obverse.jpg",
[66/178#w2]   "reverse": "https://www.royalmint.com/globalassets/__rebrand/_structure/shop/editions/_historic-coins/_product-image/hisuk16bhgp-battle-of-hastings-50p-gold-proof-reverse.jpg",
[66/178#w2]   "blister_obverse": null,
[66/178#w2]   "blister_reverse": null,
[66/178#w2]   "box": null,
[66/178#w2]   "certificate": null
[66/178#w2] }
[66/178#w2] 
[66/178#w2] ────────── Как увидеть монету на сайте (localhost) ──────────
[66/178#w2] Быстро (парсинг + public/data в один заход): npm run royal-mint:preview
[66/178#w2]   (или уже есть JSON: npx tsx scripts/royal-mint-to-public-catalog.ts "/Users/mihail/Desktop/Нумизматика сайт/omonete-app/data/royal-mint-2016-queen-elizabeth-ii-950th-anniversary-of-battle-of-hastings-50p-gold-proof-coin.json")
[66/178#w2] Потом: npm run dev → http://localhost:3000/coins/991001/ (или ROYAL_MINT_LOCAL_ID)
[66/178#w2] Картинки (если скачались): public/image/coins/foreign/ — пути уже в JSON монеты.
[66/178#w2] В БД: npm run royal-mint:import → npm run data:export (или data:export:incremental).

——— старт 68/178#w2 ———
https://www.royalmint.com/shop/monarch/queen-elizabeth-ii/2017-Elizabeth-II-Queens-Beasts-Unicorn-of-Scotland-Gold-Proof-Quarter-Ounce-Coin
[67/178#w1] Блок характеристик: div.mod-section.specification — найден, полей в specs: 10
[67/178#w1]   ✓ 2017-elizabeth-ii-jane-austen-gold-proof-2-coin-obv.webp
[67/178#w1]   ✓ 2017-elizabeth-ii-jane-austen-gold-proof-2-coin-rev.webp
[67/178#w1] [dotenv@17.3.1] injecting env (1) from .env -- tip: ⚙️  suppress all logs with { quiet: true }
[67/178#w1] __RM_JSON__ /Users/mihail/Desktop/Нумизматика сайт/omonete-app/data/royal-mint-2017-elizabeth-ii-jane-austen-gold-proof-2-coin.json
[67/178#w1] 
[67/178#w1] Готово: /Users/mihail/Desktop/Нумизматика сайт/omonete-app/data/royal-mint-2017-elizabeth-ii-jane-austen-gold-proof-2-coin.json
[67/178#w1] Загрузка PDP: https://www.royalmint.com/shop/monarch/queen-elizabeth-ii/2017-Elizabeth-II-Jane-Austen-Gold-Proof-2-Coin
[67/178#w1] Классификация картинок: {
[67/178#w1]   "obverse": "https://www.royalmint.com/globalassets/the-royal-mint/images/pages/shop/events/jane-austen/product-images/piedfort/the-200th-anniversary-of-the-death-of-jane-austen-2017-uk-2-gold-proof-coin-obv-tone---ukp14887.jpg",
[67/178#w1]   "reverse": "https://www.royalmint.com/globalassets/the-royal-mint/images/pages/shop/events/jane-austen/product-images/piedfort/the-200th-anniversary-of-the-death-of-jane-austen-2017-uk-2-gold-proof-coin-rev-tone---ukp14887.jpg",
[67/178#w1]   "blister_obverse": null,
[67/178#w1]   "blister_reverse": null,
[67/178#w1]   "box": null,
[67/178#w1]   "certificate": null
[67/178#w1] }
[67/178#w1] 
[67/178#w1] ────────── Как увидеть монету на сайте (localhost) ──────────
[67/178#w1] Быстро (парсинг + public/data в один заход): npm run royal-mint:preview
[67/178#w1]   (или уже есть JSON: npx tsx scripts/royal-mint-to-public-catalog.ts "/Users/mihail/Desktop/Нумизматика сайт/omonete-app/data/royal-mint-2017-elizabeth-ii-jane-austen-gold-proof-2-coin.json")
[67/178#w1] Потом: npm run dev → http://localhost:3000/coins/991001/ (или ROYAL_MINT_LOCAL_ID)
[67/178#w1] Картинки (если скачались): public/image/coins/foreign/ — пути уже в JSON монеты.
[67/178#w1] В БД: npm run royal-mint:import → npm run data:export (или data:export:incremental).

——— старт 69/178#w1 ———
https://www.royalmint.com/shop/monarch/queen-elizabeth-ii/2019-Queen-Elizabeth-II-Remembrance-Day-UK-5-Gold-Proof-Coin
[68/178#w2] Блок характеристик: div.mod-section.specification — найден, полей в specs: 8
[68/178#w2] [dotenv@17.3.1] injecting env (1) from .env -- tip: ⚙️  enable debug logging with { debug: true }
[68/178#w2] __RM_JSON__ /Users/mihail/Desktop/Нумизматика сайт/omonete-app/data/royal-mint-2017-elizabeth-ii-queens-beasts-unicorn-of-scotland-gold-proof-quarter-ounce-coin.json
[68/178#w2] 
[68/178#w2] Готово: /Users/mihail/Desktop/Нумизматика сайт/omonete-app/data/royal-mint-2017-elizabeth-ii-queens-beasts-unicorn-of-scotland-gold-proof-quarter-ounce-coin.json
[68/178#w2] Загрузка PDP: https://www.royalmint.com/shop/monarch/queen-elizabeth-ii/2017-Elizabeth-II-Queens-Beasts-Unicorn-of-Scotland-Gold-Proof-Quarter-Ounce-Coin
[68/178#w2] Классификация картинок: {
[68/178#w2]   "obverse": null,
[68/178#w2]   "reverse": null,
[68/178#w2]   "blister_obverse": null,
[68/178#w2]   "blister_reverse": null,
[68/178#w2]   "box": null,
[68/178#w2]   "certificate": null
[68/178#w2] }
[68/178#w2] 
[68/178#w2] ────────── Как увидеть монету на сайте (localhost) ──────────
[68/178#w2] Быстро (парсинг + public/data в один заход): npm run royal-mint:preview
[68/178#w2]   (или уже есть JSON: npx tsx scripts/royal-mint-to-public-catalog.ts "/Users/mihail/Desktop/Нумизматика сайт/omonete-app/data/royal-mint-2017-elizabeth-ii-queens-beasts-unicorn-of-scotland-gold-proof-quarter-ounce-coin.json")
[68/178#w2] Потом: npm run dev → http://localhost:3000/coins/991001/ (или ROYAL_MINT_LOCAL_ID)
[68/178#w2] Картинки (если скачались): public/image/coins/foreign/ — пути уже в JSON монеты.
[68/178#w2] В БД: npm run royal-mint:import → npm run data:export (или data:export:incremental).

——— старт 70/178#w2 ———
https://www.royalmint.com/shop/monarch/queen-elizabeth-ii/2020-Elizabeth-II-Captain-Cook-2-Gold-Proof-Coin
[69/178#w1] Блок характеристик: div.mod-section.specification — найден, полей в specs: 9
[69/178#w1] [dotenv@17.3.1] injecting env (1) from .env -- tip: 🔐 prevent committing .env to code: https://dotenvx.com/precommit
[69/178#w1] __RM_JSON__ /Users/mihail/Desktop/Нумизматика сайт/omonete-app/data/royal-mint-2019-queen-elizabeth-ii-remembrance-day-uk-5-gold-proof-coin.json
[69/178#w1] 
[69/178#w1] Готово: /Users/mihail/Desktop/Нумизматика сайт/omonete-app/data/royal-mint-2019-queen-elizabeth-ii-remembrance-day-uk-5-gold-proof-coin.json
[69/178#w1] Загрузка PDP: https://www.royalmint.com/shop/monarch/queen-elizabeth-ii/2019-Queen-Elizabeth-II-Remembrance-Day-UK-5-Gold-Proof-Coin
[69/178#w1] Классификация картинок: {
[69/178#w1]   "obverse": null,
[69/178#w1]   "reverse": null,
[69/178#w1]   "blister_obverse": null,
[69/178#w1]   "blister_reverse": null,
[69/178#w1]   "box": null,
[69/178#w1]   "certificate": null
[69/178#w1] }
[69/178#w1] 
[69/178#w1] ────────── Как увидеть монету на сайте (localhost) ──────────
[69/178#w1] Быстро (парсинг + public/data в один заход): npm run royal-mint:preview
[69/178#w1]   (или уже есть JSON: npx tsx scripts/royal-mint-to-public-catalog.ts "/Users/mihail/Desktop/Нумизматика сайт/omonete-app/data/royal-mint-2019-queen-elizabeth-ii-remembrance-day-uk-5-gold-proof-coin.json")
[69/178#w1] Потом: npm run dev → http://localhost:3000/coins/991001/ (или ROYAL_MINT_LOCAL_ID)
[69/178#w1] Картинки (если скачались): public/image/coins/foreign/ — пути уже в JSON монеты.
[69/178#w1] В БД: npm run royal-mint:import → npm run data:export (или data:export:incremental).

——— старт 71/178#w1 ———
https://www.royalmint.com/shop/monarch/queen-elizabeth-ii/2020-Queen-Elizabeth-II-Gold-Proof-Snowman-50p-Coin
[70/178#w2] Блок характеристик: div.mod-section.specification — найден, полей в specs: 11
[70/178#w2] [dotenv@17.3.1] injecting env (1) from .env -- tip: 🔐 prevent committing .env to code: https://dotenvx.com/precommit
[70/178#w2] __RM_JSON__ /Users/mihail/Desktop/Нумизматика сайт/omonete-app/data/royal-mint-2020-elizabeth-ii-captain-cook-2-gold-proof-coin.json
[70/178#w2] 
[70/178#w2] Готово: /Users/mihail/Desktop/Нумизматика сайт/omonete-app/data/royal-mint-2020-elizabeth-ii-captain-cook-2-gold-proof-coin.json
[70/178#w2] Загрузка PDP: https://www.royalmint.com/shop/monarch/queen-elizabeth-ii/2020-Elizabeth-II-Captain-Cook-2-Gold-Proof-Coin
[70/178#w2] Классификация картинок: {
[70/178#w2]   "obverse": null,
[70/178#w2]   "reverse": null,
[70/178#w2]   "blister_obverse": null,
[70/178#w2]   "blister_reverse": null,
[70/178#w2]   "box": null,
[70/178#w2]   "certificate": null
[70/178#w2] }
[70/178#w2] 
[70/178#w2] ────────── Как увидеть монету на сайте (localhost) ──────────
[70/178#w2] Быстро (парсинг + public/data в один заход): npm run royal-mint:preview
[70/178#w2]   (или уже есть JSON: npx tsx scripts/royal-mint-to-public-catalog.ts "/Users/mihail/Desktop/Нумизматика сайт/omonete-app/data/royal-mint-2020-elizabeth-ii-captain-cook-2-gold-proof-coin.json")
[70/178#w2] Потом: npm run dev → http://localhost:3000/coins/991001/ (или ROYAL_MINT_LOCAL_ID)
[70/178#w2] Картинки (если скачались): public/image/coins/foreign/ — пути уже в JSON монеты.
[70/178#w2] В БД: npm run royal-mint:import → npm run data:export (или data:export:incremental).

——— старт 72/178#w2 ———
https://www.royalmint.com/shop/monarch/queen-elizabeth-ii/2021-Elizabeth-II-95th-Birthday-Gold-Proof-Five-Pounds
[71/178#w1] Блок характеристик: div.mod-section.specification — найден, полей в specs: 9
[71/178#w1] ReferenceError: uniqueUrlsStable is not defined
[71/178#w1]     at filterUrlsByProductGalleryFolder (/Users/mihail/Desktop/Нумизматика сайт/omonete-app/scripts/fetch-royal-mint-coin-test.js:446:29)
[71/178#w1]     at main (/Users/mihail/Desktop/Нумизматика сайт/omonete-app/scripts/fetch-royal-mint-coin-test.js:848:21)

——— старт 73/178#w1 ———
https://www.royalmint.com/shop/monarch/queen-elizabeth-ii/2021-Elizabeth-II-Gold-5oz-Britannia
[72/178#w2] Блок характеристик: div.mod-section.specification — найден, полей в specs: 9
[72/178#w2]   ✓ 2021-elizabeth-ii-95th-birthday-gold-proof-five-pounds-obv.webp
[72/178#w2]   ✓ 2021-elizabeth-ii-95th-birthday-gold-proof-five-pounds-rev.webp
[72/178#w2] [dotenv@17.3.1] injecting env (1) from .env -- tip: 🛡️ auth for agents: https://vestauth.com
[72/178#w2] __RM_JSON__ /Users/mihail/Desktop/Нумизматика сайт/omonete-app/data/royal-mint-2021-elizabeth-ii-95th-birthday-gold-proof-five-pounds.json
[72/178#w2] 
[72/178#w2] Готово: /Users/mihail/Desktop/Нумизматика сайт/omonete-app/data/royal-mint-2021-elizabeth-ii-95th-birthday-gold-proof-five-pounds.json
[72/178#w2] Загрузка PDP: https://www.royalmint.com/shop/monarch/queen-elizabeth-ii/2021-Elizabeth-II-95th-Birthday-Gold-Proof-Five-Pounds
[72/178#w2] Классификация картинок: {
[72/178#w2]   "obverse": "https://www.royalmint.com/globalassets/__rebrand/_structure/shop/editions/_historic-coins/_product-image/hise295-2021-gbp5-gold-queen-elizabeth-ii-95th-birthday-obverse.jpg",
[72/178#w2]   "reverse": "https://www.royalmint.com/globalassets/__rebrand/_structure/shop/editions/_historic-coins/_product-image/hise295-2021-gbp5-gold-queen-elizabeth-ii-95th-birthday-reverse.jpg",
[72/178#w2]   "blister_obverse": null,
[72/178#w2]   "blister_reverse": null,
[72/178#w2]   "box": null,
[72/178#w2]   "certificate": null
[72/178#w2] }
[72/178#w2] 
[72/178#w2] ────────── Как увидеть монету на сайте (localhost) ──────────
[72/178#w2] Быстро (парсинг + public/data в один заход): npm run royal-mint:preview
[72/178#w2]   (или уже есть JSON: npx tsx scripts/royal-mint-to-public-catalog.ts "/Users/mihail/Desktop/Нумизматика сайт/omonete-app/data/royal-mint-2021-elizabeth-ii-95th-birthday-gold-proof-five-pounds.json")
[72/178#w2] Потом: npm run dev → http://localhost:3000/coins/991001/ (или ROYAL_MINT_LOCAL_ID)
[72/178#w2] Картинки (если скачались): public/image/coins/foreign/ — пути уже в JSON монеты.
[72/178#w2] В БД: npm run royal-mint:import → npm run data:export (или data:export:incremental).

——— старт 74/178#w2 ———
https://www.royalmint.com/shop/monarch/queen-elizabeth-ii/golden-wedding-gold-5-pound
[73/178#w1] Блок характеристик: div.mod-section.specification — найден, полей в specs: 9
[73/178#w1] Пропуск: на странице товара в названии/описании/таблице спецификаций найден грейдинг NGC/PCGS.
[73/178#w1] Файл: /Users/mihail/Desktop/Нумизматика сайт/omonete-app/data/royal-mint-2021-elizabeth-ii-gold-5oz-britannia-skipped-graded-slab.json
[73/178#w1] Чтобы всё равно парсить: добавьте флаг --allow-graded-slab

——— старт 75/178#w1 ———
https://www.royalmint.com/shop/monarch/queen-elizabeth-ii/queens-80th-birthday-gold-5-pound-coin
[74/178#w2] Блок характеристик: div.mod-section.specification — найден, полей в specs: 6
[74/178#w2] [dotenv@17.3.1] injecting env (1) from .env -- tip: 🔐 prevent committing .env to code: https://dotenvx.com/precommit
[74/178#w2] __RM_JSON__ /Users/mihail/Desktop/Нумизматика сайт/omonete-app/data/royal-mint-golden-wedding-gold-5-pound.json
[74/178#w2] 
[74/178#w2] Готово: /Users/mihail/Desktop/Нумизматика сайт/omonete-app/data/royal-mint-golden-wedding-gold-5-pound.json
[74/178#w2] Загрузка PDP: https://www.royalmint.com/shop/monarch/queen-elizabeth-ii/golden-wedding-gold-5-pound
[74/178#w2] Классификация картинок: {
[74/178#w2]   "obverse": null,
[74/178#w2]   "reverse": null,
[74/178#w2]   "blister_obverse": null,
[74/178#w2]   "blister_reverse": null,
[74/178#w2]   "box": null,
[74/178#w2]   "certificate": null
[74/178#w2] }
[74/178#w2] 
[74/178#w2] ────────── Как увидеть монету на сайте (localhost) ──────────
[74/178#w2] Быстро (парсинг + public/data в один заход): npm run royal-mint:preview
[74/178#w2]   (или уже есть JSON: npx tsx scripts/royal-mint-to-public-catalog.ts "/Users/mihail/Desktop/Нумизматика сайт/omonete-app/data/royal-mint-golden-wedding-gold-5-pound.json")
[74/178#w2] Потом: npm run dev → http://localhost:3000/coins/991001/ (или ROYAL_MINT_LOCAL_ID)
[74/178#w2] Картинки (если скачались): public/image/coins/foreign/ — пути уже в JSON монеты.
[74/178#w2] В БД: npm run royal-mint:import → npm run data:export (или data:export:incremental).

——— старт 76/178#w2 ———
https://www.royalmint.com/shop/monarch/queen-elizabeth-ii/The-Royal-Tudor-Beasts-The-Seymore-Panther-Two-Ounce-Gold-Proof-Coin
[75/178#w1] Блок характеристик: div.mod-section.specification — найден, полей в specs: 7
[75/178#w1] [dotenv@17.3.1] injecting env (1) from .env -- tip: 🔐 encrypt with Dotenvx: https://dotenvx.com
[75/178#w1] __RM_JSON__ /Users/mihail/Desktop/Нумизматика сайт/omonete-app/data/royal-mint-queens-80th-birthday-gold-5-pound-coin.json
[75/178#w1] 
[75/178#w1] Готово: /Users/mihail/Desktop/Нумизматика сайт/omonete-app/data/royal-mint-queens-80th-birthday-gold-5-pound-coin.json
[75/178#w1] Загрузка PDP: https://www.royalmint.com/shop/monarch/queen-elizabeth-ii/queens-80th-birthday-gold-5-pound-coin
[75/178#w1] Классификация картинок: {
[75/178#w1]   "obverse": null,
[75/178#w1]   "reverse": null,
[75/178#w1]   "blister_obverse": null,
[75/178#w1]   "blister_reverse": null,
[75/178#w1]   "box": null,
[75/178#w1]   "certificate": null
[75/178#w1] }
[75/178#w1] 
[75/178#w1] ────────── Как увидеть монету на сайте (localhost) ──────────
[75/178#w1] Быстро (парсинг + public/data в один заход): npm run royal-mint:preview
[75/178#w1]   (или уже есть JSON: npx tsx scripts/royal-mint-to-public-catalog.ts "/Users/mihail/Desktop/Нумизматика сайт/omonete-app/data/royal-mint-queens-80th-birthday-gold-5-pound-coin.json")
[75/178#w1] Потом: npm run dev → http://localhost:3000/coins/991001/ (или ROYAL_MINT_LOCAL_ID)
[75/178#w1] Картинки (если скачались): public/image/coins/foreign/ — пути уже в JSON монеты.
[75/178#w1] В БД: npm run royal-mint:import → npm run data:export (или data:export:incremental).

——— старт 77/178#w1 ———
https://www.royalmint.com/sovereign/all/1991-Elizabeth-II-Proof-Sovereign/?listId=All_Sovereign_Coins&listName=All%20Sovereign%20Coins
[76/178#w2] Блок характеристик: div.mod-section.specification — найден, полей в specs: 9
[76/178#w2] [dotenv@17.3.1] injecting env (1) from .env -- tip: ⚙️  write to custom object with { processEnv: myObject }
[76/178#w2] __RM_JSON__ /Users/mihail/Desktop/Нумизматика сайт/omonete-app/data/royal-mint-the-royal-tudor-beasts-the-seymore-panther-two-ounce-gold-proof-coin.json
[76/178#w2] 
[76/178#w2] Готово: /Users/mihail/Desktop/Нумизматика сайт/omonete-app/data/royal-mint-the-royal-tudor-beasts-the-seymore-panther-two-ounce-gold-proof-coin.json
[76/178#w2] Загрузка PDP: https://www.royalmint.com/shop/monarch/queen-elizabeth-ii/The-Royal-Tudor-Beasts-The-Seymore-Panther-Two-Ounce-Gold-Proof-Coin
[76/178#w2] Классификация картинок: {
[76/178#w2]   "obverse": null,
[76/178#w2]   "reverse": null,
[76/178#w2]   "blister_obverse": null,
[76/178#w2]   "blister_reverse": null,
[76/178#w2]   "box": null,
[76/178#w2]   "certificate": null
[76/178#w2] }
[76/178#w2] 
[76/178#w2] ────────── Как увидеть монету на сайте (localhost) ──────────
[76/178#w2] Быстро (парсинг + public/data в один заход): npm run royal-mint:preview
[76/178#w2]   (или уже есть JSON: npx tsx scripts/royal-mint-to-public-catalog.ts "/Users/mihail/Desktop/Нумизматика сайт/omonete-app/data/royal-mint-the-royal-tudor-beasts-the-seymore-panther-two-ounce-gold-proof-coin.json")
[76/178#w2] Потом: npm run dev → http://localhost:3000/coins/991001/ (или ROYAL_MINT_LOCAL_ID)
[76/178#w2] Картинки (если скачались): public/image/coins/foreign/ — пути уже в JSON монеты.
[76/178#w2] В БД: npm run royal-mint:import → npm run data:export (или data:export:incremental).

——— старт 78/178#w2 ———
https://www.royalmint.com/sovereign/all/1994-Elizabeth-II-Proof-Double-Sovereign-Gold-Coin/?listId=All_Sovereign_Coins&listName=All%20Sovereign%20Coins
[77/178#w1] Блок характеристик: div.mod-section.specification — найден, полей в specs: 9
[77/178#w1]   ✓ 1991-elizabeth-ii-proof-sovereign-obv.webp
[78/178#w2] Блок характеристик: div.mod-section.specification — найден, полей в specs: 9
[77/178#w1]   ✓ 1991-elizabeth-ii-proof-sovereign-rev.webp
[77/178#w1] [dotenv@17.3.1] injecting env (1) from .env -- tip: ⚙️  load multiple .env files with { path: ['.env.local', '.env'] }
[77/178#w1] __RM_JSON__ /Users/mihail/Desktop/Нумизматика сайт/omonete-app/data/royal-mint-1991-elizabeth-ii-proof-sovereign.json
[77/178#w1] 
[77/178#w1] Готово: /Users/mihail/Desktop/Нумизматика сайт/omonete-app/data/royal-mint-1991-elizabeth-ii-proof-sovereign.json
[77/178#w1] Загрузка PDP: https://www.royalmint.com/sovereign/all/1991-Elizabeth-II-Proof-Sovereign/?listId=All_Sovereign_Coins&listName=All%20Sovereign%20Coins
[77/178#w1] Классификация картинок: {
[77/178#w1]   "obverse": "https://www.royalmint.com/globalassets/__rebrand/_structure/shop/editions/_historic-coins/_product-image/hishso91-1991-half-sovereign-obverse.jpg",
[77/178#w1]   "reverse": "https://www.royalmint.com/globalassets/__rebrand/_structure/shop/editions/_historic-coins/_product-image/hishso91-1991-half-sovereign-reverse.jpg",
[77/178#w1]   "blister_obverse": null,
[77/178#w1]   "blister_reverse": null,
[77/178#w1]   "box": null,
[77/178#w1]   "certificate": null
[77/178#w1] }
[77/178#w1] 
[77/178#w1] ────────── Как увидеть монету на сайте (localhost) ──────────
[77/178#w1] Быстро (парсинг + public/data в один заход): npm run royal-mint:preview
[77/178#w1]   (или уже есть JSON: npx tsx scripts/royal-mint-to-public-catalog.ts "/Users/mihail/Desktop/Нумизматика сайт/omonete-app/data/royal-mint-1991-elizabeth-ii-proof-sovereign.json")
[77/178#w1] Потом: npm run dev → http://localhost:3000/coins/991001/ (или ROYAL_MINT_LOCAL_ID)
[77/178#w1] Картинки (если скачались): public/image/coins/foreign/ — пути уже в JSON монеты.
[77/178#w1] В БД: npm run royal-mint:import → npm run data:export (или data:export:incremental).

——— старт 79/178#w1 ———
https://www.royalmint.com/sovereign/all/2000-Elizabeth-II-Half-Sovereign/?listId=All_Sovereign_Coins&listName=All%20Sovereign%20Coins
[78/178#w2]   ✓ 1994-elizabeth-ii-proof-double-sovereign-gold-coin-obv.webp
[78/178#w2]   ✓ 1994-elizabeth-ii-proof-double-sovereign-gold-coin-rev.webp
[78/178#w2] [dotenv@17.3.1] injecting env (1) from .env -- tip: 🛠️  run anywhere with `dotenvx run -- yourcommand`
[78/178#w2] __RM_JSON__ /Users/mihail/Desktop/Нумизматика сайт/omonete-app/data/royal-mint-1994-elizabeth-ii-proof-double-sovereign-gold-coin.json
[78/178#w2] 
[78/178#w2] Готово: /Users/mihail/Desktop/Нумизматика сайт/omonete-app/data/royal-mint-1994-elizabeth-ii-proof-double-sovereign-gold-coin.json
[78/178#w2] Загрузка PDP: https://www.royalmint.com/sovereign/all/1994-Elizabeth-II-Proof-Double-Sovereign-Gold-Coin/?listId=All_Sovereign_Coins&listName=All%20Sovereign%20Coins
[78/178#w2] Классификация картинок: {
[78/178#w2]   "obverse": "https://www.royalmint.com/globalassets/__rebrand/_structure/shop/editions/_historic-coins/_product-image/hise94ds-1994-elizabeth-ii-proof-double-sovereign-obv.jpg",
[78/178#w2]   "reverse": "https://www.royalmint.com/globalassets/__rebrand/_structure/shop/editions/_historic-coins/_product-image/hise94ds-1994-elizabeth-ii-proof-double-sovereign-rev.jpg",
[78/178#w2]   "blister_obverse": null,
[78/178#w2]   "blister_reverse": null,
[78/178#w2]   "box": null,
[78/178#w2]   "certificate": null
[78/178#w2] }
[78/178#w2] 
[78/178#w2] ────────── Как увидеть монету на сайте (localhost) ──────────
[78/178#w2] Быстро (парсинг + public/data в один заход): npm run royal-mint:preview
[78/178#w2]   (или уже есть JSON: npx tsx scripts/royal-mint-to-public-catalog.ts "/Users/mihail/Desktop/Нумизматика сайт/omonete-app/data/royal-mint-1994-elizabeth-ii-proof-double-sovereign-gold-coin.json")
[78/178#w2] Потом: npm run dev → http://localhost:3000/coins/991001/ (или ROYAL_MINT_LOCAL_ID)
[78/178#w2] Картинки (если скачались): public/image/coins/foreign/ — пути уже в JSON монеты.
[78/178#w2] В БД: npm run royal-mint:import → npm run data:export (или data:export:incremental).

——— старт 80/178#w2 ———
https://www.royalmint.com/sovereign/all/2002-Elizabeth-II-Golden-Jubilee-Half-Sovereign/?listId=All_Sovereign_Coins&listName=All%20Sovereign%20Coins
[79/178#w1] Блок характеристик: div.mod-section.specification — найден, полей в specs: 9
[80/178#w2] Блок характеристик: div.mod-section.specification — найден, полей в specs: 8
[79/178#w1]   ✓ 2000-elizabeth-ii-half-sovereign-obv.webp
[80/178#w2]   ✓ 2002-elizabeth-ii-golden-jubilee-half-sovereign-obv.webp
[79/178#w1]   ✓ 2000-elizabeth-ii-half-sovereign-rev.webp
[79/178#w1] [dotenv@17.3.1] injecting env (1) from .env -- tip: ⚡️ secrets for agents: https://dotenvx.com/as2
[79/178#w1] __RM_JSON__ /Users/mihail/Desktop/Нумизматика сайт/omonete-app/data/royal-mint-2000-elizabeth-ii-half-sovereign.json
[79/178#w1] 
[79/178#w1] Готово: /Users/mihail/Desktop/Нумизматика сайт/omonete-app/data/royal-mint-2000-elizabeth-ii-half-sovereign.json
[79/178#w1] Загрузка PDP: https://www.royalmint.com/sovereign/all/2000-Elizabeth-II-Half-Sovereign/?listId=All_Sovereign_Coins&listName=All%20Sovereign%20Coins
[79/178#w1] Классификация картинок: {
[79/178#w1]   "obverse": "https://www.royalmint.com/globalassets/__rebrand/_structure/shop/editions/_historic-coins/_product-image/hishso00-2000-elizabeth-ii-half-sovereign-obverse.jpg",
[79/178#w1]   "reverse": "https://www.royalmint.com/globalassets/__rebrand/_structure/shop/editions/_historic-coins/_product-image/hishso00-2000-elizabeth-ii-half-sovereign-reverse.jpg",
[79/178#w1]   "blister_obverse": null,
[79/178#w1]   "blister_reverse": null,
[79/178#w1]   "box": null,
[79/178#w1]   "certificate": null
[79/178#w1] }
[79/178#w1] 
[79/178#w1] ────────── Как увидеть монету на сайте (localhost) ──────────
[79/178#w1] Быстро (парсинг + public/data в один заход): npm run royal-mint:preview
[79/178#w1]   (или уже есть JSON: npx tsx scripts/royal-mint-to-public-catalog.ts "/Users/mihail/Desktop/Нумизматика сайт/omonete-app/data/royal-mint-2000-elizabeth-ii-half-sovereign.json")
[79/178#w1] Потом: npm run dev → http://localhost:3000/coins/991001/ (или ROYAL_MINT_LOCAL_ID)
[79/178#w1] Картинки (если скачались): public/image/coins/foreign/ — пути уже в JSON монеты.
[79/178#w1] В БД: npm run royal-mint:import → npm run data:export (или data:export:incremental).
[80/178#w2]   ✓ 2002-elizabeth-ii-golden-jubilee-half-sovereign-rev.webp
[80/178#w2] [dotenv@17.3.1] injecting env (1) from .env -- tip: 🔐 encrypt with Dotenvx: https://dotenvx.com

——— старт 81/178#w1 ———
https://www.royalmint.com/sovereign/all/2002-Queen-Elizabeth-II-2-Proof-Sovereign/?listId=All_Sovereign_Coins&listName=All%20Sovereign%20Coins
[80/178#w2] __RM_JSON__ /Users/mihail/Desktop/Нумизматика сайт/omonete-app/data/royal-mint-2002-elizabeth-ii-golden-jubilee-half-sovereign.json
[80/178#w2] 
[80/178#w2] Готово: /Users/mihail/Desktop/Нумизматика сайт/omonete-app/data/royal-mint-2002-elizabeth-ii-golden-jubilee-half-sovereign.json
[80/178#w2] Загрузка PDP: https://www.royalmint.com/sovereign/all/2002-Elizabeth-II-Golden-Jubilee-Half-Sovereign/?listId=All_Sovereign_Coins&listName=All%20Sovereign%20Coins
[80/178#w2] Классификация картинок: {
[80/178#w2]   "obverse": "https://www.royalmint.com/globalassets/__rebrand/_structure/shop/editions/_historic-coins/_product-image/hisshso02-2002-half-sovereign-obverse.jpg",
[80/178#w2]   "reverse": "https://www.royalmint.com/globalassets/__rebrand/_structure/shop/editions/_historic-coins/_product-image/hisshso02-2002-half-sovereign-reverse.jpg",
[80/178#w2]   "blister_obverse": null,
[80/178#w2]   "blister_reverse": null,
[80/178#w2]   "box": null,
[80/178#w2]   "certificate": null
[80/178#w2] }
[80/178#w2] 
[80/178#w2] ────────── Как увидеть монету на сайте (localhost) ──────────
[80/178#w2] Быстро (парсинг + public/data в один заход): npm run royal-mint:preview
[80/178#w2]   (или уже есть JSON: npx tsx scripts/royal-mint-to-public-catalog.ts "/Users/mihail/Desktop/Нумизматика сайт/omonete-app/data/royal-mint-2002-elizabeth-ii-golden-jubilee-half-sovereign.json")
[80/178#w2] Потом: npm run dev → http://localhost:3000/coins/991001/ (или ROYAL_MINT_LOCAL_ID)
[80/178#w2] Картинки (если скачались): public/image/coins/foreign/ — пути уже в JSON монеты.
[80/178#w2] В БД: npm run royal-mint:import → npm run data:export (или data:export:incremental).

——— старт 82/178#w2 ———
https://www.royalmint.com/sovereign/all/2002-queen-elizabeth-ii-proof-sovereign-pf70/?listId=All_Sovereign_Coins&listName=All%20Sovereign%20Coins
[82/178#w2] Блок характеристик: div.mod-section.specification — найден, полей в specs: 9
[81/178#w1] Блок характеристик: div.mod-section.specification — найден, полей в specs: 8
[82/178#w2] Пропуск: на странице товара в названии/описании/таблице спецификаций найден грейдинг NGC/PCGS.
[82/178#w2] Файл: /Users/mihail/Desktop/Нумизматика сайт/omonete-app/data/royal-mint-2002-queen-elizabeth-ii-proof-sovereign-pf70-skipped-graded-slab.json
[82/178#w2] Чтобы всё равно парсить: добавьте флаг --allow-graded-slab

——— старт 83/178#w2 ———
https://www.royalmint.com/sovereign/all/2003-Elizabeth-II-Sovereign/?listId=All_Sovereign_Coins&listName=All%20Sovereign%20Coins
[81/178#w1] Пропуск: на странице товара в названии/описании/таблице спецификаций найден грейдинг NGC/PCGS.
[81/178#w1] Файл: /Users/mihail/Desktop/Нумизматика сайт/omonete-app/data/royal-mint-2002-queen-elizabeth-ii-2-proof-sovereign-skipped-graded-slab.json
[81/178#w1] Чтобы всё равно парсить: добавьте флаг --allow-graded-slab

——— старт 84/178#w1 ———
https://www.royalmint.com/sovereign/all/2004-Elizabeth-II-Proof-Half-Sovereign/?listId=All_Sovereign_Coins&listName=All%20Sovereign%20Coins
[83/178#w2] Блок характеристик: div.mod-section.specification — найден, полей в specs: 9
[83/178#w2] Пропуск: на странице товара в названии/описании/таблице спецификаций найден грейдинг NGC/PCGS.
[83/178#w2] Файл: /Users/mihail/Desktop/Нумизматика сайт/omonete-app/data/royal-mint-2003-elizabeth-ii-sovereign-skipped-graded-slab.json
[83/178#w2] Чтобы всё равно парсить: добавьте флаг --allow-graded-slab

——— старт 85/178#w2 ———
https://www.royalmint.com/sovereign/all/2004-UK-Proof-Half-Sovereign/?listId=All_Sovereign_Coins&listName=All%20Sovereign%20Coins
[84/178#w1] Блок характеристик: div.mod-section.specification — найден, полей в specs: 8
[84/178#w1] Пропуск: на странице товара в названии/описании/таблице спецификаций найден грейдинг NGC/PCGS.
[84/178#w1] Файл: /Users/mihail/Desktop/Нумизматика сайт/omonete-app/data/royal-mint-2004-elizabeth-ii-proof-half-sovereign-skipped-graded-slab.json
[84/178#w1] Чтобы всё равно парсить: добавьте флаг --allow-graded-slab

——— старт 86/178#w1 ———
https://www.royalmint.com/sovereign/all/2005-Elizabeth-II-Gold-Proof-Sovereign-PF70/?listId=All_Sovereign_Coins&listName=All%20Sovereign%20Coins
[86/178#w1] Блок характеристик: div.mod-section.specification — найден, полей в specs: 9
[86/178#w1] Пропуск: на странице товара в названии/описании/таблице спецификаций найден грейдинг NGC/PCGS.
[86/178#w1] Файл: /Users/mihail/Desktop/Нумизматика сайт/omonete-app/data/royal-mint-2005-elizabeth-ii-gold-proof-sovereign-pf70-skipped-graded-slab.json
[86/178#w1] Чтобы всё равно парсить: добавьте флаг --allow-graded-slab

——— старт 87/178#w1 ———
https://www.royalmint.com/sovereign/all/2005-Elizabeth-II-Gold-Sovereign/?listId=All_Sovereign_Coins&listName=All%20Sovereign%20Coins
[85/178#w2] Блок характеристик: div.mod-section.specification — найден, полей в specs: 8
[85/178#w2] ReferenceError: uniqueUrlsStable is not defined
[85/178#w2]     at filterUrlsByProductGalleryFolder (/Users/mihail/Desktop/Нумизматика сайт/omonete-app/scripts/fetch-royal-mint-coin-test.js:446:29)
[85/178#w2]     at main (/Users/mihail/Desktop/Нумизматика сайт/omonete-app/scripts/fetch-royal-mint-coin-test.js:848:21)

——— старт 88/178#w2 ———
https://www.royalmint.com/sovereign/all/2005-Elizabeth-II-Proof-Sovereign-PF70/?listId=All_Sovereign_Coins&listName=All%20Sovereign%20Coins
[87/178#w1] Блок характеристик: div.mod-section.specification — найден, полей в specs: 10
[88/178#w2] Блок характеристик: div.mod-section.specification — найден, полей в specs: 9
[88/178#w2] Пропуск: на странице товара в названии/описании/таблице спецификаций найден грейдинг NGC/PCGS.
[88/178#w2] Файл: /Users/mihail/Desktop/Нумизматика сайт/omonete-app/data/royal-mint-2005-elizabeth-ii-proof-sovereign-pf70-skipped-graded-slab.json
[88/178#w2] Чтобы всё равно парсить: добавьте флаг --allow-graded-slab

——— старт 89/178#w2 ———
https://www.royalmint.com/sovereign/all/2005-Elizabeth-II-Proof-Sovereign/?listId=All_Sovereign_Coins&listName=All%20Sovereign%20Coins
[87/178#w1]   ✓ 2005-elizabeth-ii-gold-sovereign-obv.webp
[87/178#w1]   ✓ 2005-elizabeth-ii-gold-sovereign-rev.webp
[87/178#w1]   ✓ 2005-elizabeth-ii-gold-sovereign-cert.webp
[87/178#w1] [dotenv@17.3.1] injecting env (1) from .env -- tip: 🔐 encrypt with Dotenvx: https://dotenvx.com
[87/178#w1] __RM_JSON__ /Users/mihail/Desktop/Нумизматика сайт/omonete-app/data/royal-mint-2005-elizabeth-ii-gold-sovereign.json
[87/178#w1] 
[87/178#w1] Готово: /Users/mihail/Desktop/Нумизматика сайт/omonete-app/data/royal-mint-2005-elizabeth-ii-gold-sovereign.json
[87/178#w1] Загрузка PDP: https://www.royalmint.com/sovereign/all/2005-Elizabeth-II-Gold-Sovereign/?listId=All_Sovereign_Coins&listName=All%20Sovereign%20Coins
[87/178#w1] Классификация картинок: {
[87/178#w1]   "obverse": "https://www.royalmint.com/globalassets/__rebrand/_structure/shop/editions/_historic-coins/_product-image/hissov2005-2005-sovereign-obv.jpg",
[87/178#w1]   "reverse": "https://www.royalmint.com/globalassets/__rebrand/_structure/shop/editions/_historic-coins/_product-image/hissov2005-2005-sovereign-rev.jpg",
[87/178#w1]   "blister_obverse": null,
[87/178#w1]   "blister_reverse": null,
[87/178#w1]   "box": null,
[87/178#w1]   "certificate": "https://www.royalmint.com/globalassets/__rebrand/_structure/shop/editions/_historic-coins/_product-image/hissov2005-the-sovereign-2005-gold-coin-carton-upright.jpg"
[87/178#w1] }
[87/178#w1] 
[87/178#w1] ────────── Как увидеть монету на сайте (localhost) ──────────
[87/178#w1] Быстро (парсинг + public/data в один заход): npm run royal-mint:preview
[87/178#w1]   (или уже есть JSON: npx tsx scripts/royal-mint-to-public-catalog.ts "/Users/mihail/Desktop/Нумизматика сайт/omonete-app/data/royal-mint-2005-elizabeth-ii-gold-sovereign.json")
[87/178#w1] Потом: npm run dev → http://localhost:3000/coins/991001/ (или ROYAL_MINT_LOCAL_ID)
[87/178#w1] Картинки (если скачались): public/image/coins/foreign/ — пути уже в JSON монеты.
[87/178#w1] В БД: npm run royal-mint:import → npm run data:export (или data:export:incremental).

——— старт 90/178#w1 ———
https://www.royalmint.com/sovereign/all/2006-queen-elizabeth-ii-proof-half-sovereign-pf69/?listId=All_Sovereign_Coins&listName=All%20Sovereign%20Coins
[89/178#w2] Блок характеристик: div.mod-section.specification — найден, полей в specs: 9
[89/178#w2] Пропуск: на странице товара в названии/описании/таблице спецификаций найден грейдинг NGC/PCGS.
[89/178#w2] Файл: /Users/mihail/Desktop/Нумизматика сайт/omonete-app/data/royal-mint-2005-elizabeth-ii-proof-sovereign-skipped-graded-slab.json
[89/178#w2] Чтобы всё равно парсить: добавьте флаг --allow-graded-slab

——— старт 91/178#w2 ———
https://www.royalmint.com/sovereign/all/2008-Elizabeth-II-Proof-Five-Pound-Sovereign/?listId=All_Sovereign_Coins&listName=All%20Sovereign%20Coins
[90/178#w1] Блок характеристик: div.mod-section.specification — найден, полей в specs: 9
[90/178#w1]   ✓ 2006-queen-elizabeth-ii-proof-half-sovereign-pf69-obv.webp
[90/178#w1]   ✓ 2006-queen-elizabeth-ii-proof-half-sovereign-pf69-rev.webp
[90/178#w1] [dotenv@17.3.1] injecting env (1) from .env -- tip: ⚙️  enable debug logging with { debug: true }
[90/178#w1] __RM_JSON__ /Users/mihail/Desktop/Нумизматика сайт/omonete-app/data/royal-mint-2006-queen-elizabeth-ii-proof-half-sovereign-pf69.json
[90/178#w1] 
[90/178#w1] Готово: /Users/mihail/Desktop/Нумизматика сайт/omonete-app/data/royal-mint-2006-queen-elizabeth-ii-proof-half-sovereign-pf69.json
[90/178#w1] Загрузка PDP: https://www.royalmint.com/sovereign/all/2006-queen-elizabeth-ii-proof-half-sovereign-pf69/?listId=All_Sovereign_Coins&listName=All%20Sovereign%20Coins
[90/178#w1] Классификация картинок: {
[90/178#w1]   "obverse": "https://www.royalmint.com/globalassets/__rebrand/_structure/shop/editions/_historic-coins/_product-image/his2006hspf69_2006-queen-elizabeth-ii-proof-half-sovereign-pf69-obverse.jpg",
[90/178#w1]   "reverse": "https://www.royalmint.com/globalassets/__rebrand/_structure/shop/editions/_historic-coins/_product-image/his2006hspf69_2006-queen-elizabeth-ii-proof-half-sovereign-pf69-reverse.jpg",
[90/178#w1]   "blister_obverse": null,
[90/178#w1]   "blister_reverse": null,
[90/178#w1]   "box": null,
[90/178#w1]   "certificate": null
[90/178#w1] }
[90/178#w1] 
[90/178#w1] ────────── Как увидеть монету на сайте (localhost) ──────────
[90/178#w1] Быстро (парсинг + public/data в один заход): npm run royal-mint:preview
[90/178#w1]   (или уже есть JSON: npx tsx scripts/royal-mint-to-public-catalog.ts "/Users/mihail/Desktop/Нумизматика сайт/omonete-app/data/royal-mint-2006-queen-elizabeth-ii-proof-half-sovereign-pf69.json")
[90/178#w1] Потом: npm run dev → http://localhost:3000/coins/991001/ (или ROYAL_MINT_LOCAL_ID)
[90/178#w1] Картинки (если скачались): public/image/coins/foreign/ — пути уже в JSON монеты.
[90/178#w1] В БД: npm run royal-mint:import → npm run data:export (или data:export:incremental).

——— старт 92/178#w1 ———
https://www.royalmint.com/sovereign/all/2009-Elizabeth-II-Proof-Half-Sovereign-in-Capsule/?listId=All_Sovereign_Coins&listName=All%20Sovereign%20Coins
[91/178#w2] Блок характеристик: div.mod-section.specification — найден, полей в specs: 8
[91/178#w2] Пропуск: на странице товара в названии/описании/таблице спецификаций найден грейдинг NGC/PCGS.
[91/178#w2] Файл: /Users/mihail/Desktop/Нумизматика сайт/omonete-app/data/royal-mint-2008-elizabeth-ii-proof-five-pound-sovereign-skipped-graded-slab.json
[91/178#w2] Чтобы всё равно парсить: добавьте флаг --allow-graded-slab

——— старт 93/178#w2 ———
https://www.royalmint.com/sovereign/all/2009-Elizabeth-II-Proof-Half-Sovereign/?listId=All_Sovereign_Coins&listName=All%20Sovereign%20Coins
[93/178#w2] Блок характеристик: div.mod-section.specification — найден, полей в specs: 8
[93/178#w2]   ✓ 2009-elizabeth-ii-proof-half-sovereign-obv.webp
[93/178#w2]   ✓ 2009-elizabeth-ii-proof-half-sovereign-rev.webp
[93/178#w2] [dotenv@17.3.1] injecting env (1) from .env -- tip: ⚡️ secrets for agents: https://dotenvx.com/as2
[93/178#w2] __RM_JSON__ /Users/mihail/Desktop/Нумизматика сайт/omonete-app/data/royal-mint-2009-elizabeth-ii-proof-half-sovereign.json
[93/178#w2] 
[93/178#w2] Готово: /Users/mihail/Desktop/Нумизматика сайт/omonete-app/data/royal-mint-2009-elizabeth-ii-proof-half-sovereign.json
[93/178#w2] Загрузка PDP: https://www.royalmint.com/sovereign/all/2009-Elizabeth-II-Proof-Half-Sovereign/?listId=All_Sovereign_Coins&listName=All%20Sovereign%20Coins
[93/178#w2] Классификация картинок: {
[93/178#w2]   "obverse": "https://www.royalmint.com/globalassets/__rebrand/_structure/shop/editions/_historic-coins/_product-image/hishso09-2009-half-sovereign-obverse.jpg",
[93/178#w2]   "reverse": "https://www.royalmint.com/globalassets/__rebrand/_structure/shop/editions/_historic-coins/_product-image/hishso09-2009-half-sovereign-reverse.jpg",
[93/178#w2]   "blister_obverse": null,
[93/178#w2]   "blister_reverse": null,
[93/178#w2]   "box": null,
[93/178#w2]   "certificate": null
[93/178#w2] }
[93/178#w2] 
[93/178#w2] ────────── Как увидеть монету на сайте (localhost) ──────────
[93/178#w2] Быстро (парсинг + public/data в один заход): npm run royal-mint:preview
[93/178#w2]   (или уже есть JSON: npx tsx scripts/royal-mint-to-public-catalog.ts "/Users/mihail/Desktop/Нумизматика сайт/omonete-app/data/royal-mint-2009-elizabeth-ii-proof-half-sovereign.json")
[93/178#w2] Потом: npm run dev → http://localhost:3000/coins/991001/ (или ROYAL_MINT_LOCAL_ID)
[93/178#w2] Картинки (если скачались): public/image/coins/foreign/ — пути уже в JSON монеты.
[93/178#w2] В БД: npm run royal-mint:import → npm run data:export (или data:export:incremental).

——— старт 94/178#w2 ———
https://www.royalmint.com/sovereign/all/2010-Elizabeth-II-Half-Sovereign/?listId=All_Sovereign_Coins&listName=All%20Sovereign%20Coins
[92/178#w1] Блок характеристик: div.mod-section.specification — найден, полей в specs: 9
[92/178#w1]   ✓ 2009-elizabeth-ii-proof-half-sovereign-in-capsule-obv.webp
[92/178#w1]   ✓ 2009-elizabeth-ii-proof-half-sovereign-in-capsule-rev.webp
[92/178#w1] [dotenv@17.3.1] injecting env (1) from .env -- tip: ⚡️ secrets for agents: https://dotenvx.com/as2
[92/178#w1] __RM_JSON__ /Users/mihail/Desktop/Нумизматика сайт/omonete-app/data/royal-mint-2009-elizabeth-ii-proof-half-sovereign-in-capsule.json
[92/178#w1] 
[92/178#w1] Готово: /Users/mihail/Desktop/Нумизматика сайт/omonete-app/data/royal-mint-2009-elizabeth-ii-proof-half-sovereign-in-capsule.json
[92/178#w1] Загрузка PDP: https://www.royalmint.com/sovereign/all/2009-Elizabeth-II-Proof-Half-Sovereign-in-Capsule/?listId=All_Sovereign_Coins&listName=All%20Sovereign%20Coins
[92/178#w1] Классификация картинок: {
[92/178#w1]   "obverse": "https://www.royalmint.com/globalassets/__rebrand/_structure/shop/editions/_historic-coins/_product-image/hise09pc-2009-half-sovereign-obverse.jpg",
[92/178#w1]   "reverse": "https://www.royalmint.com/globalassets/__rebrand/_structure/shop/editions/_historic-coins/_product-image/hise09pc-2009-half-sovereign-reverse.jpg",
[92/178#w1]   "blister_obverse": null,
[92/178#w1]   "blister_reverse": null,
[92/178#w1]   "box": null,
[92/178#w1]   "certificate": null
[92/178#w1] }
[92/178#w1] 
[92/178#w1] ────────── Как увидеть монету на сайте (localhost) ──────────
[92/178#w1] Быстро (парсинг + public/data в один заход): npm run royal-mint:preview
[92/178#w1]   (или уже есть JSON: npx tsx scripts/royal-mint-to-public-catalog.ts "/Users/mihail/Desktop/Нумизматика сайт/omonete-app/data/royal-mint-2009-elizabeth-ii-proof-half-sovereign-in-capsule.json")
[92/178#w1] Потом: npm run dev → http://localhost:3000/coins/991001/ (или ROYAL_MINT_LOCAL_ID)
[92/178#w1] Картинки (если скачались): public/image/coins/foreign/ — пути уже в JSON монеты.
[92/178#w1] В БД: npm run royal-mint:import → npm run data:export (или data:export:incremental).

——— старт 95/178#w1 ———
https://www.royalmint.com/sovereign/all/2011-Elizabeth-II-Proof-Five-Pound-Sovereign/?listId=All_Sovereign_Coins&listName=All%20Sovereign%20Coins
[94/178#w2] Блок характеристик: div.mod-section.specification — найден, полей в specs: 8
[94/178#w2]   ✓ 2010-elizabeth-ii-half-sovereign-obv.webp
[94/178#w2]   ✓ 2010-elizabeth-ii-half-sovereign-rev.webp
[94/178#w2] [dotenv@17.3.1] injecting env (1) from .env -- tip: ⚡️ secrets for agents: https://dotenvx.com/as2
[94/178#w2] __RM_JSON__ /Users/mihail/Desktop/Нумизматика сайт/omonete-app/data/royal-mint-2010-elizabeth-ii-half-sovereign.json
[94/178#w2] 
[94/178#w2] Готово: /Users/mihail/Desktop/Нумизматика сайт/omonete-app/data/royal-mint-2010-elizabeth-ii-half-sovereign.json
[94/178#w2] Загрузка PDP: https://www.royalmint.com/sovereign/all/2010-Elizabeth-II-Half-Sovereign/?listId=All_Sovereign_Coins&listName=All%20Sovereign%20Coins
[94/178#w2] Классификация картинок: {
[94/178#w2]   "obverse": "https://www.royalmint.com/globalassets/__rebrand/_structure/shop/editions/_historic-coins/_product-image/hishso10-2010-elizabeth-ii-half-proof-sovereign-obverse.jpg",
[94/178#w2]   "reverse": "https://www.royalmint.com/globalassets/__rebrand/_structure/shop/editions/_historic-coins/_product-image/hishso10-2010-elizabeth-ii-half-proof-sovereign-reverse.jpg",
[94/178#w2]   "blister_obverse": null,
[94/178#w2]   "blister_reverse": null,
[94/178#w2]   "box": null,
[94/178#w2]   "certificate": null
[94/178#w2] }
[94/178#w2] 
[94/178#w2] ────────── Как увидеть монету на сайте (localhost) ──────────
[94/178#w2] Быстро (парсинг + public/data в один заход): npm run royal-mint:preview
[94/178#w2]   (или уже есть JSON: npx tsx scripts/royal-mint-to-public-catalog.ts "/Users/mihail/Desktop/Нумизматика сайт/omonete-app/data/royal-mint-2010-elizabeth-ii-half-sovereign.json")
[94/178#w2] Потом: npm run dev → http://localhost:3000/coins/991001/ (или ROYAL_MINT_LOCAL_ID)
[94/178#w2] Картинки (если скачались): public/image/coins/foreign/ — пути уже в JSON монеты.
[94/178#w2] В БД: npm run royal-mint:import → npm run data:export (или data:export:incremental).

——— старт 96/178#w2 ———
https://www.royalmint.com/sovereign/all/2011-Elizabeth-II-Quarter-Sovereign-Gold-Proof-Coin/?listId=All_Sovereign_Coins&listName=All%20Sovereign%20Coins
[95/178#w1] Блок характеристик: div.mod-section.specification — найден, полей в specs: 8
[95/178#w1] Пропуск: на странице товара в названии/описании/таблице спецификаций найден грейдинг NGC/PCGS.
[95/178#w1] Файл: /Users/mihail/Desktop/Нумизматика сайт/omonete-app/data/royal-mint-2011-elizabeth-ii-proof-five-pound-sovereign-skipped-graded-slab.json
[95/178#w1] Чтобы всё равно парсить: добавьте флаг --allow-graded-slab

——— старт 97/178#w1 ———
https://www.royalmint.com/sovereign/all/2012-Elizabeth-II-Diamond-Jubilee-Sovereign/?listId=All_Sovereign_Coins&listName=All%20Sovereign%20Coins
[96/178#w2] Блок характеристик: div.mod-section.specification — найден, полей в specs: 8
[96/178#w2]   ✓ 2011-elizabeth-ii-quarter-sovereign-gold-proof-coin-obv.webp
[96/178#w2]   ✓ 2011-elizabeth-ii-quarter-sovereign-gold-proof-coin-rev.webp
[96/178#w2]   ✓ 2011-elizabeth-ii-quarter-sovereign-gold-proof-coin-cert.webp
[96/178#w2] [dotenv@17.3.1] injecting env (1) from .env -- tip: ⚙️  suppress all logs with { quiet: true }
[96/178#w2] __RM_JSON__ /Users/mihail/Desktop/Нумизматика сайт/omonete-app/data/royal-mint-2011-elizabeth-ii-quarter-sovereign-gold-proof-coin.json
[96/178#w2] 
[96/178#w2] Готово: /Users/mihail/Desktop/Нумизматика сайт/omonete-app/data/royal-mint-2011-elizabeth-ii-quarter-sovereign-gold-proof-coin.json
[96/178#w2] Загрузка PDP: https://www.royalmint.com/sovereign/all/2011-Elizabeth-II-Quarter-Sovereign-Gold-Proof-Coin/?listId=All_Sovereign_Coins&listName=All%20Sovereign%20Coins
[96/178#w2] Классификация картинок: {
[96/178#w2]   "obverse": "https://www.royalmint.com/globalassets/__rebrand/_structure/shop/editions/_historic-coins/_product-image/hise2q11-quater-sovereign-obverse.jpg",
[96/178#w2]   "reverse": "https://www.royalmint.com/globalassets/__rebrand/_structure/shop/editions/_historic-coins/_product-image/hise2q11-quater-sovereign-reverse.jpg",
[96/178#w2]   "blister_obverse": null,
[96/178#w2]   "blister_reverse": null,
[96/178#w2]   "box": null,
[96/178#w2]   "certificate": "https://www.royalmint.com/globalassets/__rebrand/_structure/shop/editions/_historic-coins/_product-image/hise2q11-quarter-sovereign-case-closed.jpg"
[96/178#w2] }
[96/178#w2] 
[96/178#w2] ────────── Как увидеть монету на сайте (localhost) ──────────
[96/178#w2] Быстро (парсинг + public/data в один заход): npm run royal-mint:preview
[96/178#w2]   (или уже есть JSON: npx tsx scripts/royal-mint-to-public-catalog.ts "/Users/mihail/Desktop/Нумизматика сайт/omonete-app/data/royal-mint-2011-elizabeth-ii-quarter-sovereign-gold-proof-coin.json")
[96/178#w2] Потом: npm run dev → http://localhost:3000/coins/991001/ (или ROYAL_MINT_LOCAL_ID)
[96/178#w2] Картинки (если скачались): public/image/coins/foreign/ — пути уже в JSON монеты.
[96/178#w2] В БД: npm run royal-mint:import → npm run data:export (или data:export:incremental).

——— старт 98/178#w2 ———
https://www.royalmint.com/sovereign/all/2012-Elizabeth-II-Gold-Proof-Sovereign-PF70/?listId=All_Sovereign_Coins&listName=All%20Sovereign%20Coins
[97/178#w1] Блок характеристик: div.mod-section.specification — найден, полей в specs: 9
[97/178#w1]   ✓ 2012-elizabeth-ii-diamond-jubilee-sovereign-obv.webp
[97/178#w1]   ✓ 2012-elizabeth-ii-diamond-jubilee-sovereign-rev.webp
[97/178#w1]   ✓ 2012-elizabeth-ii-diamond-jubilee-sovereign-cert.webp
[97/178#w1] [dotenv@17.3.1] injecting env (1) from .env -- tip: 🔐 encrypt with Dotenvx: https://dotenvx.com
[97/178#w1] __RM_JSON__ /Users/mihail/Desktop/Нумизматика сайт/omonete-app/data/royal-mint-2012-elizabeth-ii-diamond-jubilee-sovereign.json
[97/178#w1] 
[97/178#w1] Готово: /Users/mihail/Desktop/Нумизматика сайт/omonete-app/data/royal-mint-2012-elizabeth-ii-diamond-jubilee-sovereign.json
[97/178#w1] Загрузка PDP: https://www.royalmint.com/sovereign/all/2012-Elizabeth-II-Diamond-Jubilee-Sovereign/?listId=All_Sovereign_Coins&listName=All%20Sovereign%20Coins
[97/178#w1] Классификация картинок: {
[97/178#w1]   "obverse": "https://www.royalmint.com/globalassets/__rebrand/_structure/shop/editions/_historic-coins/_product-image/hissov2012-2012-elizabeth-ii-sovereign-obverse.jpg",
[97/178#w1]   "reverse": "https://www.royalmint.com/globalassets/__rebrand/_structure/shop/editions/_historic-coins/_product-image/hissov2012--2012-elizabeth-ii-sovereign-reverse.jpg",
[97/178#w1]   "blister_obverse": null,
[97/178#w1]   "blister_reverse": null,
[97/178#w1]   "box": null,
[97/178#w1]   "certificate": "https://www.royalmint.com/globalassets/__rebrand/_structure/shop/editions/_historic-coins/_product-image/hissov2012-2012-elizabeth-ii-sovereign-carton-upright.jpg"
[97/178#w1] }
[97/178#w1] 
[97/178#w1] ────────── Как увидеть монету на сайте (localhost) ──────────
[97/178#w1] Быстро (парсинг + public/data в один заход): npm run royal-mint:preview
[97/178#w1]   (или уже есть JSON: npx tsx scripts/royal-mint-to-public-catalog.ts "/Users/mihail/Desktop/Нумизматика сайт/omonete-app/data/royal-mint-2012-elizabeth-ii-diamond-jubilee-sovereign.json")
[97/178#w1] Потом: npm run dev → http://localhost:3000/coins/991001/ (или ROYAL_MINT_LOCAL_ID)
[97/178#w1] Картинки (если скачались): public/image/coins/foreign/ — пути уже в JSON монеты.
[97/178#w1] В БД: npm run royal-mint:import → npm run data:export (или data:export:incremental).

——— старт 99/178#w1 ———
https://www.royalmint.com/sovereign/all/2012-Elizabeth-II-Sovereign/?listId=All_Sovereign_Coins&listName=All%20Sovereign%20Coins
[98/178#w2] Блок характеристик: div.mod-section.specification — найден, полей в specs: 9
[98/178#w2]   ✓ 2012-elizabeth-ii-gold-proof-sovereign-pf70-obv.webp
[98/178#w2]   ✓ 2012-elizabeth-ii-gold-proof-sovereign-pf70-rev.webp
[98/178#w2] [dotenv@17.3.1] injecting env (1) from .env -- tip: 🔐 encrypt with Dotenvx: https://dotenvx.com
[98/178#w2] __RM_JSON__ /Users/mihail/Desktop/Нумизматика сайт/omonete-app/data/royal-mint-2012-elizabeth-ii-gold-proof-sovereign-pf70.json
[98/178#w2] 
[98/178#w2] Готово: /Users/mihail/Desktop/Нумизматика сайт/omonete-app/data/royal-mint-2012-elizabeth-ii-gold-proof-sovereign-pf70.json
[98/178#w2] Загрузка PDP: https://www.royalmint.com/sovereign/all/2012-Elizabeth-II-Gold-Proof-Sovereign-PF70/?listId=All_Sovereign_Coins&listName=All%20Sovereign%20Coins
[98/178#w2] Классификация картинок: {
[98/178#w2]   "obverse": "https://www.royalmint.com/globalassets/__rebrand/_structure/shop/editions/_historic-coins/_product-image/hissov12-obverse.jpg",
[98/178#w2]   "reverse": "https://www.royalmint.com/globalassets/__rebrand/_structure/shop/editions/_historic-coins/_product-image/hissov12-reverse.jpg",
[98/178#w2]   "blister_obverse": null,
[98/178#w2]   "blister_reverse": null,
[98/178#w2]   "box": null,
[98/178#w2]   "certificate": null
[98/178#w2] }
[98/178#w2] 
[98/178#w2] ────────── Как увидеть монету на сайте (localhost) ──────────
[98/178#w2] Быстро (парсинг + public/data в один заход): npm run royal-mint:preview
[98/178#w2]   (или уже есть JSON: npx tsx scripts/royal-mint-to-public-catalog.ts "/Users/mihail/Desktop/Нумизматика сайт/omonete-app/data/royal-mint-2012-elizabeth-ii-gold-proof-sovereign-pf70.json")
[98/178#w2] Потом: npm run dev → http://localhost:3000/coins/991001/ (или ROYAL_MINT_LOCAL_ID)
[98/178#w2] Картинки (если скачались): public/image/coins/foreign/ — пути уже в JSON монеты.
[98/178#w2] В БД: npm run royal-mint:import → npm run data:export (или data:export:incremental).

——— старт 100/178#w2 ———
https://www.royalmint.com/sovereign/all/2012-uk-proof-half-sovereign/?listId=All_Sovereign_Coins&listName=All%20Sovereign%20Coins
[99/178#w1] Блок характеристик: div.mod-section.specification — найден, полей в specs: 9
[99/178#w1]   ✓ 2012-elizabeth-ii-sovereign-obv.webp
[99/178#w1]   ✓ 2012-elizabeth-ii-sovereign-rev.webp
[99/178#w1] [dotenv@17.3.1] injecting env (1) from .env -- tip: 🛠️  run anywhere with `dotenvx run -- yourcommand`
[99/178#w1] __RM_JSON__ /Users/mihail/Desktop/Нумизматика сайт/omonete-app/data/royal-mint-2012-elizabeth-ii-sovereign.json
[99/178#w1] 
[99/178#w1] Готово: /Users/mihail/Desktop/Нумизматика сайт/omonete-app/data/royal-mint-2012-elizabeth-ii-sovereign.json
[99/178#w1] Загрузка PDP: https://www.royalmint.com/sovereign/all/2012-Elizabeth-II-Sovereign/?listId=All_Sovereign_Coins&listName=All%20Sovereign%20Coins
[99/178#w1] Классификация картинок: {
[99/178#w1]   "obverse": "https://www.royalmint.com/globalassets/__rebrand/_structure/shop/editions/_historic-coins/_product-image/hissov12-obverse.jpg",
[99/178#w1]   "reverse": "https://www.royalmint.com/globalassets/__rebrand/_structure/shop/editions/_historic-coins/_product-image/hissov12-reverse.jpg",
[99/178#w1]   "blister_obverse": null,
[99/178#w1]   "blister_reverse": null,
[99/178#w1]   "box": null,
[99/178#w1]   "certificate": null
[99/178#w1] }
[99/178#w1] 
[99/178#w1] ────────── Как увидеть монету на сайте (localhost) ──────────
[99/178#w1] Быстро (парсинг + public/data в один заход): npm run royal-mint:preview
[99/178#w1]   (или уже есть JSON: npx tsx scripts/royal-mint-to-public-catalog.ts "/Users/mihail/Desktop/Нумизматика сайт/omonete-app/data/royal-mint-2012-elizabeth-ii-sovereign.json")
[99/178#w1] Потом: npm run dev → http://localhost:3000/coins/991001/ (или ROYAL_MINT_LOCAL_ID)
[99/178#w1] Картинки (если скачались): public/image/coins/foreign/ — пути уже в JSON монеты.
[99/178#w1] В БД: npm run royal-mint:import → npm run data:export (или data:export:incremental).

——— старт 101/178#w1 ———
https://www.royalmint.com/sovereign/all/2013-Sovereign-I-Mint-Mark/?listId=All_Sovereign_Coins&listName=All%20Sovereign%20Coins
[100/178#w2] Блок характеристик: div.mod-section.specification — найден, полей в specs: 8
[100/178#w2]   ✓ 2012-uk-proof-half-sovereign-rev.webp
[100/178#w2]   ✓ 2012-uk-proof-half-sovereign-blister-rev.webp
[100/178#w2] [dotenv@17.3.1] injecting env (1) from .env -- tip: 🤖 agentic secret storage: https://dotenvx.com/as2
[100/178#w2] __RM_JSON__ /Users/mihail/Desktop/Нумизматика сайт/omonete-app/data/royal-mint-2012-uk-proof-half-sovereign.json
[100/178#w2] 
[100/178#w2] Готово: /Users/mihail/Desktop/Нумизматика сайт/omonete-app/data/royal-mint-2012-uk-proof-half-sovereign.json
[100/178#w2] Загрузка PDP: https://www.royalmint.com/sovereign/all/2012-uk-proof-half-sovereign/?listId=All_Sovereign_Coins&listName=All%20Sovereign%20Coins
[100/178#w2] Классификация картинок: {
[100/178#w2]   "obverse": null,
[100/178#w2]   "reverse": "https://www.royalmint.com/globalassets/_ecommerce/commemorative/launches/2026-launches/great-british-treasure-hunt/pdp-image/uk26mml4---level-4-mastermind-medal-reverse.jpg",
[100/178#w2]   "blister_obverse": null,
[100/178#w2]   "blister_reverse": "https://www.royalmint.com/globalassets/_ecommerce/invest/launches/2025/britannia/secure-bars/prods/1g/sembgbb1gs---britannia-bar-minted-gold-1g-reverse-blister-1500x1500-f3a2c67.jpg",
[100/178#w2]   "box": null,
[100/178#w2]   "certificate": null
[100/178#w2] }
[100/178#w2] 
[100/178#w2] ────────── Как увидеть монету на сайте (localhost) ──────────
[100/178#w2] Быстро (парсинг + public/data в один заход): npm run royal-mint:preview
[100/178#w2]   (или уже есть JSON: npx tsx scripts/royal-mint-to-public-catalog.ts "/Users/mihail/Desktop/Нумизматика сайт/omonete-app/data/royal-mint-2012-uk-proof-half-sovereign.json")
[100/178#w2] Потом: npm run dev → http://localhost:3000/coins/991001/ (или ROYAL_MINT_LOCAL_ID)
[100/178#w2] Картинки (если скачались): public/image/coins/foreign/ — пути уже в JSON монеты.
[100/178#w2] В БД: npm run royal-mint:import → npm run data:export (или data:export:incremental).

——— старт 102/178#w2 ———
https://www.royalmint.com/sovereign/all/2014-Bullion-Sovereign-India-Mint-Mark/?listId=All_Sovereign_Coins&listName=All%20Sovereign%20Coins
[101/178#w1] Блок характеристик: div.mod-section.specification — найден, полей в specs: 9
[101/178#w1] ReferenceError: uniqueUrlsStable is not defined
[101/178#w1]     at filterUrlsByProductGalleryFolder (/Users/mihail/Desktop/Нумизматика сайт/omonete-app/scripts/fetch-royal-mint-coin-test.js:446:29)
[101/178#w1]     at main (/Users/mihail/Desktop/Нумизматика сайт/omonete-app/scripts/fetch-royal-mint-coin-test.js:848:21)

——— старт 103/178#w1 ———
https://www.royalmint.com/sovereign/all/2014-Elizabeth-II-Proof-Five-Pound-Sovereign/?listId=All_Sovereign_Coins&listName=All%20Sovereign%20Coins
[102/178#w2] Блок характеристик: div.mod-section.specification — найден, полей в specs: 9
[102/178#w2]   ✓ 2014-bullion-sovereign-india-mint-mark-obv.webp
[103/178#w1] Блок характеристик: div.mod-section.specification — найден, полей в specs: 8
[103/178#w1] Пропуск: на странице товара в названии/описании/таблице спецификаций найден грейдинг NGC/PCGS.
[103/178#w1] Файл: /Users/mihail/Desktop/Нумизматика сайт/omonete-app/data/royal-mint-2014-elizabeth-ii-proof-five-pound-sovereign-skipped-graded-slab.json
[103/178#w1] Чтобы всё равно парсить: добавьте флаг --allow-graded-slab

——— старт 104/178#w1 ———
https://www.royalmint.com/sovereign/all/2014-sovereign-I-mint-mark/?listId=All_Sovereign_Coins&listName=All%20Sovereign%20Coins
[102/178#w2]   ✓ 2014-bullion-sovereign-india-mint-mark-rev.webp
[102/178#w2] [dotenv@17.3.1] injecting env (1) from .env -- tip: ⚙️  specify custom .env file path with { path: '/custom/path/.env' }
[102/178#w2] __RM_JSON__ /Users/mihail/Desktop/Нумизматика сайт/omonete-app/data/royal-mint-2014-bullion-sovereign-india-mint-mark.json
[102/178#w2] 
[102/178#w2] Готово: /Users/mihail/Desktop/Нумизматика сайт/omonete-app/data/royal-mint-2014-bullion-sovereign-india-mint-mark.json
[102/178#w2] Загрузка PDP: https://www.royalmint.com/sovereign/all/2014-Bullion-Sovereign-India-Mint-Mark/?listId=All_Sovereign_Coins&listName=All%20Sovereign%20Coins
[102/178#w2] Классификация картинок: {
[102/178#w2]   "obverse": "https://www.royalmint.com/globalassets/__rebrand/_structure/shop/editions/_historic-coins/_product-image/his141sb-2014-sovereign-obverse.jpg",
[102/178#w2]   "reverse": "https://www.royalmint.com/globalassets/__rebrand/_structure/shop/editions/_historic-coins/_product-image/his141sb-2014-sovereign-reverse.jpg",
[102/178#w2]   "blister_obverse": null,
[102/178#w2]   "blister_reverse": null,
[102/178#w2]   "box": null,
[102/178#w2]   "certificate": null
[102/178#w2] }
[102/178#w2] 
[102/178#w2] ────────── Как увидеть монету на сайте (localhost) ──────────
[102/178#w2] Быстро (парсинг + public/data в один заход): npm run royal-mint:preview
[102/178#w2]   (или уже есть JSON: npx tsx scripts/royal-mint-to-public-catalog.ts "/Users/mihail/Desktop/Нумизматика сайт/omonete-app/data/royal-mint-2014-bullion-sovereign-india-mint-mark.json")
[102/178#w2] Потом: npm run dev → http://localhost:3000/coins/991001/ (или ROYAL_MINT_LOCAL_ID)
[102/178#w2] Картинки (если скачались): public/image/coins/foreign/ — пути уже в JSON монеты.
[102/178#w2] В БД: npm run royal-mint:import → npm run data:export (или data:export:incremental).

——— старт 105/178#w2 ———
https://www.royalmint.com/sovereign/all/2015-Elizabeth-II-Five-Pound-Sovereign/?listId=All_Sovereign_Coins&listName=All%20Sovereign%20Coins
[104/178#w1] Блок характеристик: div.mod-section.specification — найден, полей в specs: 8
[104/178#w1] ReferenceError: uniqueUrlsStable is not defined
[104/178#w1]     at filterUrlsByProductGalleryFolder (/Users/mihail/Desktop/Нумизматика сайт/omonete-app/scripts/fetch-royal-mint-coin-test.js:446:29)
[104/178#w1]     at main (/Users/mihail/Desktop/Нумизматика сайт/omonete-app/scripts/fetch-royal-mint-coin-test.js:848:21)

——— старт 106/178#w1 ———
https://www.royalmint.com/sovereign/all/2015-Elizabeth-II-Ian-Rank-Broadley-Gold-Proof-Sovereign-PF70/?listId=All_Sovereign_Coins&listName=All%20Sovereign%20Coins
[105/178#w2] Блок характеристик: div.mod-section.specification — найден, полей в specs: 9
[105/178#w2]   ✓ 2015-elizabeth-ii-five-pound-sovereign-obv.webp
[105/178#w2]   ✓ 2015-elizabeth-ii-five-pound-sovereign-rev.webp
[105/178#w2] [dotenv@17.3.1] injecting env (1) from .env -- tip: 🛡️ auth for agents: https://vestauth.com
[105/178#w2] __RM_JSON__ /Users/mihail/Desktop/Нумизматика сайт/omonete-app/data/royal-mint-2015-elizabeth-ii-five-pound-sovereign.json
[105/178#w2] 
[105/178#w2] Готово: /Users/mihail/Desktop/Нумизматика сайт/omonete-app/data/royal-mint-2015-elizabeth-ii-five-pound-sovereign.json
[105/178#w2] Загрузка PDP: https://www.royalmint.com/sovereign/all/2015-Elizabeth-II-Five-Pound-Sovereign/?listId=All_Sovereign_Coins&listName=All%20Sovereign%20Coins
[105/178#w2] Классификация картинок: {
[105/178#w2]   "obverse": "https://www.royalmint.com/globalassets/__rebrand/_structure/shop/editions/_historic-coins/_product-image/hise015jc-2015-elizabeth-ii-five-pound-sovereign-obverse.jpg",
[105/178#w2]   "reverse": "https://www.royalmint.com/globalassets/__rebrand/_structure/shop/editions/_historic-coins/_product-image/hise015jc-2015-elizabeth-ii-five-pound-sovereign-reverse.jpg",
[105/178#w2]   "blister_obverse": null,
[105/178#w2]   "blister_reverse": null,
[105/178#w2]   "box": null,
[105/178#w2]   "certificate": null
[105/178#w2] }
[105/178#w2] 
[105/178#w2] ────────── Как увидеть монету на сайте (localhost) ──────────
[105/178#w2] Быстро (парсинг + public/data в один заход): npm run royal-mint:preview
[105/178#w2]   (или уже есть JSON: npx tsx scripts/royal-mint-to-public-catalog.ts "/Users/mihail/Desktop/Нумизматика сайт/omonete-app/data/royal-mint-2015-elizabeth-ii-five-pound-sovereign.json")
[105/178#w2] Потом: npm run dev → http://localhost:3000/coins/991001/ (или ROYAL_MINT_LOCAL_ID)
[105/178#w2] Картинки (если скачались): public/image/coins/foreign/ — пути уже в JSON монеты.
[105/178#w2] В БД: npm run royal-mint:import → npm run data:export (или data:export:incremental).

——— старт 107/178#w2 ———
https://www.royalmint.com/sovereign/all/2015-Elizabeth-II-Proof-Five-Pound-Sovereign/?listId=All_Sovereign_Coins&listName=All%20Sovereign%20Coins
[106/178#w1] Блок характеристик: div.mod-section.specification — найден, полей в specs: 9
[106/178#w1]   ✓ 2015-elizabeth-ii-ian-rank-broadley-gold-proof-sovereign-pf70-obv.webp
[106/178#w1]   ✓ 2015-elizabeth-ii-ian-rank-broadley-gold-proof-sovereign-pf70-rev.webp
[106/178#w1] [dotenv@17.3.1] injecting env (1) from .env -- tip: 🔐 prevent building .env in docker: https://dotenvx.com/prebuild
[106/178#w1] __RM_JSON__ /Users/mihail/Desktop/Нумизматика сайт/omonete-app/data/royal-mint-2015-elizabeth-ii-ian-rank-broadley-gold-proof-sovereign-pf70.json
[106/178#w1] 
[106/178#w1] Готово: /Users/mihail/Desktop/Нумизматика сайт/omonete-app/data/royal-mint-2015-elizabeth-ii-ian-rank-broadley-gold-proof-sovereign-pf70.json
[106/178#w1] Загрузка PDP: https://www.royalmint.com/sovereign/all/2015-Elizabeth-II-Ian-Rank-Broadley-Gold-Proof-Sovereign-PF70/?listId=All_Sovereign_Coins&listName=All%20Sovereign%20Coins
[106/178#w1] Классификация картинок: {
[106/178#w1]   "obverse": "https://www.royalmint.com/globalassets/__rebrand/_structure/shop/editions/_historic-coins/_product-image/trma1077---the-sovereign-2015-gold-obv.jpg",
[106/178#w1]   "reverse": "https://www.royalmint.com/globalassets/__rebrand/_structure/shop/editions/_historic-coins/_product-image/trma1077---the-sovereign-2015-gold-rev.jpg",
[106/178#w1]   "blister_obverse": null,
[106/178#w1]   "blister_reverse": null,
[106/178#w1]   "box": null,
[106/178#w1]   "certificate": null
[106/178#w1] }
[106/178#w1] 
[106/178#w1] ────────── Как увидеть монету на сайте (localhost) ──────────
[106/178#w1] Быстро (парсинг + public/data в один заход): npm run royal-mint:preview
[106/178#w1]   (или уже есть JSON: npx tsx scripts/royal-mint-to-public-catalog.ts "/Users/mihail/Desktop/Нумизматика сайт/omonete-app/data/royal-mint-2015-elizabeth-ii-ian-rank-broadley-gold-proof-sovereign-pf70.json")
[106/178#w1] Потом: npm run dev → http://localhost:3000/coins/991001/ (или ROYAL_MINT_LOCAL_ID)
[106/178#w1] Картинки (если скачались): public/image/coins/foreign/ — пути уже в JSON монеты.
[106/178#w1] В БД: npm run royal-mint:import → npm run data:export (или data:export:incremental).

——— старт 108/178#w1 ———
https://www.royalmint.com/sovereign/all/2017-Elizabeth-II-Piedfort-Proof-Sovereign-PR68-DCAM/?listId=All_Sovereign_Coins&listName=All%20Sovereign%20Coins
[107/178#w2] Блок характеристик: div.mod-section.specification — найден, полей в specs: 8
[107/178#w2] Пропуск: на странице товара в названии/описании/таблице спецификаций найден грейдинг NGC/PCGS.
[107/178#w2] Файл: /Users/mihail/Desktop/Нумизматика сайт/omonete-app/data/royal-mint-2015-elizabeth-ii-proof-five-pound-sovereign-skipped-graded-slab.json
[107/178#w2] Чтобы всё равно парсить: добавьте флаг --allow-graded-slab

——— старт 109/178#w2 ———
https://www.royalmint.com/sovereign/all/2017-Elizabeth-II-Piedfort-Proof-Sovereign/?listId=All_Sovereign_Coins&listName=All%20Sovereign%20Coins
[109/178#w2] Блок характеристик: div.mod-section.specification — найден, полей в specs: 9
[108/178#w1] Блок характеристик: div.mod-section.specification — найден, полей в specs: 8
[108/178#w1] Пропуск: на странице товара в названии/описании/таблице спецификаций найден грейдинг NGC/PCGS.
[108/178#w1] Файл: /Users/mihail/Desktop/Нумизматика сайт/omonete-app/data/royal-mint-2017-elizabeth-ii-piedfort-proof-sovereign-pr68-dcam-skipped-graded-slab.json
[108/178#w1] Чтобы всё равно парсить: добавьте флаг --allow-graded-slab

——— старт 110/178#w1 ———
https://www.royalmint.com/sovereign/all/2017-Elizabeth-II-Proof-Gold-Sovereign-PF70/?listId=All_Sovereign_Coins&listName=All%20Sovereign%20Coins
[109/178#w2]   ✓ 2017-elizabeth-ii-piedfort-proof-sovereign-rev.webp
[109/178#w2] [dotenv@17.3.1] injecting env (1) from .env -- tip: ⚙️  enable debug logging with { debug: true }
[109/178#w2] __RM_JSON__ /Users/mihail/Desktop/Нумизматика сайт/omonete-app/data/royal-mint-2017-elizabeth-ii-piedfort-proof-sovereign.json
[109/178#w2] 
[109/178#w2] Готово: /Users/mihail/Desktop/Нумизматика сайт/omonete-app/data/royal-mint-2017-elizabeth-ii-piedfort-proof-sovereign.json
[109/178#w2] Загрузка PDP: https://www.royalmint.com/sovereign/all/2017-Elizabeth-II-Piedfort-Proof-Sovereign/?listId=All_Sovereign_Coins&listName=All%20Sovereign%20Coins
[109/178#w2] Классификация картинок: {
[109/178#w2]   "obverse": null,
[109/178#w2]   "reverse": "https://www.royalmint.com/globalassets/__rebrand/_structure/shop/editions/_historic-coins/_product-image/hise2pps-2017-piedfort-sovereign-reverse.jpg",
[109/178#w2]   "blister_obverse": null,
[109/178#w2]   "blister_reverse": null,
[109/178#w2]   "box": null,
[109/178#w2]   "certificate": null
[109/178#w2] }
[109/178#w2] 
[109/178#w2] ────────── Как увидеть монету на сайте (localhost) ──────────
[109/178#w2] Быстро (парсинг + public/data в один заход): npm run royal-mint:preview
[109/178#w2]   (или уже есть JSON: npx tsx scripts/royal-mint-to-public-catalog.ts "/Users/mihail/Desktop/Нумизматика сайт/omonete-app/data/royal-mint-2017-elizabeth-ii-piedfort-proof-sovereign.json")
[109/178#w2] Потом: npm run dev → http://localhost:3000/coins/991001/ (или ROYAL_MINT_LOCAL_ID)
[109/178#w2] Картинки (если скачались): public/image/coins/foreign/ — пути уже в JSON монеты.
[109/178#w2] В БД: npm run royal-mint:import → npm run data:export (или data:export:incremental).

——— старт 111/178#w2 ———
https://www.royalmint.com/sovereign/all/2017-Elizabeth-II-Sovereign/?listId=All_Sovereign_Coins&listName=All%20Sovereign%20Coins
[110/178#w1] Блок характеристик: div.mod-section.specification — найден, полей в specs: 9
[110/178#w1] Пропуск: на странице товара в названии/описании/таблице спецификаций найден грейдинг NGC/PCGS.
[110/178#w1] Файл: /Users/mihail/Desktop/Нумизматика сайт/omonete-app/data/royal-mint-2017-elizabeth-ii-proof-gold-sovereign-pf70-skipped-graded-slab.json
[110/178#w1] Чтобы всё равно парсить: добавьте флаг --allow-graded-slab

——— старт 112/178#w1 ———
https://www.royalmint.com/sovereign/all/2018-Elizabeth-II-Gold-Proof-Sovereign/?listId=All_Sovereign_Coins&listName=All%20Sovereign%20Coins
[111/178#w2] Блок характеристик: div.mod-section.specification — найден, полей в specs: 9
[111/178#w2]   ✓ 2017-elizabeth-ii-sovereign-obv.webp
[111/178#w2]   ✓ 2017-elizabeth-ii-sovereign-rev.webp
[111/178#w2]   ✓ 2017-elizabeth-ii-sovereign-cert.webp
[111/178#w2] [dotenv@17.3.1] injecting env (1) from .env -- tip: 🤖 agentic secret storage: https://dotenvx.com/as2
[111/178#w2] __RM_JSON__ /Users/mihail/Desktop/Нумизматика сайт/omonete-app/data/royal-mint-2017-elizabeth-ii-sovereign.json
[111/178#w2] 
[111/178#w2] Готово: /Users/mihail/Desktop/Нумизматика сайт/omonete-app/data/royal-mint-2017-elizabeth-ii-sovereign.json
[111/178#w2] Загрузка PDP: https://www.royalmint.com/sovereign/all/2017-Elizabeth-II-Sovereign/?listId=All_Sovereign_Coins&listName=All%20Sovereign%20Coins
[111/178#w2] Классификация картинок: {
[111/178#w2]   "obverse": "https://www.royalmint.com/globalassets/__rebrand/_structure/shop/editions/_historic-coins/_product-image/hisbpset-2017-e-ii-sovereign-obverse.jpg",
[111/178#w2]   "reverse": "https://www.royalmint.com/globalassets/__rebrand/_structure/shop/editions/_historic-coins/_product-image/hisbpset-2017-e-ii-sovereign-reverse.jpg",
[111/178#w2]   "blister_obverse": null,
[111/178#w2]   "blister_reverse": null,
[111/178#w2]   "box": null,
[111/178#w2]   "certificate": "https://www.royalmint.com/globalassets/__rebrand/_structure/shop/editions/_historic-coins/_product-image/hissov2017-2017-e-ii-sovereign-carton-upright.jpg"
[111/178#w2] }
[111/178#w2] 
[111/178#w2] ────────── Как увидеть монету на сайте (localhost) ──────────
[111/178#w2] Быстро (парсинг + public/data в один заход): npm run royal-mint:preview
[111/178#w2]   (или уже есть JSON: npx tsx scripts/royal-mint-to-public-catalog.ts "/Users/mihail/Desktop/Нумизматика сайт/omonete-app/data/royal-mint-2017-elizabeth-ii-sovereign.json")
[111/178#w2] Потом: npm run dev → http://localhost:3000/coins/991001/ (или ROYAL_MINT_LOCAL_ID)
[111/178#w2] Картинки (если скачались): public/image/coins/foreign/ — пути уже в JSON монеты.
[111/178#w2] В БД: npm run royal-mint:import → npm run data:export (или data:export:incremental).

——— старт 113/178#w2 ———
https://www.royalmint.com/sovereign/all/2018-Elizabeth-II-Piedfort-Sovereign-Proof-Gold-Coin/?listId=All_Sovereign_Coins&listName=All%20Sovereign%20Coins
[112/178#w1] Блок характеристик: div.mod-section.specification — найден, полей в specs: 9
[112/178#w1]   ✓ 2018-elizabeth-ii-gold-proof-sovereign-obv.webp
[112/178#w1]   ✓ 2018-elizabeth-ii-gold-proof-sovereign-rev.webp
[112/178#w1] [dotenv@17.3.1] injecting env (1) from .env -- tip: ⚙️  override existing env vars with { override: true }
[113/178#w2] Блок характеристик: div.mod-section.specification — найден, полей в specs: 10
[113/178#w2] ReferenceError: uniqueUrlsStable is not defined
[113/178#w2]     at filterUrlsByProductGalleryFolder (/Users/mihail/Desktop/Нумизматика сайт/omonete-app/scripts/fetch-royal-mint-coin-test.js:446:29)
[113/178#w2]     at main (/Users/mihail/Desktop/Нумизматика сайт/omonete-app/scripts/fetch-royal-mint-coin-test.js:848:21)

——— старт 114/178#w2 ———
https://www.royalmint.com/sovereign/all/2019-Elizabeth-II-Gold-Proof-Half-Sovereign/?listId=All_Sovereign_Coins&listName=All%20Sovereign%20Coins
[112/178#w1] __RM_JSON__ /Users/mihail/Desktop/Нумизматика сайт/omonete-app/data/royal-mint-2018-elizabeth-ii-gold-proof-sovereign.json
[112/178#w1] 
[112/178#w1] Готово: /Users/mihail/Desktop/Нумизматика сайт/omonete-app/data/royal-mint-2018-elizabeth-ii-gold-proof-sovereign.json
[112/178#w1] Загрузка PDP: https://www.royalmint.com/sovereign/all/2018-Elizabeth-II-Gold-Proof-Sovereign/?listId=All_Sovereign_Coins&listName=All%20Sovereign%20Coins
[112/178#w1] Классификация картинок: {
[112/178#w1]   "obverse": "https://www.royalmint.com/globalassets/__rebrand/_structure/shop/editions/_historic-coins/_product-image/hishsov18-2018-half-sovereign-obverse.jpg",
[112/178#w1]   "reverse": "https://www.royalmint.com/globalassets/__rebrand/_structure/shop/editions/_historic-coins/_product-image/hishsov18-2018-half-sovereign-reverse.jpg",
[112/178#w1]   "blister_obverse": null,
[112/178#w1]   "blister_reverse": null,
[112/178#w1]   "box": null,
[112/178#w1]   "certificate": null
[112/178#w1] }
[112/178#w1] 
[112/178#w1] ────────── Как увидеть монету на сайте (localhost) ──────────
[112/178#w1] Быстро (парсинг + public/data в один заход): npm run royal-mint:preview
[112/178#w1]   (или уже есть JSON: npx tsx scripts/royal-mint-to-public-catalog.ts "/Users/mihail/Desktop/Нумизматика сайт/omonete-app/data/royal-mint-2018-elizabeth-ii-gold-proof-sovereign.json")
[112/178#w1] Потом: npm run dev → http://localhost:3000/coins/991001/ (или ROYAL_MINT_LOCAL_ID)
[112/178#w1] Картинки (если скачались): public/image/coins/foreign/ — пути уже в JSON монеты.
[112/178#w1] В БД: npm run royal-mint:import → npm run data:export (или data:export:incremental).

——— старт 115/178#w1 ———
https://www.royalmint.com/sovereign/all/2019-Elizabeth-II-Gold-Proof-Sovereign/?listId=All_Sovereign_Coins&listName=All%20Sovereign%20Coins
[115/178#w1] Блок характеристик: div.mod-section.specification — найден, полей в specs: 9
[115/178#w1]   ✓ 2019-elizabeth-ii-gold-proof-sovereign-obv.webp
[115/178#w1]   ✓ 2019-elizabeth-ii-gold-proof-sovereign-rev.webp
[115/178#w1] [dotenv@17.3.1] injecting env (1) from .env -- tip: ⚙️  load multiple .env files with { path: ['.env.local', '.env'] }
[115/178#w1] __RM_JSON__ /Users/mihail/Desktop/Нумизматика сайт/omonete-app/data/royal-mint-2019-elizabeth-ii-gold-proof-sovereign.json
[115/178#w1] 
[115/178#w1] Готово: /Users/mihail/Desktop/Нумизматика сайт/omonete-app/data/royal-mint-2019-elizabeth-ii-gold-proof-sovereign.json
[115/178#w1] Загрузка PDP: https://www.royalmint.com/sovereign/all/2019-Elizabeth-II-Gold-Proof-Sovereign/?listId=All_Sovereign_Coins&listName=All%20Sovereign%20Coins
[115/178#w1] Классификация картинок: {
[115/178#w1]   "obverse": "https://www.royalmint.com/globalassets/__rebrand/_structure/shop/editions/_historic-coins/_product-image/hissov2019-the_sovereign_2019_obv_tone.jpg",
[115/178#w1]   "reverse": "https://www.royalmint.com/globalassets/__rebrand/_structure/shop/editions/_historic-coins/_product-image/hissov2019-the_sovereign_2019_rev_tone.jpg",
[115/178#w1]   "blister_obverse": null,
[115/178#w1]   "blister_reverse": null,
[115/178#w1]   "box": null,
[115/178#w1]   "certificate": null
[115/178#w1] }
[115/178#w1] 
[115/178#w1] ────────── Как увидеть монету на сайте (localhost) ──────────
[115/178#w1] Быстро (парсинг + public/data в один заход): npm run royal-mint:preview
[115/178#w1]   (или уже есть JSON: npx tsx scripts/royal-mint-to-public-catalog.ts "/Users/mihail/Desktop/Нумизматика сайт/omonete-app/data/royal-mint-2019-elizabeth-ii-gold-proof-sovereign.json")
[115/178#w1] Потом: npm run dev → http://localhost:3000/coins/991001/ (или ROYAL_MINT_LOCAL_ID)
[115/178#w1] Картинки (если скачались): public/image/coins/foreign/ — пути уже в JSON монеты.
[115/178#w1] В БД: npm run royal-mint:import → npm run data:export (или data:export:incremental).

——— старт 116/178#w1 ———
https://www.royalmint.com/sovereign/all/2019-Elizabeth-II-Piedfort-Sovereign-Proof-Gold-Coin/?listId=All_Sovereign_Coins&listName=All%20Sovereign%20Coins
[116/178#w1] Блок характеристик: div.mod-section.specification — найден, полей в specs: 9
[116/178#w1] ReferenceError: uniqueUrlsStable is not defined
[116/178#w1]     at filterUrlsByProductGalleryFolder (/Users/mihail/Desktop/Нумизматика сайт/omonete-app/scripts/fetch-royal-mint-coin-test.js:446:29)
[116/178#w1]     at main (/Users/mihail/Desktop/Нумизматика сайт/omonete-app/scripts/fetch-royal-mint-coin-test.js:848:21)

——— старт 117/178#w1 ———
https://www.royalmint.com/sovereign/all/2020-Elizabeth-II-Gold-Proof-Sovereign/?listId=All_Sovereign_Coins&listName=All%20Sovereign%20Coins
[114/178#w2] Блок характеристик: div.mod-section.specification — найден, полей в specs: 8
[114/178#w2] ReferenceError: uniqueUrlsStable is not defined
[114/178#w2]     at filterUrlsByProductGalleryFolder (/Users/mihail/Desktop/Нумизматика сайт/omonete-app/scripts/fetch-royal-mint-coin-test.js:446:29)
[114/178#w2]     at main (/Users/mihail/Desktop/Нумизматика сайт/omonete-app/scripts/fetch-royal-mint-coin-test.js:848:21)

——— старт 118/178#w2 ———
https://www.royalmint.com/sovereign/all/2021-Elizabeth-II-Gold-Proof-Sovereign/?listId=All_Sovereign_Coins&listName=All%20Sovereign%20Coins
[117/178#w1] Блок характеристик: div.mod-section.specification — найден, полей в specs: 9
[117/178#w1] ReferenceError: uniqueUrlsStable is not defined
[117/178#w1]     at filterUrlsByProductGalleryFolder (/Users/mihail/Desktop/Нумизматика сайт/omonete-app/scripts/fetch-royal-mint-coin-test.js:446:29)
[117/178#w1]     at main (/Users/mihail/Desktop/Нумизматика сайт/omonete-app/scripts/fetch-royal-mint-coin-test.js:848:21)

——— старт 119/178#w1 ———
https://www.royalmint.com/sovereign/all/2022-Charles-III-Half-Sovereign/?listId=All_Sovereign_Coins&listName=All%20Sovereign%20Coins
[118/178#w2] Блок характеристик: div.mod-section.specification — найден, полей в specs: 9
[118/178#w2]   ✓ 2021-elizabeth-ii-gold-proof-sovereign-obv.webp
[118/178#w2] [dotenv@17.3.1] injecting env (1) from .env -- tip: 🛡️ auth for agents: https://vestauth.com
[118/178#w2] __RM_JSON__ /Users/mihail/Desktop/Нумизматика сайт/omonete-app/data/royal-mint-2021-elizabeth-ii-gold-proof-sovereign.json
[118/178#w2] 
[118/178#w2] Готово: /Users/mihail/Desktop/Нумизматика сайт/omonete-app/data/royal-mint-2021-elizabeth-ii-gold-proof-sovereign.json
[118/178#w2] Загрузка PDP: https://www.royalmint.com/sovereign/all/2021-Elizabeth-II-Gold-Proof-Sovereign/?listId=All_Sovereign_Coins&listName=All%20Sovereign%20Coins
[118/178#w2] Классификация картинок: {
[118/178#w2]   "obverse": "https://www.royalmint.com/globalassets/__rebrand/_structure/shop/editions/_historic-coins/_product-image/the-sovereign-2021-gold-proof-coin-obverse-tone---sv21-hisq95svp.jpg",
[118/178#w2]   "reverse": null,
[118/178#w2]   "blister_obverse": null,
[118/178#w2]   "blister_reverse": null,
[118/178#w2]   "box": null,
[118/178#w2]   "certificate": null
[118/178#w2] }
[118/178#w2] 
[118/178#w2] ────────── Как увидеть монету на сайте (localhost) ──────────
[118/178#w2] Быстро (парсинг + public/data в один заход): npm run royal-mint:preview
[118/178#w2]   (или уже есть JSON: npx tsx scripts/royal-mint-to-public-catalog.ts "/Users/mihail/Desktop/Нумизматика сайт/omonete-app/data/royal-mint-2021-elizabeth-ii-gold-proof-sovereign.json")
[118/178#w2] Потом: npm run dev → http://localhost:3000/coins/991001/ (или ROYAL_MINT_LOCAL_ID)
[118/178#w2] Картинки (если скачались): public/image/coins/foreign/ — пути уже в JSON монеты.
[118/178#w2] В БД: npm run royal-mint:import → npm run data:export (или data:export:incremental).

——— старт 120/178#w2 ———
https://www.royalmint.com/sovereign/all/2022-Charles-III-Memorial-Sovereign-Gold-Proof-Coin/?listId=All_Sovereign_Coins&listName=All%20Sovereign%20Coins
[119/178#w1] Блок характеристик: div.mod-section.specification — найден, полей в specs: 7
[119/178#w1]   ✓ 2022-charles-iii-half-sovereign-obv.webp
[119/178#w1]   ✓ 2022-charles-iii-half-sovereign-rev.webp
[119/178#w1] [dotenv@17.3.1] injecting env (1) from .env -- tip: 🔐 prevent building .env in docker: https://dotenvx.com/prebuild
[119/178#w1] __RM_JSON__ /Users/mihail/Desktop/Нумизматика сайт/omonete-app/data/royal-mint-2022-charles-iii-half-sovereign.json
[119/178#w1] 
[119/178#w1] Готово: /Users/mihail/Desktop/Нумизматика сайт/omonete-app/data/royal-mint-2022-charles-iii-half-sovereign.json
[119/178#w1] Загрузка PDP: https://www.royalmint.com/sovereign/all/2022-Charles-III-Half-Sovereign/?listId=All_Sovereign_Coins&listName=All%20Sovereign%20Coins
[119/178#w1] Классификация картинок: {
[119/178#w1]   "obverse": "https://www.royalmint.com/globalassets/consumer/_campaigns/2022/memorial-sovereign/product-images/memorial-sovereign-2023---half-sovereign-obverse-edge---msv523-msv423-msv323---1500x1500-f3a2c67.jpg",
[119/178#w1]   "reverse": "https://www.royalmint.com/globalassets/consumer/_campaigns/2022/memorial-sovereign/product-images/memorial-sovereign-2023---half-sovereign-reverse-edge---msv523-msv423-msv323-t-1500x1500-f3a2c67.jpg",
[119/178#w1]   "blister_obverse": null,
[119/178#w1]   "blister_reverse": null,
[119/178#w1]   "box": null,
[119/178#w1]   "certificate": null
[119/178#w1] }
[119/178#w1] 
[119/178#w1] ────────── Как увидеть монету на сайте (localhost) ──────────
[119/178#w1] Быстро (парсинг + public/data в один заход): npm run royal-mint:preview
[119/178#w1]   (или уже есть JSON: npx tsx scripts/royal-mint-to-public-catalog.ts "/Users/mihail/Desktop/Нумизматика сайт/omonete-app/data/royal-mint-2022-charles-iii-half-sovereign.json")
[119/178#w1] Потом: npm run dev → http://localhost:3000/coins/991001/ (или ROYAL_MINT_LOCAL_ID)
[119/178#w1] Картинки (если скачались): public/image/coins/foreign/ — пути уже в JSON монеты.
[119/178#w1] В БД: npm run royal-mint:import → npm run data:export (или data:export:incremental).

——— старт 121/178#w1 ———
https://www.royalmint.com/sovereign/all/2022-Elizabeth-II-Gold-Proof-5-Quintuple-Sovereign-PF70/?listId=All_Sovereign_Coins&listName=All%20Sovereign%20Coins
[120/178#w2] Блок характеристик: div.mod-section.specification — найден, полей в specs: 9
[120/178#w2]   ✓ 2022-charles-iii-memorial-sovereign-gold-proof-coin-obv.webp
[120/178#w2]   ✓ 2022-charles-iii-memorial-sovereign-gold-proof-coin-rev.webp
[120/178#w2] [dotenv@17.3.1] injecting env (1) from .env -- tip: ⚙️  write to custom object with { processEnv: myObject }
[120/178#w2] __RM_JSON__ /Users/mihail/Desktop/Нумизматика сайт/omonete-app/data/royal-mint-2022-charles-iii-memorial-sovereign-gold-proof-coin.json
[120/178#w2] 
[120/178#w2] Готово: /Users/mihail/Desktop/Нумизматика сайт/omonete-app/data/royal-mint-2022-charles-iii-memorial-sovereign-gold-proof-coin.json
[120/178#w2] Загрузка PDP: https://www.royalmint.com/sovereign/all/2022-Charles-III-Memorial-Sovereign-Gold-Proof-Coin/?listId=All_Sovereign_Coins&listName=All%20Sovereign%20Coins
[120/178#w2] Классификация картинок: {
[120/178#w2]   "obverse": "https://www.royalmint.com/globalassets/__rebrand/_structure/shop/editions/_historic-coins/_product-image/2022-memorial-sovereign-obverse-hisrgset.jpg",
[120/178#w2]   "reverse": "https://www.royalmint.com/globalassets/__rebrand/_structure/shop/editions/_historic-coins/_product-image/2022-memorial-sovereign-reverse-hisrgset.jpg",
[120/178#w2]   "blister_obverse": null,
[120/178#w2]   "blister_reverse": null,
[120/178#w2]   "box": null,
[120/178#w2]   "certificate": null
[120/178#w2] }
[120/178#w2] 
[120/178#w2] ────────── Как увидеть монету на сайте (localhost) ──────────
[120/178#w2] Быстро (парсинг + public/data в один заход): npm run royal-mint:preview
[120/178#w2]   (или уже есть JSON: npx tsx scripts/royal-mint-to-public-catalog.ts "/Users/mihail/Desktop/Нумизматика сайт/omonete-app/data/royal-mint-2022-charles-iii-memorial-sovereign-gold-proof-coin.json")
[120/178#w2] Потом: npm run dev → http://localhost:3000/coins/991001/ (или ROYAL_MINT_LOCAL_ID)
[120/178#w2] Картинки (если скачались): public/image/coins/foreign/ — пути уже в JSON монеты.
[120/178#w2] В БД: npm run royal-mint:import → npm run data:export (или data:export:incremental).

——— старт 122/178#w2 ———
https://www.royalmint.com/sovereign/all/2022-Elizabeth-II-Gold-Proof-Half-Sovereign-PF70/?listId=All_Sovereign_Coins&listName=All%20Sovereign%20Coins
[121/178#w1] Блок характеристик: div.mod-section.specification — найден, полей в specs: 9
[121/178#w1]   ✓ 2022-elizabeth-ii-gold-proof-5-quintuple-sovereign-pf70-obv.webp
[121/178#w1]   ✓ 2022-elizabeth-ii-gold-proof-5-quintuple-sovereign-pf70-rev.webp
[121/178#w1] [dotenv@17.3.1] injecting env (1) from .env -- tip: 🔐 prevent committing .env to code: https://dotenvx.com/precommit
[121/178#w1] __RM_JSON__ /Users/mihail/Desktop/Нумизматика сайт/omonete-app/data/royal-mint-2022-elizabeth-ii-gold-proof-5-quintuple-sovereign-pf70.json
[121/178#w1] 
[121/178#w1] Готово: /Users/mihail/Desktop/Нумизматика сайт/omonete-app/data/royal-mint-2022-elizabeth-ii-gold-proof-5-quintuple-sovereign-pf70.json
[121/178#w1] Загрузка PDP: https://www.royalmint.com/sovereign/all/2022-Elizabeth-II-Gold-Proof-5-Quintuple-Sovereign-PF70/?listId=All_Sovereign_Coins&listName=All%20Sovereign%20Coins
[121/178#w1] Классификация картинок: {
[121/178#w1]   "obverse": "https://www.royalmint.com/globalassets/consumer/_campaigns/2022/sovereign-2022/product-images/the-sovereign-2022-five-sovereign-gold-proof-coin-obverse-edge---sv522-1500x1500-f3a2c67.jpg",
[121/178#w1]   "reverse": "https://www.royalmint.com/globalassets/consumer/_campaigns/2022/sovereign-2022/product-images/the-sovereign-2022-five-sovereign-gold-proof-coin-reverse-edge---sv522-1500x1500-f3a2c67.jpg",
[121/178#w1]   "blister_obverse": null,
[121/178#w1]   "blister_reverse": null,
[121/178#w1]   "box": null,
[121/178#w1]   "certificate": null
[121/178#w1] }
[121/178#w1] 
[121/178#w1] ────────── Как увидеть монету на сайте (localhost) ──────────
[121/178#w1] Быстро (парсинг + public/data в один заход): npm run royal-mint:preview
[121/178#w1]   (или уже есть JSON: npx tsx scripts/royal-mint-to-public-catalog.ts "/Users/mihail/Desktop/Нумизматика сайт/omonete-app/data/royal-mint-2022-elizabeth-ii-gold-proof-5-quintuple-sovereign-pf70.json")
[121/178#w1] Потом: npm run dev → http://localhost:3000/coins/991001/ (или ROYAL_MINT_LOCAL_ID)
[121/178#w1] Картинки (если скачались): public/image/coins/foreign/ — пути уже в JSON монеты.
[121/178#w1] В БД: npm run royal-mint:import → npm run data:export (или data:export:incremental).

——— старт 123/178#w1 ———
https://www.royalmint.com/sovereign/all/2022-Elizabeth-II-Piedfort-Proof-Sovereign/?listId=All_Sovereign_Coins&listName=All%20Sovereign%20Coins
[122/178#w2] Блок характеристик: div.mod-section.specification — найден, полей в specs: 9
[122/178#w2]   ✓ 2022-elizabeth-ii-gold-proof-half-sovereign-pf70-obv.webp
[122/178#w2]   ✓ 2022-elizabeth-ii-gold-proof-half-sovereign-pf70-rev.webp
[122/178#w2] [dotenv@17.3.1] injecting env (1) from .env -- tip: 🤖 agentic secret storage: https://dotenvx.com/as2
[122/178#w2] __RM_JSON__ /Users/mihail/Desktop/Нумизматика сайт/omonete-app/data/royal-mint-2022-elizabeth-ii-gold-proof-half-sovereign-pf70.json
[122/178#w2] 
[122/178#w2] Готово: /Users/mihail/Desktop/Нумизматика сайт/omonete-app/data/royal-mint-2022-elizabeth-ii-gold-proof-half-sovereign-pf70.json
[122/178#w2] Загрузка PDP: https://www.royalmint.com/sovereign/all/2022-Elizabeth-II-Gold-Proof-Half-Sovereign-PF70/?listId=All_Sovereign_Coins&listName=All%20Sovereign%20Coins
[122/178#w2] Классификация картинок: {
[122/178#w2]   "obverse": "https://www.royalmint.com/globalassets/consumer/_campaigns/2022/sovereign-2022/product-images/the-half-sovereign-2022-gold-proof-coin-obverse-tone-angled-right---svh22-1500x1500-f3a2c67.jpg",
[122/178#w2]   "reverse": "https://www.royalmint.com/globalassets/consumer/_campaigns/2022/sovereign-2022/product-images/the-half-sovereign-2022-gold-proof-coin-reverse-tone-angled-right---svh22-1500x1500-f3a2c67.jpg",
[122/178#w2]   "blister_obverse": null,
[122/178#w2]   "blister_reverse": null,
[122/178#w2]   "box": null,
[122/178#w2]   "certificate": null
[122/178#w2] }
[122/178#w2] 
[122/178#w2] ────────── Как увидеть монету на сайте (localhost) ──────────
[122/178#w2] Быстро (парсинг + public/data в один заход): npm run royal-mint:preview
[122/178#w2]   (или уже есть JSON: npx tsx scripts/royal-mint-to-public-catalog.ts "/Users/mihail/Desktop/Нумизматика сайт/omonete-app/data/royal-mint-2022-elizabeth-ii-gold-proof-half-sovereign-pf70.json")
[122/178#w2] Потом: npm run dev → http://localhost:3000/coins/991001/ (или ROYAL_MINT_LOCAL_ID)
[122/178#w2] Картинки (если скачались): public/image/coins/foreign/ — пути уже в JSON монеты.
[122/178#w2] В БД: npm run royal-mint:import → npm run data:export (или data:export:incremental).

——— старт 124/178#w2 ———
https://www.royalmint.com/sovereign/all/2022-Elizabeth-II-Platinum-Jubilee-Gold-Proof-Sovereign/?listId=All_Sovereign_Coins&listName=All%20Sovereign%20Coins
[123/178#w1] Блок характеристик: div.mod-section.specification — найден, полей в specs: 9
[123/178#w1] ReferenceError: uniqueUrlsStable is not defined
[123/178#w1]     at filterUrlsByProductGalleryFolder (/Users/mihail/Desktop/Нумизматика сайт/omonete-app/scripts/fetch-royal-mint-coin-test.js:446:29)
[123/178#w1]     at main (/Users/mihail/Desktop/Нумизматика сайт/omonete-app/scripts/fetch-royal-mint-coin-test.js:848:21)

——— старт 125/178#w1 ———
https://www.royalmint.com/sovereign/all/2022-Elizabeth-II-Proof-Sovereign/?listId=All_Sovereign_Coins&listName=All%20Sovereign%20Coins
[124/178#w2] Блок характеристик: div.mod-section.specification — найден, полей в specs: 9
[124/178#w2]   ✓ 2022-elizabeth-ii-platinum-jubilee-gold-proof-sovereign-obv.webp
[124/178#w2]   ✓ 2022-elizabeth-ii-platinum-jubilee-gold-proof-sovereign-rev.webp
[124/178#w2] [dotenv@17.3.1] injecting env (1) from .env -- tip: ⚙️  override existing env vars with { override: true }
[124/178#w2] __RM_JSON__ /Users/mihail/Desktop/Нумизматика сайт/omonete-app/data/royal-mint-2022-elizabeth-ii-platinum-jubilee-gold-proof-sovereign.json
[124/178#w2] 
[124/178#w2] Готово: /Users/mihail/Desktop/Нумизматика сайт/omonete-app/data/royal-mint-2022-elizabeth-ii-platinum-jubilee-gold-proof-sovereign.json
[124/178#w2] Загрузка PDP: https://www.royalmint.com/sovereign/all/2022-Elizabeth-II-Platinum-Jubilee-Gold-Proof-Sovereign/?listId=All_Sovereign_Coins&listName=All%20Sovereign%20Coins
[124/178#w2] Классификация картинок: {
[124/178#w2]   "obverse": "https://www.royalmint.com/globalassets/consumer/_campaigns/2022/sovereign-2022/product-images/the-sovereign-2022-gold-proof-coin-obverse-tone-with-edge---sv22-1500x1500-f3a2c67.jpg",
[124/178#w2]   "reverse": "https://www.royalmint.com/globalassets/consumer/_campaigns/2022/sovereign-2022/product-images/the-sovereign-2022-gold-proof-coin-reverse-tone-with-edge---sv22-1500x1500-f3a2c67.jpg",
[124/178#w2]   "blister_obverse": null,
[124/178#w2]   "blister_reverse": null,
[124/178#w2]   "box": null,
[124/178#w2]   "certificate": null
[124/178#w2] }
[124/178#w2] 
[124/178#w2] ────────── Как увидеть монету на сайте (localhost) ──────────
[124/178#w2] Быстро (парсинг + public/data в один заход): npm run royal-mint:preview
[124/178#w2]   (или уже есть JSON: npx tsx scripts/royal-mint-to-public-catalog.ts "/Users/mihail/Desktop/Нумизматика сайт/omonete-app/data/royal-mint-2022-elizabeth-ii-platinum-jubilee-gold-proof-sovereign.json")
[124/178#w2] Потом: npm run dev → http://localhost:3000/coins/991001/ (или ROYAL_MINT_LOCAL_ID)
[124/178#w2] Картинки (если скачались): public/image/coins/foreign/ — пути уже в JSON монеты.
[124/178#w2] В БД: npm run royal-mint:import → npm run data:export (или data:export:incremental).

——— старт 126/178#w2 ———
https://www.royalmint.com/sovereign/all/2022-Queen-Elizabeth-II-Sovereign-PF70/?listId=All_Sovereign_Coins&listName=All%20Sovereign%20Coins
[125/178#w1] Блок характеристик: div.mod-section.specification — найден, полей в specs: 9
[125/178#w1] Пропуск: на странице товара в названии/описании/таблице спецификаций найден грейдинг NGC/PCGS.
[125/178#w1] Файл: /Users/mihail/Desktop/Нумизматика сайт/omonete-app/data/royal-mint-2022-elizabeth-ii-proof-sovereign-skipped-graded-slab.json
[125/178#w1] Чтобы всё равно парсить: добавьте флаг --allow-graded-slab

——— старт 127/178#w1 ———
https://www.royalmint.com/sovereign/all/2023-Charles-III-Gold-Proof-Coronation-Sovereign/?listId=All_Sovereign_Coins&listName=All%20Sovereign%20Coins
[126/178#w2] Блок характеристик: div.mod-section.specification — найден, полей в specs: 9
[127/178#w1] Блок характеристик: div.mod-section.specification — найден, полей в specs: 9
[126/178#w2]   ✓ 2022-queen-elizabeth-ii-sovereign-pf70-obv.webp
[127/178#w1]   ✓ 2023-charles-iii-gold-proof-coronation-sovereign-obv.webp
[126/178#w2]   ✓ 2022-queen-elizabeth-ii-sovereign-pf70-rev.webp
[126/178#w2] [dotenv@17.3.1] injecting env (1) from .env -- tip: 🤖 agentic secret storage: https://dotenvx.com/as2
[126/178#w2] __RM_JSON__ /Users/mihail/Desktop/Нумизматика сайт/omonete-app/data/royal-mint-2022-queen-elizabeth-ii-sovereign-pf70.json
[126/178#w2] 
[126/178#w2] Готово: /Users/mihail/Desktop/Нумизматика сайт/omonete-app/data/royal-mint-2022-queen-elizabeth-ii-sovereign-pf70.json
[126/178#w2] Загрузка PDP: https://www.royalmint.com/sovereign/all/2022-Queen-Elizabeth-II-Sovereign-PF70/?listId=All_Sovereign_Coins&listName=All%20Sovereign%20Coins
[126/178#w2] Классификация картинок: {
[126/178#w2]   "obverse": "https://www.royalmint.com/globalassets/__rebrand/_structure/shop/editions/_historic-coins/_product-image/the-sovereign-2022-gold-proof-coin-obverse-tone---sv22.jpg",
[126/178#w2]   "reverse": "https://www.royalmint.com/globalassets/__rebrand/_structure/shop/editions/_historic-coins/_product-image/the-sovereign-2022-gold-proof-coin-reverse-tone---sv22.jpg",
[126/178#w2]   "blister_obverse": null,
[126/178#w2]   "blister_reverse": null,
[126/178#w2]   "box": null,
[126/178#w2]   "certificate": null
[126/178#w2] }
[126/178#w2] 
[126/178#w2] ────────── Как увидеть монету на сайте (localhost) ──────────
[126/178#w2] Быстро (парсинг + public/data в один заход): npm run royal-mint:preview
[126/178#w2]   (или уже есть JSON: npx tsx scripts/royal-mint-to-public-catalog.ts "/Users/mihail/Desktop/Нумизматика сайт/omonete-app/data/royal-mint-2022-queen-elizabeth-ii-sovereign-pf70.json")
[126/178#w2] Потом: npm run dev → http://localhost:3000/coins/991001/ (или ROYAL_MINT_LOCAL_ID)
[126/178#w2] Картинки (если скачались): public/image/coins/foreign/ — пути уже в JSON монеты.
[126/178#w2] В БД: npm run royal-mint:import → npm run data:export (или data:export:incremental).

——— старт 128/178#w2 ———
https://www.royalmint.com/sovereign/all/2024-Proof-Sovereign/?listId=All_Sovereign_Coins&listName=All%20Sovereign%20Coins
[127/178#w1]   ✓ 2023-charles-iii-gold-proof-coronation-sovereign-rev.webp
[127/178#w1] [dotenv@17.3.1] injecting env (1) from .env -- tip: ⚙️  specify custom .env file path with { path: '/custom/path/.env' }
[127/178#w1] __RM_JSON__ /Users/mihail/Desktop/Нумизматика сайт/omonete-app/data/royal-mint-2023-charles-iii-gold-proof-coronation-sovereign.json
[127/178#w1] 
[127/178#w1] Готово: /Users/mihail/Desktop/Нумизматика сайт/omonete-app/data/royal-mint-2023-charles-iii-gold-proof-coronation-sovereign.json
[127/178#w1] Загрузка PDP: https://www.royalmint.com/sovereign/all/2023-Charles-III-Gold-Proof-Coronation-Sovereign/?listId=All_Sovereign_Coins&listName=All%20Sovereign%20Coins
[127/178#w1] Классификация картинок: {
[127/178#w1]   "obverse": "https://www.royalmint.com/globalassets/consumer/_campaigns/2023/coronation/sovereign/product-images/csv23-tthe-coronation-of-his-majesty-king-charles-iii-sovereign-2023-gold-proof-coin-obverse-1500x1500-f3a2c67.jpg",
[127/178#w1]   "reverse": "https://www.royalmint.com/globalassets/consumer/_campaigns/2023/coronation/sovereign/product-images/csv23-tthe-coronation-of-his-majesty-king-charles-iii-sovereign-2023-gold-proof-coin-reverse-1500x1500-f3a2c67.jpg",
[127/178#w1]   "blister_obverse": null,
[127/178#w1]   "blister_reverse": null,
[127/178#w1]   "box": null,
[127/178#w1]   "certificate": null
[127/178#w1] }
[127/178#w1] 
[127/178#w1] ────────── Как увидеть монету на сайте (localhost) ──────────
[127/178#w1] Быстро (парсинг + public/data в один заход): npm run royal-mint:preview
[127/178#w1]   (или уже есть JSON: npx tsx scripts/royal-mint-to-public-catalog.ts "/Users/mihail/Desktop/Нумизматика сайт/omonete-app/data/royal-mint-2023-charles-iii-gold-proof-coronation-sovereign.json")
[127/178#w1] Потом: npm run dev → http://localhost:3000/coins/991001/ (или ROYAL_MINT_LOCAL_ID)
[127/178#w1] Картинки (если скачались): public/image/coins/foreign/ — пути уже в JSON монеты.
[127/178#w1] В БД: npm run royal-mint:import → npm run data:export (или data:export:incremental).

——— старт 129/178#w1 ———
https://www.royalmint.com/sovereign/all/Elizabeth-II-2000-Bullion-Sovereign/?listId=All_Sovereign_Coins&listName=All%20Sovereign%20Coins
[128/178#w2] Блок характеристик: div.mod-section.specification — найден, полей в specs: 9
[129/178#w1] Блок характеристик: div.mod-section.specification — найден, полей в specs: 9
[128/178#w2]   ✓ 2024-proof-sovereign-obv.webp
[128/178#w2]   ✓ 2024-proof-sovereign-rev.webp
[128/178#w2] [dotenv@17.3.1] injecting env (1) from .env -- tip: 🔐 prevent building .env in docker: https://dotenvx.com/prebuild
[129/178#w1]   ✓ elizabeth-ii-2000-bullion-sovereign-obv.webp
[129/178#w1]   ✓ elizabeth-ii-2000-bullion-sovereign-rev.webp
[129/178#w1] [dotenv@17.3.1] injecting env (1) from .env -- tip: 🔐 prevent committing .env to code: https://dotenvx.com/precommit
[129/178#w1] __RM_JSON__ /Users/mihail/Desktop/Нумизматика сайт/omonete-app/data/royal-mint-elizabeth-ii-2000-bullion-sovereign.json
[129/178#w1] 
[129/178#w1] Готово: /Users/mihail/Desktop/Нумизматика сайт/omonete-app/data/royal-mint-elizabeth-ii-2000-bullion-sovereign.json
[129/178#w1] Загрузка PDP: https://www.royalmint.com/sovereign/all/Elizabeth-II-2000-Bullion-Sovereign/?listId=All_Sovereign_Coins&listName=All%20Sovereign%20Coins
[129/178#w1] Классификация картинок: {
[129/178#w1]   "obverse": "https://www.royalmint.com/globalassets/__rebrand/_structure/shop/editions/_historic-coins/_product-image/hisbs2000-2000-sovereign-unc-obverse.jpg",
[129/178#w1]   "reverse": "https://www.royalmint.com/globalassets/__rebrand/_structure/shop/editions/_historic-coins/_product-image/hisbs2000-2000-sovereign-unc-reverse.jpg",
[129/178#w1]   "blister_obverse": null,
[129/178#w1]   "blister_reverse": null,
[129/178#w1]   "box": null,
[129/178#w1]   "certificate": null
[129/178#w1] }
[129/178#w1] 
[129/178#w1] ────────── Как увидеть монету на сайте (localhost) ──────────
[129/178#w1] Быстро (парсинг + public/data в один заход): npm run royal-mint:preview
[129/178#w1]   (или уже есть JSON: npx tsx scripts/royal-mint-to-public-catalog.ts "/Users/mihail/Desktop/Нумизматика сайт/omonete-app/data/royal-mint-elizabeth-ii-2000-bullion-sovereign.json")
[129/178#w1] Потом: npm run dev → http://localhost:3000/coins/991001/ (или ROYAL_MINT_LOCAL_ID)
[129/178#w1] Картинки (если скачались): public/image/coins/foreign/ — пути уже в JSON монеты.
[129/178#w1] В БД: npm run royal-mint:import → npm run data:export (или data:export:incremental).

——— старт 130/178#w1 ———
https://www.royalmint.com/sovereign/all/Elizabeth-II-2002-Gold-Sovereign/?listId=All_Sovereign_Coins&listName=All%20Sovereign%20Coins
[130/178#w1] Блок характеристик: div.mod-section.specification — найден, полей в specs: 9
[130/178#w1]   ✓ elizabeth-ii-2002-gold-sovereign-obv.webp
[130/178#w1]   ✓ elizabeth-ii-2002-gold-sovereign-rev.webp
[130/178#w1]   ✓ elizabeth-ii-2002-gold-sovereign-cert.webp
[130/178#w1] [dotenv@17.3.1] injecting env (1) from .env -- tip: 🔐 encrypt with Dotenvx: https://dotenvx.com
[130/178#w1] __RM_JSON__ /Users/mihail/Desktop/Нумизматика сайт/omonete-app/data/royal-mint-elizabeth-ii-2002-gold-sovereign.json
[130/178#w1] 
[130/178#w1] Готово: /Users/mihail/Desktop/Нумизматика сайт/omonete-app/data/royal-mint-elizabeth-ii-2002-gold-sovereign.json
[130/178#w1] Загрузка PDP: https://www.royalmint.com/sovereign/all/Elizabeth-II-2002-Gold-Sovereign/?listId=All_Sovereign_Coins&listName=All%20Sovereign%20Coins
[130/178#w1] Классификация картинок: {
[130/178#w1]   "obverse": "https://www.royalmint.com/globalassets/__rebrand/_structure/shop/editions/_historic-coins/_product-image/the-sovereign-her-majesty-the-queens-jubilee-sovereign-2002-obverse.jpg",
[130/178#w1]   "reverse": "https://www.royalmint.com/globalassets/__rebrand/_structure/shop/editions/_historic-coins/_product-image/the-sovereign-2002-her-majesty-the-queens-jubilee-sovereign-reverse.jpg",
[130/178#w1]   "blister_obverse": null,
[130/178#w1]   "blister_reverse": null,
[130/178#w1]   "box": null,
[130/178#w1]   "certificate": "https://www.royalmint.com/globalassets/__rebrand/_structure/shop/editions/_historic-coins/_product-image/hissov2002-tthe-sovereign-2002-gold-coin-carton-upright.jpg"
[130/178#w1] }
[130/178#w1] 
[130/178#w1] ────────── Как увидеть монету на сайте (localhost) ──────────
[130/178#w1] Быстро (парсинг + public/data в один заход): npm run royal-mint:preview
[130/178#w1]   (или уже есть JSON: npx tsx scripts/royal-mint-to-public-catalog.ts "/Users/mihail/Desktop/Нумизматика сайт/omonete-app/data/royal-mint-elizabeth-ii-2002-gold-sovereign.json")
[130/178#w1] Потом: npm run dev → http://localhost:3000/coins/991001/ (или ROYAL_MINT_LOCAL_ID)
[130/178#w1] Картинки (если скачались): public/image/coins/foreign/ — пути уже в JSON монеты.
[130/178#w1] В БД: npm run royal-mint:import → npm run data:export (или data:export:incremental).

——— старт 131/178#w1 ———
https://www.royalmint.com/sovereign/all/half-sovereign-2018/?listId=All_Sovereign_Coins&listName=All%20Sovereign%20Coins
[131/178#w1] Блок характеристик: div.mod-section.specification — найден, полей в specs: 8
[131/178#w1]   ✓ half-sovereign-2018-obv.webp
[131/178#w1]   ✓ half-sovereign-2018-rev.webp
[131/178#w1]   ✓ half-sovereign-2018-cert.webp
[131/178#w1] [dotenv@17.3.1] injecting env (1) from .env -- tip: 🔐 encrypt with Dotenvx: https://dotenvx.com
[131/178#w1] __RM_JSON__ /Users/mihail/Desktop/Нумизматика сайт/omonete-app/data/royal-mint-half-sovereign-2018.json
[131/178#w1] 
[131/178#w1] Готово: /Users/mihail/Desktop/Нумизматика сайт/omonete-app/data/royal-mint-half-sovereign-2018.json
[131/178#w1] Загрузка PDP: https://www.royalmint.com/sovereign/all/half-sovereign-2018/?listId=All_Sovereign_Coins&listName=All%20Sovereign%20Coins
[131/178#w1] Классификация картинок: {
[131/178#w1]   "obverse": "https://www.royalmint.com/globalassets/__rebrand/_structure/shop/editions/_historic-coins/_product-image/hishsov18-2018-half-sovereign-obverse.jpg",
[131/178#w1]   "reverse": "https://www.royalmint.com/globalassets/__rebrand/_structure/shop/editions/_historic-coins/_product-image/hishsov18-2018-half-sovereign-reverse.jpg",
[131/178#w1]   "blister_obverse": null,
[131/178#w1]   "blister_reverse": null,
[131/178#w1]   "box": null,
[131/178#w1]   "certificate": "https://www.royalmint.com/globalassets/__rebrand/_structure/shop/editions/_historic-coins/_product-image/hishsov18-2018-gold-sovereign-box.jpg"
[131/178#w1] }
[131/178#w1] 
[131/178#w1] ────────── Как увидеть монету на сайте (localhost) ──────────
[131/178#w1] Быстро (парсинг + public/data в один заход): npm run royal-mint:preview
[131/178#w1]   (или уже есть JSON: npx tsx scripts/royal-mint-to-public-catalog.ts "/Users/mihail/Desktop/Нумизматика сайт/omonete-app/data/royal-mint-half-sovereign-2018.json")
[131/178#w1] Потом: npm run dev → http://localhost:3000/coins/991001/ (или ROYAL_MINT_LOCAL_ID)
[131/178#w1] Картинки (если скачались): public/image/coins/foreign/ — пути уже в JSON монеты.
[131/178#w1] В БД: npm run royal-mint:import → npm run data:export (или data:export:incremental).

——— старт 132/178#w1 ———
https://www.royalmint.com/sovereign/all/hishso00/?listId=All_Sovereign_Coins&listName=All%20Sovereign%20Coins
[128/178#w2] __RM_JSON__ /Users/mihail/Desktop/Нумизматика сайт/omonete-app/data/royal-mint-2024-proof-sovereign.json
[128/178#w2] 
[128/178#w2] Готово: /Users/mihail/Desktop/Нумизматика сайт/omonete-app/data/royal-mint-2024-proof-sovereign.json
[128/178#w2] Загрузка PDP: https://www.royalmint.com/sovereign/all/2024-Proof-Sovereign/?listId=All_Sovereign_Coins&listName=All%20Sovereign%20Coins
[128/178#w2] Классификация картинок: {
[128/178#w2]   "obverse": "https://www.royalmint.com/globalassets/consumer/_campaigns/2024/sovereign/product-images/sv524-sv524mm-sv424-sv424mm-sv324-sv324mm-sv24-sv24mm-sv524fs-sv524r-sv424r-sv324r-sv24r-sv24fr---the-sovereign--2024-gold-proof-coin-obverse-1500x1500-f3a2c67.jpg",
[128/178#w2]   "reverse": "https://www.royalmint.com/globalassets/consumer/_campaigns/2024/sovereign/product-images/sv524-sv524mm-sv424-sv424mm-sv324-sv324mm-sv24-sv24mm-sv524fs-sv524r-sv424r-sv324r-sv24r-sv24fr---the-sovereign--2024-gold-proof-coin-reverse-edge-1500x1500-f3a2c67.jpg",
[128/178#w2]   "blister_obverse": null,
[128/178#w2]   "blister_reverse": null,
[128/178#w2]   "box": null,
[128/178#w2]   "certificate": null
[128/178#w2] }
[128/178#w2] 
[128/178#w2] ────────── Как увидеть монету на сайте (localhost) ──────────
[128/178#w2] Быстро (парсинг + public/data в один заход): npm run royal-mint:preview
[128/178#w2]   (или уже есть JSON: npx tsx scripts/royal-mint-to-public-catalog.ts "/Users/mihail/Desktop/Нумизматика сайт/omonete-app/data/royal-mint-2024-proof-sovereign.json")
[128/178#w2] Потом: npm run dev → http://localhost:3000/coins/991001/ (или ROYAL_MINT_LOCAL_ID)
[128/178#w2] Картинки (если скачались): public/image/coins/foreign/ — пути уже в JSON монеты.
[128/178#w2] В БД: npm run royal-mint:import → npm run data:export (или data:export:incremental).

——— старт 133/178#w2 ———
https://www.royalmint.com/sovereign/all/hishso06/?listId=All_Sovereign_Coins&listName=All%20Sovereign%20Coins
[132/178#w1] Блок характеристик: div.mod-section.specification — найден, полей в specs: 8
[132/178#w1]   ✓ hishso00-obv.webp
[132/178#w1]   ✓ hishso00-rev.webp
[132/178#w1] [dotenv@17.3.1] injecting env (1) from .env -- tip: ⚡️ secrets for agents: https://dotenvx.com/as2
[132/178#w1] __RM_JSON__ /Users/mihail/Desktop/Нумизматика сайт/omonete-app/data/royal-mint-hishso00.json
[132/178#w1] 
[132/178#w1] Готово: /Users/mihail/Desktop/Нумизматика сайт/omonete-app/data/royal-mint-hishso00.json
[132/178#w1] Загрузка PDP: https://www.royalmint.com/sovereign/all/hishso00/?listId=All_Sovereign_Coins&listName=All%20Sovereign%20Coins
[132/178#w1] Классификация картинок: {
[132/178#w1]   "obverse": "https://www.royalmint.com/globalassets/__rebrand/_structure/shop/editions/_historic-coins/_product-image/hishso00-2000-half-sovereign-obverse.jpg",
[132/178#w1]   "reverse": "https://www.royalmint.com/globalassets/__rebrand/_structure/shop/editions/_historic-coins/_product-image/hishso00-2000-half-sovereign-reverse.jpg",
[132/178#w1]   "blister_obverse": null,
[132/178#w1]   "blister_reverse": null,
[132/178#w1]   "box": null,
[132/178#w1]   "certificate": null
[132/178#w1] }
[132/178#w1] 
[132/178#w1] ────────── Как увидеть монету на сайте (localhost) ──────────
[132/178#w1] Быстро (парсинг + public/data в один заход): npm run royal-mint:preview
[132/178#w1]   (или уже есть JSON: npx tsx scripts/royal-mint-to-public-catalog.ts "/Users/mihail/Desktop/Нумизматика сайт/omonete-app/data/royal-mint-hishso00.json")
[132/178#w1] Потом: npm run dev → http://localhost:3000/coins/991001/ (или ROYAL_MINT_LOCAL_ID)
[132/178#w1] Картинки (если скачались): public/image/coins/foreign/ — пути уже в JSON монеты.
[132/178#w1] В БД: npm run royal-mint:import → npm run data:export (или data:export:incremental).

——— старт 134/178#w1 ———
https://www.royalmint.com/sovereign/all/Sovereign-2010-proof/?listId=All_Sovereign_Coins&listName=All%20Sovereign%20Coins
[133/178#w2] Блок характеристик: div.mod-section.specification — найден, полей в specs: 8
[133/178#w2] ReferenceError: uniqueUrlsStable is not defined
[133/178#w2]     at filterUrlsByProductGalleryFolder (/Users/mihail/Desktop/Нумизматика сайт/omonete-app/scripts/fetch-royal-mint-coin-test.js:446:29)
[133/178#w2]     at main (/Users/mihail/Desktop/Нумизматика сайт/omonete-app/scripts/fetch-royal-mint-coin-test.js:848:21)

——— старт 135/178#w2 ———
https://www.royalmint.com/sovereign/all/The-2002-2-Double-Sovereign/?listId=All_Sovereign_Coins&listName=All%20Sovereign%20Coins
[134/178#w1] Блок характеристик: div.mod-section.specification — найден, полей в specs: 9
[134/178#w1]   ✓ sovereign-2010-proof-rev.webp
[134/178#w1]   ✓ sovereign-2010-proof-blister-rev.webp
[134/178#w1] [dotenv@17.3.1] injecting env (1) from .env -- tip: 🛡️ auth for agents: https://vestauth.com
[135/178#w2] Блок характеристик: div.mod-section.specification — найден, полей в specs: 9
[134/178#w1] __RM_JSON__ /Users/mihail/Desktop/Нумизматика сайт/omonete-app/data/royal-mint-sovereign-2010-proof.json
[134/178#w1] 
[134/178#w1] Готово: /Users/mihail/Desktop/Нумизматика сайт/omonete-app/data/royal-mint-sovereign-2010-proof.json
[134/178#w1] Загрузка PDP: https://www.royalmint.com/sovereign/all/Sovereign-2010-proof/?listId=All_Sovereign_Coins&listName=All%20Sovereign%20Coins
[134/178#w1] Классификация картинок: {
[134/178#w1]   "obverse": null,
[134/178#w1]   "reverse": "https://www.royalmint.com/globalassets/_ecommerce/commemorative/launches/2026-launches/great-british-treasure-hunt/pdp-image/uk26mml4---level-4-mastermind-medal-reverse.jpg",
[134/178#w1]   "blister_obverse": null,
[134/178#w1]   "blister_reverse": "https://www.royalmint.com/globalassets/_ecommerce/invest/launches/2025/britannia/secure-bars/prods/1g/sembgbb1gs---britannia-bar-minted-gold-1g-reverse-blister-1500x1500-f3a2c67.jpg",
[134/178#w1]   "box": null,
[134/178#w1]   "certificate": null
[134/178#w1] }
[134/178#w1] 
[134/178#w1] ────────── Как увидеть монету на сайте (localhost) ──────────
[134/178#w1] Быстро (парсинг + public/data в один заход): npm run royal-mint:preview
[134/178#w1]   (или уже есть JSON: npx tsx scripts/royal-mint-to-public-catalog.ts "/Users/mihail/Desktop/Нумизматика сайт/omonete-app/data/royal-mint-sovereign-2010-proof.json")
[134/178#w1] Потом: npm run dev → http://localhost:3000/coins/991001/ (или ROYAL_MINT_LOCAL_ID)
[134/178#w1] Картинки (если скачались): public/image/coins/foreign/ — пути уже в JSON монеты.
[134/178#w1] В БД: npm run royal-mint:import → npm run data:export (или data:export:incremental).

——— старт 136/178#w1 ———
https://www.royalmint.com/sovereign/all/The-2015-Queen-Elizabeth-II-Sovereign/?listId=All_Sovereign_Coins&listName=All%20Sovereign%20Coins
[135/178#w2]   ✓ the-2002-2-double-sovereign-obv.webp
[135/178#w2]   ✓ the-2002-2-double-sovereign-rev.webp
[135/178#w2] [dotenv@17.3.1] injecting env (1) from .env -- tip: ⚙️  load multiple .env files with { path: ['.env.local', '.env'] }
[135/178#w2] __RM_JSON__ /Users/mihail/Desktop/Нумизматика сайт/omonete-app/data/royal-mint-the-2002-2-double-sovereign.json
[135/178#w2] 
[135/178#w2] Готово: /Users/mihail/Desktop/Нумизматика сайт/omonete-app/data/royal-mint-the-2002-2-double-sovereign.json
[135/178#w2] Загрузка PDP: https://www.royalmint.com/sovereign/all/The-2002-2-Double-Sovereign/?listId=All_Sovereign_Coins&listName=All%20Sovereign%20Coins
[135/178#w2] Классификация картинок: {
[135/178#w2]   "obverse": "https://www.royalmint.com/globalassets/__rebrand/_structure/shop/editions/_historic-coins/_product-image/hissov02d-2002-2-proof-obverse.jpg",
[135/178#w2]   "reverse": "https://www.royalmint.com/globalassets/__rebrand/_structure/shop/editions/_historic-coins/_product-image/hissov02d-2002-2-proof-reverse.jpg",
[135/178#w2]   "blister_obverse": null,
[135/178#w2]   "blister_reverse": null,
[135/178#w2]   "box": null,
[135/178#w2]   "certificate": null
[135/178#w2] }
[135/178#w2] 
[135/178#w2] ────────── Как увидеть монету на сайте (localhost) ──────────
[135/178#w2] Быстро (парсинг + public/data в один заход): npm run royal-mint:preview
[135/178#w2]   (или уже есть JSON: npx tsx scripts/royal-mint-to-public-catalog.ts "/Users/mihail/Desktop/Нумизматика сайт/omonete-app/data/royal-mint-the-2002-2-double-sovereign.json")
[135/178#w2] Потом: npm run dev → http://localhost:3000/coins/991001/ (или ROYAL_MINT_LOCAL_ID)
[135/178#w2] Картинки (если скачались): public/image/coins/foreign/ — пути уже в JSON монеты.
[135/178#w2] В БД: npm run royal-mint:import → npm run data:export (или data:export:incremental).

——— старт 137/178#w2 ———
https://www.royalmint.com/sovereign/all/The-2016-Sovereign-Unique-James-Butler-Portrait/?listId=All_Sovereign_Coins&listName=All%20Sovereign%20Coins
[136/178#w1] Блок характеристик: div.mod-section.specification — найден, полей в specs: 9
[136/178#w1]   ✓ the-2015-queen-elizabeth-ii-sovereign-obv.webp
[137/178#w2] Блок характеристик: div.mod-section.specification — найден, полей в specs: 10
[137/178#w2]   ✓ the-2016-sovereign-unique-james-butler-portrait-obv.webp
[136/178#w1]   ✓ the-2015-queen-elizabeth-ii-sovereign-rev.webp
[136/178#w1] [dotenv@17.3.1] injecting env (1) from .env -- tip: ⚙️  specify custom .env file path with { path: '/custom/path/.env' }
[136/178#w1] __RM_JSON__ /Users/mihail/Desktop/Нумизматика сайт/omonete-app/data/royal-mint-the-2015-queen-elizabeth-ii-sovereign.json
[136/178#w1] 
[136/178#w1] Готово: /Users/mihail/Desktop/Нумизматика сайт/omonete-app/data/royal-mint-the-2015-queen-elizabeth-ii-sovereign.json
[136/178#w1] Загрузка PDP: https://www.royalmint.com/sovereign/all/The-2015-Queen-Elizabeth-II-Sovereign/?listId=All_Sovereign_Coins&listName=All%20Sovereign%20Coins
[136/178#w1] Классификация картинок: {
[136/178#w1]   "obverse": "https://www.royalmint.com/globalassets/__rebrand/_structure/shop/editions/_historic-coins/_product-image/his2015s-2015-sovereign-obverse.jpg",
[136/178#w1]   "reverse": "https://www.royalmint.com/globalassets/__rebrand/_structure/shop/editions/_historic-coins/_product-image/his2015s-2015-sovereign-reverse.jpg",
[136/178#w1]   "blister_obverse": null,
[136/178#w1]   "blister_reverse": null,
[136/178#w1]   "box": null,
[136/178#w1]   "certificate": null
[136/178#w1] }
[136/178#w1] 
[136/178#w1] ────────── Как увидеть монету на сайте (localhost) ──────────
[136/178#w1] Быстро (парсинг + public/data в один заход): npm run royal-mint:preview
[136/178#w1]   (или уже есть JSON: npx tsx scripts/royal-mint-to-public-catalog.ts "/Users/mihail/Desktop/Нумизматика сайт/omonete-app/data/royal-mint-the-2015-queen-elizabeth-ii-sovereign.json")
[136/178#w1] Потом: npm run dev → http://localhost:3000/coins/991001/ (или ROYAL_MINT_LOCAL_ID)
[136/178#w1] Картинки (если скачались): public/image/coins/foreign/ — пути уже в JSON монеты.
[136/178#w1] В БД: npm run royal-mint:import → npm run data:export (или data:export:incremental).

——— старт 138/178#w1 ———
https://www.royalmint.com/sovereign/all/the-five-sovereign-piece-2026-brilliant-uncirculated-coin/?listId=All_Sovereign_Coins&listName=All%20Sovereign%20Coins
[137/178#w2]   ✓ the-2016-sovereign-unique-james-butler-portrait-rev.webp
[137/178#w2] [dotenv@17.3.1] injecting env (1) from .env -- tip: 🛠️  run anywhere with `dotenvx run -- yourcommand`
[137/178#w2] __RM_JSON__ /Users/mihail/Desktop/Нумизматика сайт/omonete-app/data/royal-mint-the-2016-sovereign-unique-james-butler-portrait.json
[137/178#w2] 
[137/178#w2] Готово: /Users/mihail/Desktop/Нумизматика сайт/omonete-app/data/royal-mint-the-2016-sovereign-unique-james-butler-portrait.json
[137/178#w2] Загрузка PDP: https://www.royalmint.com/sovereign/all/The-2016-Sovereign-Unique-James-Butler-Portrait/?listId=All_Sovereign_Coins&listName=All%20Sovereign%20Coins
[137/178#w2] Классификация картинок: {
[137/178#w2]   "obverse": "https://www.royalmint.com/globalassets/__rebrand/_structure/shop/editions/_historic-coins/_product-image/his16gps-2016-butler-sov-obverse.jpg",
[137/178#w2]   "reverse": "https://www.royalmint.com/globalassets/__rebrand/_structure/shop/editions/_historic-coins/_product-image/his16gps-2016-butler-sov-reverse.jpg",
[137/178#w2]   "blister_obverse": null,
[137/178#w2]   "blister_reverse": null,
[137/178#w2]   "box": null,
[137/178#w2]   "certificate": null
[137/178#w2] }
[137/178#w2] 
[137/178#w2] ────────── Как увидеть монету на сайте (localhost) ──────────
[137/178#w2] Быстро (парсинг + public/data в один заход): npm run royal-mint:preview
[137/178#w2]   (или уже есть JSON: npx tsx scripts/royal-mint-to-public-catalog.ts "/Users/mihail/Desktop/Нумизматика сайт/omonete-app/data/royal-mint-the-2016-sovereign-unique-james-butler-portrait.json")
[137/178#w2] Потом: npm run dev → http://localhost:3000/coins/991001/ (или ROYAL_MINT_LOCAL_ID)
[137/178#w2] Картинки (если скачались): public/image/coins/foreign/ — пути уже в JSON монеты.
[137/178#w2] В БД: npm run royal-mint:import → npm run data:export (или data:export:incremental).

——— старт 139/178#w2 ———
https://www.royalmint.com/sovereign/all/the-half-sovereign-1991/?listId=All_Sovereign_Coins&listName=All%20Sovereign%20Coins
[138/178#w1] Блок характеристик: div.mod-section.specification — найден, полей в specs: 11
[139/178#w2] Блок характеристик: div.mod-section.specification — найден, полей в specs: 8
[138/178#w1]   ✓ the-five-sovereign-piece-2026-brilliant-uncirculated-coin-obv.webp
[139/178#w2]   ✓ the-half-sovereign-1991-obv.webp
[139/178#w2]   ✓ the-half-sovereign-1991-rev.webp
[139/178#w2] [dotenv@17.3.1] injecting env (1) from .env -- tip: ⚙️  load multiple .env files with { path: ['.env.local', '.env'] }
[138/178#w1]   ✓ the-five-sovereign-piece-2026-brilliant-uncirculated-coin-rev.webp
[139/178#w2] __RM_JSON__ /Users/mihail/Desktop/Нумизматика сайт/omonete-app/data/royal-mint-the-half-sovereign-1991.json
[139/178#w2] 
[139/178#w2] Готово: /Users/mihail/Desktop/Нумизматика сайт/omonete-app/data/royal-mint-the-half-sovereign-1991.json
[139/178#w2] Загрузка PDP: https://www.royalmint.com/sovereign/all/the-half-sovereign-1991/?listId=All_Sovereign_Coins&listName=All%20Sovereign%20Coins
[139/178#w2] Классификация картинок: {
[139/178#w2]   "obverse": "https://www.royalmint.com/globalassets/__rebrand/_structure/shop/editions/_historic-coins/_product-image/hishso91-1991-half-sovereign-obverse.jpg",
[139/178#w2]   "reverse": "https://www.royalmint.com/globalassets/__rebrand/_structure/shop/editions/_historic-coins/_product-image/hishso91-1991-half-sovereign-reverse.jpg",
[139/178#w2]   "blister_obverse": null,
[139/178#w2]   "blister_reverse": null,
[139/178#w2]   "box": null,
[139/178#w2]   "certificate": null
[139/178#w2] }
[139/178#w2] 
[139/178#w2] ────────── Как увидеть монету на сайте (localhost) ──────────
[139/178#w2] Быстро (парсинг + public/data в один заход): npm run royal-mint:preview
[139/178#w2]   (или уже есть JSON: npx tsx scripts/royal-mint-to-public-catalog.ts "/Users/mihail/Desktop/Нумизматика сайт/omonete-app/data/royal-mint-the-half-sovereign-1991.json")
[139/178#w2] Потом: npm run dev → http://localhost:3000/coins/991001/ (или ROYAL_MINT_LOCAL_ID)
[139/178#w2] Картинки (если скачались): public/image/coins/foreign/ — пути уже в JSON монеты.
[139/178#w2] В БД: npm run royal-mint:import → npm run data:export (или data:export:incremental).

——— старт 140/178#w2 ———
https://www.royalmint.com/sovereign/all/the-half-sovereign-1994/?listId=All_Sovereign_Coins&listName=All%20Sovereign%20Coins
[138/178#w1]   ✓ the-five-sovereign-piece-2026-brilliant-uncirculated-coin-cert.webp
[138/178#w1] [dotenv@17.3.1] injecting env (1) from .env -- tip: ⚙️  write to custom object with { processEnv: myObject }
[138/178#w1] __RM_JSON__ /Users/mihail/Desktop/Нумизматика сайт/omonete-app/data/royal-mint-the-five-sovereign-piece-2026-brilliant-uncirculated-coin.json
[138/178#w1] 
[138/178#w1] Готово: /Users/mihail/Desktop/Нумизматика сайт/omonete-app/data/royal-mint-the-five-sovereign-piece-2026-brilliant-uncirculated-coin.json
[138/178#w1] Загрузка PDP: https://www.royalmint.com/sovereign/all/the-five-sovereign-piece-2026-brilliant-uncirculated-coin/?listId=All_Sovereign_Coins&listName=All%20Sovereign%20Coins
[138/178#w1] Классификация картинок: {
[138/178#w1]   "obverse": "https://www.royalmint.com/globalassets/_ecommerce/commemorative/launches/2026-launches/sovereign-2026/product-images/a26-the-five-sovereign-piece-2026-brilliant-uncirculated-coin-obverse-with-edge.jpg",
[138/178#w1]   "reverse": "https://www.royalmint.com/globalassets/_ecommerce/commemorative/launches/2026-launches/sovereign-2026/product-images/a26-the-five-sovereign-piece-2026-brilliant-uncirculated-coin-reverse.jpg",
[138/178#w1]   "blister_obverse": null,
[138/178#w1]   "blister_reverse": null,
[138/178#w1]   "box": null,
[138/178#w1]   "certificate": "https://www.royalmint.com/globalassets/_ecommerce/commemorative/launches/2026-launches/sovereign-2026/product-images/a26the-five-sovereign-piece-2026-brilliant-uncirculated-coin-carton.jpg"
[138/178#w1] }
[138/178#w1] 
[138/178#w1] ────────── Как увидеть монету на сайте (localhost) ──────────
[138/178#w1] Быстро (парсинг + public/data в один заход): npm run royal-mint:preview
[138/178#w1]   (или уже есть JSON: npx tsx scripts/royal-mint-to-public-catalog.ts "/Users/mihail/Desktop/Нумизматика сайт/omonete-app/data/royal-mint-the-five-sovereign-piece-2026-brilliant-uncirculated-coin.json")
[138/178#w1] Потом: npm run dev → http://localhost:3000/coins/991001/ (или ROYAL_MINT_LOCAL_ID)
[138/178#w1] Картинки (если скачались): public/image/coins/foreign/ — пути уже в JSON монеты.
[138/178#w1] В БД: npm run royal-mint:import → npm run data:export (или data:export:incremental).

——— старт 141/178#w1 ———
https://www.royalmint.com/sovereign/all/The-Half-Sovereign-1995/?listId=All_Sovereign_Coins&listName=All%20Sovereign%20Coins
[140/178#w2] Блок характеристик: div.mod-section.specification — найден, полей в specs: 8
[141/178#w1] Блок характеристик: div.mod-section.specification — найден, полей в specs: 8
[140/178#w2]   ✓ the-half-sovereign-1994-obv.webp
[141/178#w1]   ✓ the-half-sovereign-1995-obv.webp
[140/178#w2]   ✓ the-half-sovereign-1994-rev.webp
[140/178#w2] [dotenv@17.3.1] injecting env (1) from .env -- tip: ⚙️  override existing env vars with { override: true }
[140/178#w2] __RM_JSON__ /Users/mihail/Desktop/Нумизматика сайт/omonete-app/data/royal-mint-the-half-sovereign-1994.json
[140/178#w2] 
[140/178#w2] Готово: /Users/mihail/Desktop/Нумизматика сайт/omonete-app/data/royal-mint-the-half-sovereign-1994.json
[140/178#w2] Загрузка PDP: https://www.royalmint.com/sovereign/all/the-half-sovereign-1994/?listId=All_Sovereign_Coins&listName=All%20Sovereign%20Coins
[140/178#w2] Классификация картинок: {
[140/178#w2]   "obverse": "https://www.royalmint.com/globalassets/__rebrand/_structure/shop/editions/_historic-coins/_product-image/hishso94-1994-half-sovereign-obverse.jpg",
[140/178#w2]   "reverse": "https://www.royalmint.com/globalassets/__rebrand/_structure/shop/editions/_historic-coins/_product-image/hissov94-1994-sovereign-reverse.jpg",
[140/178#w2]   "blister_obverse": null,
[140/178#w2]   "blister_reverse": null,
[140/178#w2]   "box": null,
[140/178#w2]   "certificate": null
[140/178#w2] }
[140/178#w2] 
[140/178#w2] ────────── Как увидеть монету на сайте (localhost) ──────────
[140/178#w2] Быстро (парсинг + public/data в один заход): npm run royal-mint:preview
[140/178#w2]   (или уже есть JSON: npx tsx scripts/royal-mint-to-public-catalog.ts "/Users/mihail/Desktop/Нумизматика сайт/omonete-app/data/royal-mint-the-half-sovereign-1994.json")
[140/178#w2] Потом: npm run dev → http://localhost:3000/coins/991001/ (или ROYAL_MINT_LOCAL_ID)
[140/178#w2] Картинки (если скачались): public/image/coins/foreign/ — пути уже в JSON монеты.
[140/178#w2] В БД: npm run royal-mint:import → npm run data:export (или data:export:incremental).

——— старт 142/178#w2 ———
https://www.royalmint.com/sovereign/all/the-half-sovereign-1996/?listId=All_Sovereign_Coins&listName=All%20Sovereign%20Coins
[141/178#w1]   ✓ the-half-sovereign-1995-rev.webp
[141/178#w1] [dotenv@17.3.1] injecting env (1) from .env -- tip: 🔐 prevent committing .env to code: https://dotenvx.com/precommit
[141/178#w1] __RM_JSON__ /Users/mihail/Desktop/Нумизматика сайт/omonete-app/data/royal-mint-the-half-sovereign-1995.json
[141/178#w1] 
[141/178#w1] Готово: /Users/mihail/Desktop/Нумизматика сайт/omonete-app/data/royal-mint-the-half-sovereign-1995.json
[141/178#w1] Загрузка PDP: https://www.royalmint.com/sovereign/all/The-Half-Sovereign-1995/?listId=All_Sovereign_Coins&listName=All%20Sovereign%20Coins
[141/178#w1] Классификация картинок: {
[141/178#w1]   "obverse": "https://www.royalmint.com/globalassets/__rebrand/_structure/shop/editions/_historic-coins/_product-image/hishso95-1995-half-sovereign-obverse.jpg",
[141/178#w1]   "reverse": "https://www.royalmint.com/globalassets/__rebrand/_structure/shop/editions/_historic-coins/_product-image/hishso95-1995-half-sovereign-reverse.jpg",
[141/178#w1]   "blister_obverse": null,
[141/178#w1]   "blister_reverse": null,
[141/178#w1]   "box": null,
[141/178#w1]   "certificate": null
[141/178#w1] }
[141/178#w1] 
[141/178#w1] ────────── Как увидеть монету на сайте (localhost) ──────────
[141/178#w1] Быстро (парсинг + public/data в один заход): npm run royal-mint:preview
[141/178#w1]   (или уже есть JSON: npx tsx scripts/royal-mint-to-public-catalog.ts "/Users/mihail/Desktop/Нумизматика сайт/omonete-app/data/royal-mint-the-half-sovereign-1995.json")
[141/178#w1] Потом: npm run dev → http://localhost:3000/coins/991001/ (или ROYAL_MINT_LOCAL_ID)
[141/178#w1] Картинки (если скачались): public/image/coins/foreign/ — пути уже в JSON монеты.
[141/178#w1] В БД: npm run royal-mint:import → npm run data:export (или data:export:incremental).

——— старт 143/178#w1 ———
https://www.royalmint.com/sovereign/all/the-half-sovereign-1997/?listId=All_Sovereign_Coins&listName=All%20Sovereign%20Coins
[142/178#w2] Блок характеристик: div.mod-section.specification — найден, полей в specs: 8
[143/178#w1] Блок характеристик: div.mod-section.specification — найден, полей в specs: 8
[142/178#w2]   ✓ the-half-sovereign-1996-obv.webp
[143/178#w1]   ✓ the-half-sovereign-1997-obv.webp
[142/178#w2]   ✓ the-half-sovereign-1996-rev.webp
[142/178#w2] [dotenv@17.3.1] injecting env (1) from .env -- tip: 🔐 prevent committing .env to code: https://dotenvx.com/precommit
[143/178#w1]   ✓ the-half-sovereign-1997-rev.webp
[143/178#w1] [dotenv@17.3.1] injecting env (1) from .env -- tip: ⚙️  enable debug logging with { debug: true }
[143/178#w1] __RM_JSON__ /Users/mihail/Desktop/Нумизматика сайт/omonete-app/data/royal-mint-the-half-sovereign-1997.json
[143/178#w1] 
[143/178#w1] Готово: /Users/mihail/Desktop/Нумизматика сайт/omonete-app/data/royal-mint-the-half-sovereign-1997.json
[143/178#w1] Загрузка PDP: https://www.royalmint.com/sovereign/all/the-half-sovereign-1997/?listId=All_Sovereign_Coins&listName=All%20Sovereign%20Coins
[143/178#w1] Классификация картинок: {
[143/178#w1]   "obverse": "https://www.royalmint.com/globalassets/__rebrand/_structure/shop/editions/_historic-coins/_product-image/hishso97-1997-half-sovereign-obverse.jpg",
[143/178#w1]   "reverse": "https://www.royalmint.com/globalassets/__rebrand/_structure/shop/editions/_historic-coins/_product-image/hishso97-1997-half-sovereign-reverse.jpg",
[143/178#w1]   "blister_obverse": null,
[143/178#w1]   "blister_reverse": null,
[143/178#w1]   "box": null,
[143/178#w1]   "certificate": null
[143/178#w1] }
[143/178#w1] 
[143/178#w1] ────────── Как увидеть монету на сайте (localhost) ──────────
[143/178#w1] Быстро (парсинг + public/data в один заход): npm run royal-mint:preview
[143/178#w1]   (или уже есть JSON: npx tsx scripts/royal-mint-to-public-catalog.ts "/Users/mihail/Desktop/Нумизматика сайт/omonete-app/data/royal-mint-the-half-sovereign-1997.json")
[143/178#w1] Потом: npm run dev → http://localhost:3000/coins/991001/ (или ROYAL_MINT_LOCAL_ID)
[143/178#w1] Картинки (если скачались): public/image/coins/foreign/ — пути уже в JSON монеты.
[143/178#w1] В БД: npm run royal-mint:import → npm run data:export (или data:export:incremental).
[142/178#w2] __RM_JSON__ /Users/mihail/Desktop/Нумизматика сайт/omonete-app/data/royal-mint-the-half-sovereign-1996.json
[142/178#w2] 
[142/178#w2] Готово: /Users/mihail/Desktop/Нумизматика сайт/omonete-app/data/royal-mint-the-half-sovereign-1996.json
[142/178#w2] Загрузка PDP: https://www.royalmint.com/sovereign/all/the-half-sovereign-1996/?listId=All_Sovereign_Coins&listName=All%20Sovereign%20Coins
[142/178#w2] Классификация картинок: {
[142/178#w2]   "obverse": "https://www.royalmint.com/globalassets/__rebrand/_structure/shop/editions/_historic-coins/_product-image/hishso96-1996-half-sovereign-obverse.jpg",
[142/178#w2]   "reverse": "https://www.royalmint.com/globalassets/__rebrand/_structure/shop/editions/_historic-coins/_product-image/hishso96-1996-half-sovereign-reverse.jpg",
[142/178#w2]   "blister_obverse": null,
[142/178#w2]   "blister_reverse": null,
[142/178#w2]   "box": null,
[142/178#w2]   "certificate": null
[142/178#w2] }
[142/178#w2] 
[142/178#w2] ────────── Как увидеть монету на сайте (localhost) ──────────
[142/178#w2] Быстро (парсинг + public/data в один заход): npm run royal-mint:preview
[142/178#w2]   (или уже есть JSON: npx tsx scripts/royal-mint-to-public-catalog.ts "/Users/mihail/Desktop/Нумизматика сайт/omonete-app/data/royal-mint-the-half-sovereign-1996.json")
[142/178#w2] Потом: npm run dev → http://localhost:3000/coins/991001/ (или ROYAL_MINT_LOCAL_ID)
[142/178#w2] Картинки (если скачались): public/image/coins/foreign/ — пути уже в JSON монеты.
[142/178#w2] В БД: npm run royal-mint:import → npm run data:export (или data:export:incremental).

——— старт 144/178#w1 ———
https://www.royalmint.com/sovereign/all/the-half-sovereign-1998/?listId=All_Sovereign_Coins&listName=All%20Sovereign%20Coins

——— старт 145/178#w2 ———
https://www.royalmint.com/sovereign/all/the-half-sovereign-1999/?listId=All_Sovereign_Coins&listName=All%20Sovereign%20Coins
[144/178#w1] Блок характеристик: div.mod-section.specification — найден, полей в specs: 8
[145/178#w2] Блок характеристик: div.mod-section.specification — найден, полей в specs: 8
[144/178#w1]   ✓ the-half-sovereign-1998-obv.webp
[145/178#w2]   ✓ the-half-sovereign-1999-obv.webp
[145/178#w2]   ✓ the-half-sovereign-1999-rev.webp
[145/178#w2] [dotenv@17.3.1] injecting env (1) from .env -- tip: ⚙️  write to custom object with { processEnv: myObject }
[144/178#w1]   ✓ the-half-sovereign-1998-rev.webp
[144/178#w1] [dotenv@17.3.1] injecting env (1) from .env -- tip: ⚡️ secrets for agents: https://dotenvx.com/as2
[145/178#w2] __RM_JSON__ /Users/mihail/Desktop/Нумизматика сайт/omonete-app/data/royal-mint-the-half-sovereign-1999.json
[145/178#w2] 
[145/178#w2] Готово: /Users/mihail/Desktop/Нумизматика сайт/omonete-app/data/royal-mint-the-half-sovereign-1999.json
[145/178#w2] Загрузка PDP: https://www.royalmint.com/sovereign/all/the-half-sovereign-1999/?listId=All_Sovereign_Coins&listName=All%20Sovereign%20Coins
[145/178#w2] Классификация картинок: {
[145/178#w2]   "obverse": "https://www.royalmint.com/globalassets/__rebrand/_structure/shop/editions/_historic-coins/_product-image/hishso99-1999-half-sovereign-obverse.jpg",
[145/178#w2]   "reverse": "https://www.royalmint.com/globalassets/__rebrand/_structure/shop/editions/_historic-coins/_product-image/hishso99-1999-half-sovereign-reverse.jpg",
[145/178#w2]   "blister_obverse": null,
[145/178#w2]   "blister_reverse": null,
[145/178#w2]   "box": null,
[145/178#w2]   "certificate": null
[145/178#w2] }
[145/178#w2] 
[145/178#w2] ────────── Как увидеть монету на сайте (localhost) ──────────
[145/178#w2] Быстро (парсинг + public/data в один заход): npm run royal-mint:preview
[145/178#w2]   (или уже есть JSON: npx tsx scripts/royal-mint-to-public-catalog.ts "/Users/mihail/Desktop/Нумизматика сайт/omonete-app/data/royal-mint-the-half-sovereign-1999.json")
[145/178#w2] Потом: npm run dev → http://localhost:3000/coins/991001/ (или ROYAL_MINT_LOCAL_ID)
[145/178#w2] Картинки (если скачались): public/image/coins/foreign/ — пути уже в JSON монеты.
[145/178#w2] В БД: npm run royal-mint:import → npm run data:export (или data:export:incremental).
[144/178#w1] __RM_JSON__ /Users/mihail/Desktop/Нумизматика сайт/omonete-app/data/royal-mint-the-half-sovereign-1998.json
[144/178#w1] 
[144/178#w1] Готово: /Users/mihail/Desktop/Нумизматика сайт/omonete-app/data/royal-mint-the-half-sovereign-1998.json
[144/178#w1] Загрузка PDP: https://www.royalmint.com/sovereign/all/the-half-sovereign-1998/?listId=All_Sovereign_Coins&listName=All%20Sovereign%20Coins
[144/178#w1] Классификация картинок: {
[144/178#w1]   "obverse": "https://www.royalmint.com/globalassets/__rebrand/_structure/shop/editions/_historic-coins/_product-image/hishso98-1998-half-sovereign-obverse.jpg",
[144/178#w1]   "reverse": "https://www.royalmint.com/globalassets/__rebrand/_structure/shop/editions/_historic-coins/_product-image/hishso98-1998-half-sovereign-reverse.jpg",
[144/178#w1]   "blister_obverse": null,
[144/178#w1]   "blister_reverse": null,
[144/178#w1]   "box": null,
[144/178#w1]   "certificate": null
[144/178#w1] }

——— старт 146/178#w2 ———
https://www.royalmint.com/sovereign/all/the-half-sovereign-2001/?listId=All_Sovereign_Coins&listName=All%20Sovereign%20Coins
[144/178#w1] 
[144/178#w1] ────────── Как увидеть монету на сайте (localhost) ──────────
[144/178#w1] Быстро (парсинг + public/data в один заход): npm run royal-mint:preview
[144/178#w1]   (или уже есть JSON: npx tsx scripts/royal-mint-to-public-catalog.ts "/Users/mihail/Desktop/Нумизматика сайт/omonete-app/data/royal-mint-the-half-sovereign-1998.json")
[144/178#w1] Потом: npm run dev → http://localhost:3000/coins/991001/ (или ROYAL_MINT_LOCAL_ID)
[144/178#w1] Картинки (если скачались): public/image/coins/foreign/ — пути уже в JSON монеты.
[144/178#w1] В БД: npm run royal-mint:import → npm run data:export (или data:export:incremental).

——— старт 147/178#w1 ———
https://www.royalmint.com/sovereign/all/the-half-sovereign-2002/?listId=All_Sovereign_Coins&listName=All%20Sovereign%20Coins
[146/178#w2] Блок характеристик: div.mod-section.specification — найден, полей в specs: 8
[147/178#w1] Блок характеристик: div.mod-section.specification — найден, полей в specs: 8
[146/178#w2]   ✓ the-half-sovereign-2001-obv.webp
[147/178#w1]   ✓ the-half-sovereign-2002-obv.webp
[146/178#w2]   ✓ the-half-sovereign-2001-rev.webp
[146/178#w2] [dotenv@17.3.1] injecting env (1) from .env -- tip: 🛠️  run anywhere with `dotenvx run -- yourcommand`
[147/178#w1]   ✓ the-half-sovereign-2002-rev.webp
[147/178#w1] [dotenv@17.3.1] injecting env (1) from .env -- tip: ⚙️  suppress all logs with { quiet: true }
[146/178#w2] __RM_JSON__ /Users/mihail/Desktop/Нумизматика сайт/omonete-app/data/royal-mint-the-half-sovereign-2001.json
[146/178#w2] 
[146/178#w2] Готово: /Users/mihail/Desktop/Нумизматика сайт/omonete-app/data/royal-mint-the-half-sovereign-2001.json
[146/178#w2] Загрузка PDP: https://www.royalmint.com/sovereign/all/the-half-sovereign-2001/?listId=All_Sovereign_Coins&listName=All%20Sovereign%20Coins
[146/178#w2] Классификация картинок: {
[146/178#w2]   "obverse": "https://www.royalmint.com/globalassets/__rebrand/_structure/shop/editions/_historic-coins/_product-image/hishso01-2001-half-sovereign-obverse.jpg",
[146/178#w2]   "reverse": "https://www.royalmint.com/globalassets/__rebrand/_structure/shop/editions/_historic-coins/_product-image/hishso01-2001-half-sovereign-reverse.jpg",
[146/178#w2]   "blister_obverse": null,
[146/178#w2]   "blister_reverse": null,
[146/178#w2]   "box": null,
[146/178#w2]   "certificate": null
[146/178#w2] }
[146/178#w2] 
[146/178#w2] ────────── Как увидеть монету на сайте (localhost) ──────────
[146/178#w2] Быстро (парсинг + public/data в один заход): npm run royal-mint:preview
[146/178#w2]   (или уже есть JSON: npx tsx scripts/royal-mint-to-public-catalog.ts "/Users/mihail/Desktop/Нумизматика сайт/omonete-app/data/royal-mint-the-half-sovereign-2001.json")
[146/178#w2] Потом: npm run dev → http://localhost:3000/coins/991001/ (или ROYAL_MINT_LOCAL_ID)
[146/178#w2] Картинки (если скачались): public/image/coins/foreign/ — пути уже в JSON монеты.
[146/178#w2] В БД: npm run royal-mint:import → npm run data:export (или data:export:incremental).

——— старт 148/178#w2 ———
https://www.royalmint.com/sovereign/all/the-half-sovereign-2003/?listId=All_Sovereign_Coins&listName=All%20Sovereign%20Coins
[147/178#w1] __RM_JSON__ /Users/mihail/Desktop/Нумизматика сайт/omonete-app/data/royal-mint-the-half-sovereign-2002.json
[147/178#w1] 
[147/178#w1] Готово: /Users/mihail/Desktop/Нумизматика сайт/omonete-app/data/royal-mint-the-half-sovereign-2002.json
[147/178#w1] Загрузка PDP: https://www.royalmint.com/sovereign/all/the-half-sovereign-2002/?listId=All_Sovereign_Coins&listName=All%20Sovereign%20Coins
[147/178#w1] Классификация картинок: {
[147/178#w1]   "obverse": "https://www.royalmint.com/globalassets/__rebrand/_structure/shop/editions/_historic-coins/_product-image/hisshso02-2002-half-sovereign-obverse.jpg",
[147/178#w1]   "reverse": "https://www.royalmint.com/globalassets/__rebrand/_structure/shop/editions/_historic-coins/_product-image/hisshso02-2002-half-sovereign-reverse.jpg",
[147/178#w1]   "blister_obverse": null,
[147/178#w1]   "blister_reverse": null,
[147/178#w1]   "box": null,
[147/178#w1]   "certificate": null
[147/178#w1] }
[147/178#w1] 
[147/178#w1] ────────── Как увидеть монету на сайте (localhost) ──────────
[147/178#w1] Быстро (парсинг + public/data в один заход): npm run royal-mint:preview
[147/178#w1]   (или уже есть JSON: npx tsx scripts/royal-mint-to-public-catalog.ts "/Users/mihail/Desktop/Нумизматика сайт/omonete-app/data/royal-mint-the-half-sovereign-2002.json")
[147/178#w1] Потом: npm run dev → http://localhost:3000/coins/991001/ (или ROYAL_MINT_LOCAL_ID)
[147/178#w1] Картинки (если скачались): public/image/coins/foreign/ — пути уже в JSON монеты.
[147/178#w1] В БД: npm run royal-mint:import → npm run data:export (или data:export:incremental).

——— старт 149/178#w1 ———
https://www.royalmint.com/sovereign/all/the-half-sovereign-2005/?listId=All_Sovereign_Coins&listName=All%20Sovereign%20Coins
[148/178#w2] Блок характеристик: div.mod-section.specification — найден, полей в specs: 8
[149/178#w1] Блок характеристик: div.mod-section.specification — найден, полей в specs: 8
[148/178#w2]   ✓ the-half-sovereign-2003-rev.webp
[149/178#w1]   ✓ the-half-sovereign-2005-obv.webp
[148/178#w2]   ✓ the-half-sovereign-2003-blister-rev.webp
[148/178#w2] [dotenv@17.3.1] injecting env (1) from .env -- tip: 🤖 agentic secret storage: https://dotenvx.com/as2
[148/178#w2] __RM_JSON__ /Users/mihail/Desktop/Нумизматика сайт/omonete-app/data/royal-mint-the-half-sovereign-2003.json
[148/178#w2] 
[148/178#w2] Готово: /Users/mihail/Desktop/Нумизматика сайт/omonete-app/data/royal-mint-the-half-sovereign-2003.json
[148/178#w2] Загрузка PDP: https://www.royalmint.com/sovereign/all/the-half-sovereign-2003/?listId=All_Sovereign_Coins&listName=All%20Sovereign%20Coins
[148/178#w2] Классификация картинок: {
[148/178#w2]   "obverse": null,
[148/178#w2]   "reverse": "https://www.royalmint.com/globalassets/_ecommerce/commemorative/launches/2026-launches/great-british-treasure-hunt/pdp-image/uk26mml4---level-4-mastermind-medal-reverse.jpg",
[148/178#w2]   "blister_obverse": null,
[148/178#w2]   "blister_reverse": "https://www.royalmint.com/globalassets/_ecommerce/invest/launches/2025/britannia/secure-bars/prods/1g/sembgbb1gs---britannia-bar-minted-gold-1g-reverse-blister-1500x1500-f3a2c67.jpg",
[148/178#w2]   "box": null,
[148/178#w2]   "certificate": null
[148/178#w2] }
[148/178#w2] 
[148/178#w2] ────────── Как увидеть монету на сайте (localhost) ──────────
[148/178#w2] Быстро (парсинг + public/data в один заход): npm run royal-mint:preview
[148/178#w2]   (или уже есть JSON: npx tsx scripts/royal-mint-to-public-catalog.ts "/Users/mihail/Desktop/Нумизматика сайт/omonete-app/data/royal-mint-the-half-sovereign-2003.json")
[148/178#w2] Потом: npm run dev → http://localhost:3000/coins/991001/ (или ROYAL_MINT_LOCAL_ID)
[148/178#w2] Картинки (если скачались): public/image/coins/foreign/ — пути уже в JSON монеты.
[148/178#w2] В БД: npm run royal-mint:import → npm run data:export (или data:export:incremental).

——— старт 150/178#w2 ———
https://www.royalmint.com/sovereign/all/the-half-sovereign-2007/?listId=All_Sovereign_Coins&listName=All%20Sovereign%20Coins
[149/178#w1]   ✓ the-half-sovereign-2005-rev.webp
[149/178#w1] [dotenv@17.3.1] injecting env (1) from .env -- tip: 🔐 prevent building .env in docker: https://dotenvx.com/prebuild
[149/178#w1] __RM_JSON__ /Users/mihail/Desktop/Нумизматика сайт/omonete-app/data/royal-mint-the-half-sovereign-2005.json
[149/178#w1] 
[149/178#w1] Готово: /Users/mihail/Desktop/Нумизматика сайт/omonete-app/data/royal-mint-the-half-sovereign-2005.json
[149/178#w1] Загрузка PDP: https://www.royalmint.com/sovereign/all/the-half-sovereign-2005/?listId=All_Sovereign_Coins&listName=All%20Sovereign%20Coins
[149/178#w1] Классификация картинок: {
[149/178#w1]   "obverse": "https://www.royalmint.com/globalassets/__rebrand/_structure/shop/editions/_historic-coins/_product-image/hishso05-2005-half-sovereign-obverse.jpg",
[149/178#w1]   "reverse": "https://www.royalmint.com/globalassets/__rebrand/_structure/shop/editions/_historic-coins/_product-image/hishso05-2005-half-sovereign-reverse.jpg",
[149/178#w1]   "blister_obverse": null,
[149/178#w1]   "blister_reverse": null,
[149/178#w1]   "box": null,
[149/178#w1]   "certificate": null
[149/178#w1] }
[149/178#w1] 
[149/178#w1] ────────── Как увидеть монету на сайте (localhost) ──────────
[149/178#w1] Быстро (парсинг + public/data в один заход): npm run royal-mint:preview
[149/178#w1]   (или уже есть JSON: npx tsx scripts/royal-mint-to-public-catalog.ts "/Users/mihail/Desktop/Нумизматика сайт/omonete-app/data/royal-mint-the-half-sovereign-2005.json")
[149/178#w1] Потом: npm run dev → http://localhost:3000/coins/991001/ (или ROYAL_MINT_LOCAL_ID)
[149/178#w1] Картинки (если скачались): public/image/coins/foreign/ — пути уже в JSON монеты.
[149/178#w1] В БД: npm run royal-mint:import → npm run data:export (или data:export:incremental).

——— старт 151/178#w1 ———
https://www.royalmint.com/sovereign/all/the-half-sovereign-2008/?listId=All_Sovereign_Coins&listName=All%20Sovereign%20Coins
[150/178#w2] Блок характеристик: div.mod-section.specification — найден, полей в specs: 8
[151/178#w1] Блок характеристик: div.mod-section.specification — найден, полей в specs: 8
[150/178#w2]   ✓ the-half-sovereign-2007-obv.webp
[151/178#w1]   ✓ the-half-sovereign-2008-obv.webp
[150/178#w2]   ✓ the-half-sovereign-2007-rev.webp
[150/178#w2] [dotenv@17.3.1] injecting env (1) from .env -- tip: ⚙️  enable debug logging with { debug: true }
[150/178#w2] __RM_JSON__ /Users/mihail/Desktop/Нумизматика сайт/omonete-app/data/royal-mint-the-half-sovereign-2007.json
[150/178#w2] 
[150/178#w2] Готово: /Users/mihail/Desktop/Нумизматика сайт/omonete-app/data/royal-mint-the-half-sovereign-2007.json
[150/178#w2] Загрузка PDP: https://www.royalmint.com/sovereign/all/the-half-sovereign-2007/?listId=All_Sovereign_Coins&listName=All%20Sovereign%20Coins
[150/178#w2] Классификация картинок: {
[150/178#w2]   "obverse": "https://www.royalmint.com/globalassets/__rebrand/_structure/shop/editions/_historic-coins/_product-image/hishso07-2007-half-sovereign-obverse.jpg",
[150/178#w2]   "reverse": "https://www.royalmint.com/globalassets/__rebrand/_structure/shop/editions/_historic-coins/_product-image/hishso07-2007-half-sovereign-reverse.jpg",
[150/178#w2]   "blister_obverse": null,
[150/178#w2]   "blister_reverse": null,
[150/178#w2]   "box": null,
[150/178#w2]   "certificate": null
[150/178#w2] }
[150/178#w2] 
[150/178#w2] ────────── Как увидеть монету на сайте (localhost) ──────────
[150/178#w2] Быстро (парсинг + public/data в один заход): npm run royal-mint:preview
[150/178#w2]   (или уже есть JSON: npx tsx scripts/royal-mint-to-public-catalog.ts "/Users/mihail/Desktop/Нумизматика сайт/omonete-app/data/royal-mint-the-half-sovereign-2007.json")
[150/178#w2] Потом: npm run dev → http://localhost:3000/coins/991001/ (или ROYAL_MINT_LOCAL_ID)
[150/178#w2] Картинки (если скачались): public/image/coins/foreign/ — пути уже в JSON монеты.
[150/178#w2] В БД: npm run royal-mint:import → npm run data:export (или data:export:incremental).

——— старт 152/178#w2 ———
https://www.royalmint.com/sovereign/all/the-half-sovereign-2009/?listId=All_Sovereign_Coins&listName=All%20Sovereign%20Coins
[151/178#w1]   ✓ the-half-sovereign-2008-rev.webp
[151/178#w1] [dotenv@17.3.1] injecting env (1) from .env -- tip: 🔐 encrypt with Dotenvx: https://dotenvx.com
[151/178#w1] __RM_JSON__ /Users/mihail/Desktop/Нумизматика сайт/omonete-app/data/royal-mint-the-half-sovereign-2008.json
[151/178#w1] 
[151/178#w1] Готово: /Users/mihail/Desktop/Нумизматика сайт/omonete-app/data/royal-mint-the-half-sovereign-2008.json
[151/178#w1] Загрузка PDP: https://www.royalmint.com/sovereign/all/the-half-sovereign-2008/?listId=All_Sovereign_Coins&listName=All%20Sovereign%20Coins
[151/178#w1] Классификация картинок: {
[151/178#w1]   "obverse": "https://www.royalmint.com/globalassets/__rebrand/_structure/shop/editions/_historic-coins/_product-image/hishso08-2008-half-sovereign-obverse.jpg",
[151/178#w1]   "reverse": "https://www.royalmint.com/globalassets/__rebrand/_structure/shop/editions/_historic-coins/_product-image/hishso08-2008-half-sovereign-reverse.jpg",
[151/178#w1]   "blister_obverse": null,
[151/178#w1]   "blister_reverse": null,
[151/178#w1]   "box": null,
[151/178#w1]   "certificate": null
[151/178#w1] }
[151/178#w1] 
[151/178#w1] ────────── Как увидеть монету на сайте (localhost) ──────────
[151/178#w1] Быстро (парсинг + public/data в один заход): npm run royal-mint:preview
[151/178#w1]   (или уже есть JSON: npx tsx scripts/royal-mint-to-public-catalog.ts "/Users/mihail/Desktop/Нумизматика сайт/omonete-app/data/royal-mint-the-half-sovereign-2008.json")
[151/178#w1] Потом: npm run dev → http://localhost:3000/coins/991001/ (или ROYAL_MINT_LOCAL_ID)
[151/178#w1] Картинки (если скачались): public/image/coins/foreign/ — пути уже в JSON монеты.
[151/178#w1] В БД: npm run royal-mint:import → npm run data:export (или data:export:incremental).

——— старт 153/178#w1 ———
https://www.royalmint.com/sovereign/all/the-half-sovereign-2011/?listId=All_Sovereign_Coins&listName=All%20Sovereign%20Coins
[152/178#w2] Блок характеристик: div.mod-section.specification — найден, полей в specs: 8
[153/178#w1] Блок характеристик: div.mod-section.specification — найден, полей в specs: 8
[152/178#w2]   ✓ the-half-sovereign-2009-obv.webp
[153/178#w1]   ✓ the-half-sovereign-2011-obv.webp
[152/178#w2]   ✓ the-half-sovereign-2009-rev.webp
[152/178#w2] [dotenv@17.3.1] injecting env (1) from .env -- tip: ⚡️ secrets for agents: https://dotenvx.com/as2
[153/178#w1]   ✓ the-half-sovereign-2011-rev.webp
[153/178#w1] [dotenv@17.3.1] injecting env (1) from .env -- tip: 🔐 encrypt with Dotenvx: https://dotenvx.com
[152/178#w2] __RM_JSON__ /Users/mihail/Desktop/Нумизматика сайт/omonete-app/data/royal-mint-the-half-sovereign-2009.json
[152/178#w2] 
[152/178#w2] Готово: /Users/mihail/Desktop/Нумизматика сайт/omonete-app/data/royal-mint-the-half-sovereign-2009.json
[152/178#w2] Загрузка PDP: https://www.royalmint.com/sovereign/all/the-half-sovereign-2009/?listId=All_Sovereign_Coins&listName=All%20Sovereign%20Coins
[152/178#w2] Классификация картинок: {
[152/178#w2]   "obverse": "https://www.royalmint.com/globalassets/__rebrand/_structure/shop/editions/_historic-coins/_product-image/hishso09-2009-half-sovereign-obverse.jpg",
[152/178#w2]   "reverse": "https://www.royalmint.com/globalassets/__rebrand/_structure/shop/editions/_historic-coins/_product-image/hishso09-2009-half-sovereign-reverse.jpg",
[152/178#w2]   "blister_obverse": null,
[152/178#w2]   "blister_reverse": null,
[152/178#w2]   "box": null,
[152/178#w2]   "certificate": null
[152/178#w2] }
[152/178#w2] 
[152/178#w2] ────────── Как увидеть монету на сайте (localhost) ──────────
[152/178#w2] Быстро (парсинг + public/data в один заход): npm run royal-mint:preview
[152/178#w2]   (или уже есть JSON: npx tsx scripts/royal-mint-to-public-catalog.ts "/Users/mihail/Desktop/Нумизматика сайт/omonete-app/data/royal-mint-the-half-sovereign-2009.json")
[152/178#w2] Потом: npm run dev → http://localhost:3000/coins/991001/ (или ROYAL_MINT_LOCAL_ID)
[152/178#w2] Картинки (если скачались): public/image/coins/foreign/ — пути уже в JSON монеты.
[152/178#w2] В БД: npm run royal-mint:import → npm run data:export (или data:export:incremental).

——— старт 154/178#w2 ———
https://www.royalmint.com/sovereign/all/the-half-sovereign-2013/?listId=All_Sovereign_Coins&listName=All%20Sovereign%20Coins
[153/178#w1] __RM_JSON__ /Users/mihail/Desktop/Нумизматика сайт/omonete-app/data/royal-mint-the-half-sovereign-2011.json
[153/178#w1] 
[153/178#w1] Готово: /Users/mihail/Desktop/Нумизматика сайт/omonete-app/data/royal-mint-the-half-sovereign-2011.json
[153/178#w1] Загрузка PDP: https://www.royalmint.com/sovereign/all/the-half-sovereign-2011/?listId=All_Sovereign_Coins&listName=All%20Sovereign%20Coins
[153/178#w1] Классификация картинок: {
[153/178#w1]   "obverse": "https://www.royalmint.com/globalassets/__rebrand/_structure/shop/editions/_historic-coins/_product-image/hishso11-2011-half-sovereign-obverse.jpg",
[153/178#w1]   "reverse": "https://www.royalmint.com/globalassets/__rebrand/_structure/shop/editions/_historic-coins/_product-image/hishso11-2011-half-sovereign-reverse.jpg",
[153/178#w1]   "blister_obverse": null,
[153/178#w1]   "blister_reverse": null,
[153/178#w1]   "box": null,
[153/178#w1]   "certificate": null
[153/178#w1] }
[153/178#w1] 
[153/178#w1] ────────── Как увидеть монету на сайте (localhost) ──────────
[153/178#w1] Быстро (парсинг + public/data в один заход): npm run royal-mint:preview
[153/178#w1]   (или уже есть JSON: npx tsx scripts/royal-mint-to-public-catalog.ts "/Users/mihail/Desktop/Нумизматика сайт/omonete-app/data/royal-mint-the-half-sovereign-2011.json")
[153/178#w1] Потом: npm run dev → http://localhost:3000/coins/991001/ (или ROYAL_MINT_LOCAL_ID)
[153/178#w1] Картинки (если скачались): public/image/coins/foreign/ — пути уже в JSON монеты.
[153/178#w1] В БД: npm run royal-mint:import → npm run data:export (или data:export:incremental).

——— старт 155/178#w1 ———
https://www.royalmint.com/sovereign/all/the-half-sovereign-2014/?listId=All_Sovereign_Coins&listName=All%20Sovereign%20Coins
[154/178#w2] Блок характеристик: div.mod-section.specification — найден, полей в specs: 8
[155/178#w1] Блок характеристик: div.mod-section.specification — найден, полей в specs: 8
[154/178#w2]   ✓ the-half-sovereign-2013-obv.webp
[155/178#w1]   ✓ the-half-sovereign-2014-obv.webp
[154/178#w2]   ✓ the-half-sovereign-2013-rev.webp
[154/178#w2] [dotenv@17.3.1] injecting env (1) from .env -- tip: 🛠️  run anywhere with `dotenvx run -- yourcommand`
[154/178#w2] __RM_JSON__ /Users/mihail/Desktop/Нумизматика сайт/omonete-app/data/royal-mint-the-half-sovereign-2013.json
[154/178#w2] 
[154/178#w2] Готово: /Users/mihail/Desktop/Нумизматика сайт/omonete-app/data/royal-mint-the-half-sovereign-2013.json
[154/178#w2] Загрузка PDP: https://www.royalmint.com/sovereign/all/the-half-sovereign-2013/?listId=All_Sovereign_Coins&listName=All%20Sovereign%20Coins
[154/178#w2] Классификация картинок: {
[154/178#w2]   "obverse": "https://www.royalmint.com/globalassets/__rebrand/_structure/shop/editions/_historic-coins/_product-image/hishso13-2013-half-sovereign-obverse.jpg",
[154/178#w2]   "reverse": "https://www.royalmint.com/globalassets/__rebrand/_structure/shop/editions/_historic-coins/_product-image/hishso13-2013-half-sovereign-reverse.jpg",
[154/178#w2]   "blister_obverse": null,
[154/178#w2]   "blister_reverse": null,
[154/178#w2]   "box": null,
[154/178#w2]   "certificate": null
[154/178#w2] }
[154/178#w2] 
[154/178#w2] ────────── Как увидеть монету на сайте (localhost) ──────────
[154/178#w2] Быстро (парсинг + public/data в один заход): npm run royal-mint:preview
[154/178#w2]   (или уже есть JSON: npx tsx scripts/royal-mint-to-public-catalog.ts "/Users/mihail/Desktop/Нумизматика сайт/omonete-app/data/royal-mint-the-half-sovereign-2013.json")
[154/178#w2] Потом: npm run dev → http://localhost:3000/coins/991001/ (или ROYAL_MINT_LOCAL_ID)
[154/178#w2] Картинки (если скачались): public/image/coins/foreign/ — пути уже в JSON монеты.
[154/178#w2] В БД: npm run royal-mint:import → npm run data:export (или data:export:incremental).

——— старт 156/178#w2 ———
https://www.royalmint.com/sovereign/all/the-half-sovereign-2015/?listId=All_Sovereign_Coins&listName=All%20Sovereign%20Coins
[155/178#w1]   ✓ the-half-sovereign-2014-rev.webp
[155/178#w1] [dotenv@17.3.1] injecting env (1) from .env -- tip: ⚙️  load multiple .env files with { path: ['.env.local', '.env'] }
[155/178#w1] __RM_JSON__ /Users/mihail/Desktop/Нумизматика сайт/omonete-app/data/royal-mint-the-half-sovereign-2014.json
[155/178#w1] 
[155/178#w1] Готово: /Users/mihail/Desktop/Нумизматика сайт/omonete-app/data/royal-mint-the-half-sovereign-2014.json
[155/178#w1] Загрузка PDP: https://www.royalmint.com/sovereign/all/the-half-sovereign-2014/?listId=All_Sovereign_Coins&listName=All%20Sovereign%20Coins
[155/178#w1] Классификация картинок: {
[155/178#w1]   "obverse": "https://www.royalmint.com/globalassets/__rebrand/_structure/shop/editions/_historic-coins/_product-image/hisv2014-2014-half-sovereign-obverse.jpg",
[155/178#w1]   "reverse": "https://www.royalmint.com/globalassets/__rebrand/_structure/shop/editions/_historic-coins/_product-image/hisv2014-2014-hlf-sovereign-reverse.jpg",
[155/178#w1]   "blister_obverse": null,
[155/178#w1]   "blister_reverse": null,
[155/178#w1]   "box": null,
[155/178#w1]   "certificate": null
[155/178#w1] }
[155/178#w1] 
[155/178#w1] ────────── Как увидеть монету на сайте (localhost) ──────────
[155/178#w1] Быстро (парсинг + public/data в один заход): npm run royal-mint:preview
[155/178#w1]   (или уже есть JSON: npx tsx scripts/royal-mint-to-public-catalog.ts "/Users/mihail/Desktop/Нумизматика сайт/omonete-app/data/royal-mint-the-half-sovereign-2014.json")
[155/178#w1] Потом: npm run dev → http://localhost:3000/coins/991001/ (или ROYAL_MINT_LOCAL_ID)
[155/178#w1] Картинки (если скачались): public/image/coins/foreign/ — пути уже в JSON монеты.
[155/178#w1] В БД: npm run royal-mint:import → npm run data:export (или data:export:incremental).

——— старт 157/178#w1 ———
https://www.royalmint.com/sovereign/all/the-sovereign-1995-proof/?listId=All_Sovereign_Coins&listName=All%20Sovereign%20Coins
[156/178#w2] Блок характеристик: div.mod-section.specification — найден, полей в specs: 8
[157/178#w1] Блок характеристик: div.mod-section.specification — найден, полей в specs: 9
[156/178#w2]   ✓ the-half-sovereign-2015-obv.webp
[157/178#w1]   ✓ the-sovereign-1995-proof-obv.webp
[156/178#w2]   ✓ the-half-sovereign-2015-rev.webp
[157/178#w1]   ✓ the-sovereign-1995-proof-rev.webp
[157/178#w1] [dotenv@17.3.1] injecting env (1) from .env -- tip: ⚙️  write to custom object with { processEnv: myObject }
[156/178#w2]   ✓ the-half-sovereign-2015-cert.webp
[156/178#w2] [dotenv@17.3.1] injecting env (1) from .env -- tip: ⚙️  enable debug logging with { debug: true }
[157/178#w1] __RM_JSON__ /Users/mihail/Desktop/Нумизматика сайт/omonete-app/data/royal-mint-the-sovereign-1995-proof.json
[157/178#w1] 
[157/178#w1] Готово: /Users/mihail/Desktop/Нумизматика сайт/omonete-app/data/royal-mint-the-sovereign-1995-proof.json
[157/178#w1] Загрузка PDP: https://www.royalmint.com/sovereign/all/the-sovereign-1995-proof/?listId=All_Sovereign_Coins&listName=All%20Sovereign%20Coins
[157/178#w1] Классификация картинок: {
[157/178#w1]   "obverse": "https://www.royalmint.com/globalassets/__rebrand/_structure/shop/editions/_historic-coins/_product-image/hissov95-1995-sovereign-obverse.jpg",
[157/178#w1]   "reverse": "https://www.royalmint.com/globalassets/__rebrand/_structure/shop/editions/_historic-coins/_product-image/hissov95-1995-sovereign-reverse.jpg",
[157/178#w1]   "blister_obverse": null,
[157/178#w1]   "blister_reverse": null,
[157/178#w1]   "box": null,
[157/178#w1]   "certificate": null
[157/178#w1] }
[157/178#w1] 
[157/178#w1] ────────── Как увидеть монету на сайте (localhost) ──────────
[157/178#w1] Быстро (парсинг + public/data в один заход): npm run royal-mint:preview
[157/178#w1]   (или уже есть JSON: npx tsx scripts/royal-mint-to-public-catalog.ts "/Users/mihail/Desktop/Нумизматика сайт/omonete-app/data/royal-mint-the-sovereign-1995-proof.json")
[157/178#w1] Потом: npm run dev → http://localhost:3000/coins/991001/ (или ROYAL_MINT_LOCAL_ID)
[157/178#w1] Картинки (если скачались): public/image/coins/foreign/ — пути уже в JSON монеты.
[157/178#w1] В БД: npm run royal-mint:import → npm run data:export (или data:export:incremental).

——— старт 158/178#w1 ———
https://www.royalmint.com/sovereign/all/the-sovereign-1996-proof/?listId=All_Sovereign_Coins&listName=All%20Sovereign%20Coins
[156/178#w2] __RM_JSON__ /Users/mihail/Desktop/Нумизматика сайт/omonete-app/data/royal-mint-the-half-sovereign-2015.json
[156/178#w2] 
[156/178#w2] Готово: /Users/mihail/Desktop/Нумизматика сайт/omonete-app/data/royal-mint-the-half-sovereign-2015.json
[156/178#w2] Загрузка PDP: https://www.royalmint.com/sovereign/all/the-half-sovereign-2015/?listId=All_Sovereign_Coins&listName=All%20Sovereign%20Coins
[156/178#w2] Классификация картинок: {
[156/178#w2]   "obverse": "https://www.royalmint.com/globalassets/__rebrand/_structure/shop/editions/_historic-coins/_product-image/hissvh15-2015-half-sovereign-obverse.jpg",
[156/178#w2]   "reverse": "https://www.royalmint.com/globalassets/__rebrand/_structure/shop/editions/_historic-coins/_product-image/hissvh15-2015-half-sovereign-reverse.jpg",
[156/178#w2]   "blister_obverse": null,
[156/178#w2]   "blister_reverse": null,
[156/178#w2]   "box": null,
[156/178#w2]   "certificate": "https://www.royalmint.com/globalassets/__rebrand/_structure/shop/editions/_historic-coins/_product-image/hissvh15-2015-half-sovereign-box.jpg"
[156/178#w2] }
[156/178#w2] 
[156/178#w2] ────────── Как увидеть монету на сайте (localhost) ──────────
[156/178#w2] Быстро (парсинг + public/data в один заход): npm run royal-mint:preview
[156/178#w2]   (или уже есть JSON: npx tsx scripts/royal-mint-to-public-catalog.ts "/Users/mihail/Desktop/Нумизматика сайт/omonete-app/data/royal-mint-the-half-sovereign-2015.json")
[156/178#w2] Потом: npm run dev → http://localhost:3000/coins/991001/ (или ROYAL_MINT_LOCAL_ID)
[156/178#w2] Картинки (если скачались): public/image/coins/foreign/ — пути уже в JSON монеты.
[156/178#w2] В БД: npm run royal-mint:import → npm run data:export (или data:export:incremental).

——— старт 159/178#w2 ———
https://www.royalmint.com/sovereign/all/the-sovereign-1997-proof/?listId=All_Sovereign_Coins&listName=All%20Sovereign%20Coins
[158/178#w1] Блок характеристик: div.mod-section.specification — найден, полей в specs: 9
[159/178#w2] Блок характеристик: div.mod-section.specification — найден, полей в specs: 9
[158/178#w1]   ✓ the-sovereign-1996-proof-obv.webp
[159/178#w2]   ✓ the-sovereign-1997-proof-obv.webp
[158/178#w1]   ✓ the-sovereign-1996-proof-rev.webp
[158/178#w1] [dotenv@17.3.1] injecting env (1) from .env -- tip: ⚙️  write to custom object with { processEnv: myObject }
[159/178#w2]   ✓ the-sovereign-1997-proof-rev.webp
[159/178#w2] [dotenv@17.3.1] injecting env (1) from .env -- tip: 🔐 prevent building .env in docker: https://dotenvx.com/prebuild
[158/178#w1] __RM_JSON__ /Users/mihail/Desktop/Нумизматика сайт/omonete-app/data/royal-mint-the-sovereign-1996-proof.json
[158/178#w1] 
[158/178#w1] Готово: /Users/mihail/Desktop/Нумизматика сайт/omonete-app/data/royal-mint-the-sovereign-1996-proof.json
[158/178#w1] Загрузка PDP: https://www.royalmint.com/sovereign/all/the-sovereign-1996-proof/?listId=All_Sovereign_Coins&listName=All%20Sovereign%20Coins
[158/178#w1] Классификация картинок: {
[158/178#w1]   "obverse": "https://www.royalmint.com/globalassets/__rebrand/_structure/shop/editions/_historic-coins/_product-image/hishso96-1996-half-sovereign-obverse.jpg",
[158/178#w1]   "reverse": "https://www.royalmint.com/globalassets/__rebrand/_structure/shop/editions/_historic-coins/_product-image/hishso96-1996-half-sovereign-reverse.jpg",
[158/178#w1]   "blister_obverse": null,
[158/178#w1]   "blister_reverse": null,
[158/178#w1]   "box": null,
[158/178#w1]   "certificate": null
[158/178#w1] }
[158/178#w1] 
[158/178#w1] ────────── Как увидеть монету на сайте (localhost) ──────────
[158/178#w1] Быстро (парсинг + public/data в один заход): npm run royal-mint:preview
[158/178#w1]   (или уже есть JSON: npx tsx scripts/royal-mint-to-public-catalog.ts "/Users/mihail/Desktop/Нумизматика сайт/omonete-app/data/royal-mint-the-sovereign-1996-proof.json")
[158/178#w1] Потом: npm run dev → http://localhost:3000/coins/991001/ (или ROYAL_MINT_LOCAL_ID)
[158/178#w1] Картинки (если скачались): public/image/coins/foreign/ — пути уже в JSON монеты.
[158/178#w1] В БД: npm run royal-mint:import → npm run data:export (или data:export:incremental).

——— старт 160/178#w1 ———
https://www.royalmint.com/sovereign/all/the-sovereign-1998-proof/?listId=All_Sovereign_Coins&listName=All%20Sovereign%20Coins
[159/178#w2] __RM_JSON__ /Users/mihail/Desktop/Нумизматика сайт/omonete-app/data/royal-mint-the-sovereign-1997-proof.json
[159/178#w2] 
[159/178#w2] Готово: /Users/mihail/Desktop/Нумизматика сайт/omonete-app/data/royal-mint-the-sovereign-1997-proof.json
[159/178#w2] Загрузка PDP: https://www.royalmint.com/sovereign/all/the-sovereign-1997-proof/?listId=All_Sovereign_Coins&listName=All%20Sovereign%20Coins
[159/178#w2] Классификация картинок: {
[159/178#w2]   "obverse": "https://www.royalmint.com/globalassets/__rebrand/_structure/shop/editions/_historic-coins/_product-image/hissov97-1997-sovereign-obverse.jpg",
[159/178#w2]   "reverse": "https://www.royalmint.com/globalassets/__rebrand/_structure/shop/editions/_historic-coins/_product-image/hissov97-1997-sovereign-reverse.jpg",
[159/178#w2]   "blister_obverse": null,
[159/178#w2]   "blister_reverse": null,
[159/178#w2]   "box": null,
[159/178#w2]   "certificate": null
[159/178#w2] }
[159/178#w2] 
[159/178#w2] ────────── Как увидеть монету на сайте (localhost) ──────────
[159/178#w2] Быстро (парсинг + public/data в один заход): npm run royal-mint:preview
[159/178#w2]   (или уже есть JSON: npx tsx scripts/royal-mint-to-public-catalog.ts "/Users/mihail/Desktop/Нумизматика сайт/omonete-app/data/royal-mint-the-sovereign-1997-proof.json")
[159/178#w2] Потом: npm run dev → http://localhost:3000/coins/991001/ (или ROYAL_MINT_LOCAL_ID)
[159/178#w2] Картинки (если скачались): public/image/coins/foreign/ — пути уже в JSON монеты.
[159/178#w2] В БД: npm run royal-mint:import → npm run data:export (или data:export:incremental).

——— старт 161/178#w2 ———
https://www.royalmint.com/sovereign/all/the-sovereign-1999/?listId=All_Sovereign_Coins&listName=All%20Sovereign%20Coins
[160/178#w1] Блок характеристик: div.mod-section.specification — найден, полей в specs: 9
[161/178#w2] Блок характеристик: div.mod-section.specification — найден, полей в specs: 6
[160/178#w1]   ✓ the-sovereign-1998-proof-obv.webp
[161/178#w2]   ✓ the-sovereign-1999-rev.webp
[161/178#w2]   ✓ the-sovereign-1999-blister-rev.webp
[161/178#w2] [dotenv@17.3.1] injecting env (1) from .env -- tip: 🔐 prevent committing .env to code: https://dotenvx.com/precommit
[160/178#w1]   ✓ the-sovereign-1998-proof-rev.webp
[160/178#w1] [dotenv@17.3.1] injecting env (1) from .env -- tip: 🛡️ auth for agents: https://vestauth.com
[161/178#w2] __RM_JSON__ /Users/mihail/Desktop/Нумизматика сайт/omonete-app/data/royal-mint-the-sovereign-1999.json
[161/178#w2] 
[161/178#w2] Готово: /Users/mihail/Desktop/Нумизматика сайт/omonete-app/data/royal-mint-the-sovereign-1999.json
[161/178#w2] Загрузка PDP: https://www.royalmint.com/sovereign/all/the-sovereign-1999/?listId=All_Sovereign_Coins&listName=All%20Sovereign%20Coins
[161/178#w2] Классификация картинок: {
[161/178#w2]   "obverse": null,
[161/178#w2]   "reverse": "https://www.royalmint.com/globalassets/_ecommerce/commemorative/launches/2026-launches/great-british-treasure-hunt/pdp-image/uk26mml4---level-4-mastermind-medal-reverse.jpg",
[161/178#w2]   "blister_obverse": null,
[161/178#w2]   "blister_reverse": "https://www.royalmint.com/globalassets/_ecommerce/invest/launches/2025/britannia/secure-bars/prods/1g/sembgbb1gs---britannia-bar-minted-gold-1g-reverse-blister-1500x1500-f3a2c67.jpg",
[161/178#w2]   "box": null,
[161/178#w2]   "certificate": null
[161/178#w2] }
[161/178#w2] 
[161/178#w2] ────────── Как увидеть монету на сайте (localhost) ──────────
[161/178#w2] Быстро (парсинг + public/data в один заход): npm run royal-mint:preview
[161/178#w2]   (или уже есть JSON: npx tsx scripts/royal-mint-to-public-catalog.ts "/Users/mihail/Desktop/Нумизматика сайт/omonete-app/data/royal-mint-the-sovereign-1999.json")
[161/178#w2] Потом: npm run dev → http://localhost:3000/coins/991001/ (или ROYAL_MINT_LOCAL_ID)
[161/178#w2] Картинки (если скачались): public/image/coins/foreign/ — пути уже в JSON монеты.
[161/178#w2] В БД: npm run royal-mint:import → npm run data:export (или data:export:incremental).

——— старт 162/178#w2 ———
https://www.royalmint.com/sovereign/all/the-sovereign-2000/?listId=All_Sovereign_Coins&listName=All%20Sovereign%20Coins
[160/178#w1] __RM_JSON__ /Users/mihail/Desktop/Нумизматика сайт/omonete-app/data/royal-mint-the-sovereign-1998-proof.json
[160/178#w1] 
[160/178#w1] Готово: /Users/mihail/Desktop/Нумизматика сайт/omonete-app/data/royal-mint-the-sovereign-1998-proof.json
[160/178#w1] Загрузка PDP: https://www.royalmint.com/sovereign/all/the-sovereign-1998-proof/?listId=All_Sovereign_Coins&listName=All%20Sovereign%20Coins
[160/178#w1] Классификация картинок: {
[160/178#w1]   "obverse": "https://www.royalmint.com/globalassets/__rebrand/_structure/shop/editions/_historic-coins/_product-image/hishso98-1998-half-sovereign-obverse.jpg",
[160/178#w1]   "reverse": "https://www.royalmint.com/globalassets/__rebrand/_structure/shop/editions/_historic-coins/_product-image/hishso98-1998-half-sovereign-reverse.jpg",
[160/178#w1]   "blister_obverse": null,
[160/178#w1]   "blister_reverse": null,
[160/178#w1]   "box": null,
[160/178#w1]   "certificate": null
[160/178#w1] }
[160/178#w1] 
[160/178#w1] ────────── Как увидеть монету на сайте (localhost) ──────────
[160/178#w1] Быстро (парсинг + public/data в один заход): npm run royal-mint:preview
[160/178#w1]   (или уже есть JSON: npx tsx scripts/royal-mint-to-public-catalog.ts "/Users/mihail/Desktop/Нумизматика сайт/omonete-app/data/royal-mint-the-sovereign-1998-proof.json")
[160/178#w1] Потом: npm run dev → http://localhost:3000/coins/991001/ (или ROYAL_MINT_LOCAL_ID)
[160/178#w1] Картинки (если скачались): public/image/coins/foreign/ — пути уже в JSON монеты.
[160/178#w1] В БД: npm run royal-mint:import → npm run data:export (или data:export:incremental).

——— старт 163/178#w1 ———
https://www.royalmint.com/sovereign/all/the-sovereign-2002/?listId=All_Sovereign_Coins&listName=All%20Sovereign%20Coins
[162/178#w2] Блок характеристик: div.mod-section.specification — найден, полей в specs: 6
[163/178#w1] Блок характеристик: div.mod-section.specification — найден, полей в specs: 9
[162/178#w2]   ✓ the-sovereign-2000-rev.webp
[163/178#w1]   ✓ the-sovereign-2002-rev.webp
[162/178#w2]   ✓ the-sovereign-2000-blister-rev.webp
[162/178#w2] [dotenv@17.3.1] injecting env (1) from .env -- tip: 🛡️ auth for agents: https://vestauth.com
[163/178#w1]   ✓ the-sovereign-2002-blister-rev.webp
[163/178#w1] [dotenv@17.3.1] injecting env (1) from .env -- tip: 🛠️  run anywhere with `dotenvx run -- yourcommand`
[162/178#w2] __RM_JSON__ /Users/mihail/Desktop/Нумизматика сайт/omonete-app/data/royal-mint-the-sovereign-2000.json
[162/178#w2] 
[162/178#w2] Готово: /Users/mihail/Desktop/Нумизматика сайт/omonete-app/data/royal-mint-the-sovereign-2000.json
[162/178#w2] Загрузка PDP: https://www.royalmint.com/sovereign/all/the-sovereign-2000/?listId=All_Sovereign_Coins&listName=All%20Sovereign%20Coins
[162/178#w2] Классификация картинок: {
[162/178#w2]   "obverse": null,
[162/178#w2]   "reverse": "https://www.royalmint.com/globalassets/_ecommerce/commemorative/launches/2026-launches/great-british-treasure-hunt/pdp-image/uk26mml4---level-4-mastermind-medal-reverse.jpg",
[162/178#w2]   "blister_obverse": null,
[162/178#w2]   "blister_reverse": "https://www.royalmint.com/globalassets/_ecommerce/invest/launches/2025/britannia/secure-bars/prods/1g/sembgbb1gs---britannia-bar-minted-gold-1g-reverse-blister-1500x1500-f3a2c67.jpg",
[162/178#w2]   "box": null,
[162/178#w2]   "certificate": null
[162/178#w2] }
[162/178#w2] 
[162/178#w2] ────────── Как увидеть монету на сайте (localhost) ──────────
[162/178#w2] Быстро (парсинг + public/data в один заход): npm run royal-mint:preview
[162/178#w2]   (или уже есть JSON: npx tsx scripts/royal-mint-to-public-catalog.ts "/Users/mihail/Desktop/Нумизматика сайт/omonete-app/data/royal-mint-the-sovereign-2000.json")
[162/178#w2] Потом: npm run dev → http://localhost:3000/coins/991001/ (или ROYAL_MINT_LOCAL_ID)
[162/178#w2] Картинки (если скачались): public/image/coins/foreign/ — пути уже в JSON монеты.
[162/178#w2] В БД: npm run royal-mint:import → npm run data:export (или data:export:incremental).
[163/178#w1] __RM_JSON__ /Users/mihail/Desktop/Нумизматика сайт/omonete-app/data/royal-mint-the-sovereign-2002.json
[163/178#w1] 
[163/178#w1] Готово: /Users/mihail/Desktop/Нумизматика сайт/omonete-app/data/royal-mint-the-sovereign-2002.json
[163/178#w1] Загрузка PDP: https://www.royalmint.com/sovereign/all/the-sovereign-2002/?listId=All_Sovereign_Coins&listName=All%20Sovereign%20Coins
[163/178#w1] Классификация картинок: {
[163/178#w1]   "obverse": null,
[163/178#w1]   "reverse": "https://www.royalmint.com/globalassets/_ecommerce/commemorative/launches/2026-launches/great-british-treasure-hunt/pdp-image/uk26mml4---level-4-mastermind-medal-reverse.jpg",
[163/178#w1]   "blister_obverse": null,
[163/178#w1]   "blister_reverse": "https://www.royalmint.com/globalassets/_ecommerce/invest/launches/2025/britannia/secure-bars/prods/1g/sembgbb1gs---britannia-bar-minted-gold-1g-reverse-blister-1500x1500-f3a2c67.jpg",
[163/178#w1]   "box": null,
[163/178#w1]   "certificate": null
[163/178#w1] }
[163/178#w1] 
[163/178#w1] ────────── Как увидеть монету на сайте (localhost) ──────────
[163/178#w1] Быстро (парсинг + public/data в один заход): npm run royal-mint:preview
[163/178#w1]   (или уже есть JSON: npx tsx scripts/royal-mint-to-public-catalog.ts "/Users/mihail/Desktop/Нумизматика сайт/omonete-app/data/royal-mint-the-sovereign-2002.json")
[163/178#w1] Потом: npm run dev → http://localhost:3000/coins/991001/ (или ROYAL_MINT_LOCAL_ID)
[163/178#w1] Картинки (если скачались): public/image/coins/foreign/ — пути уже в JSON монеты.
[163/178#w1] В БД: npm run royal-mint:import → npm run data:export (или data:export:incremental).

——— старт 164/178#w2 ———
https://www.royalmint.com/sovereign/all/the-sovereign-2003/?listId=All_Sovereign_Coins&listName=All%20Sovereign%20Coins

——— старт 165/178#w1 ———
https://www.royalmint.com/sovereign/all/the-sovereign-2004/?listId=All_Sovereign_Coins&listName=All%20Sovereign%20Coins
[164/178#w2] Блок характеристик: div.mod-section.specification — найден, полей в specs: 6
[165/178#w1] Блок характеристик: div.mod-section.specification — найден, полей в specs: 9
[164/178#w2]   ✓ the-sovereign-2003-rev.webp
[165/178#w1]   ✓ the-sovereign-2004-rev.webp
[164/178#w2]   ✓ the-sovereign-2003-blister-rev.webp
[164/178#w2] [dotenv@17.3.1] injecting env (1) from .env -- tip: ⚙️  enable debug logging with { debug: true }
[165/178#w1]   ✓ the-sovereign-2004-blister-rev.webp
[165/178#w1] [dotenv@17.3.1] injecting env (1) from .env -- tip: ⚙️  load multiple .env files with { path: ['.env.local', '.env'] }
[165/178#w1] __RM_JSON__ /Users/mihail/Desktop/Нумизматика сайт/omonete-app/data/royal-mint-the-sovereign-2004.json
[165/178#w1] 
[165/178#w1] Готово: /Users/mihail/Desktop/Нумизматика сайт/omonete-app/data/royal-mint-the-sovereign-2004.json
[165/178#w1] Загрузка PDP: https://www.royalmint.com/sovereign/all/the-sovereign-2004/?listId=All_Sovereign_Coins&listName=All%20Sovereign%20Coins
[165/178#w1] Классификация картинок: {
[165/178#w1]   "obverse": null,
[165/178#w1]   "reverse": "https://www.royalmint.com/globalassets/_ecommerce/commemorative/launches/2026-launches/great-british-treasure-hunt/pdp-image/uk26mml4---level-4-mastermind-medal-reverse.jpg",
[165/178#w1]   "blister_obverse": null,
[165/178#w1]   "blister_reverse": "https://www.royalmint.com/globalassets/_ecommerce/invest/launches/2025/britannia/secure-bars/prods/1g/sembgbb1gs---britannia-bar-minted-gold-1g-reverse-blister-1500x1500-f3a2c67.jpg",
[165/178#w1]   "box": null,
[165/178#w1]   "certificate": null
[165/178#w1] }
[165/178#w1] 
[165/178#w1] ────────── Как увидеть монету на сайте (localhost) ──────────
[165/178#w1] Быстро (парсинг + public/data в один заход): npm run royal-mint:preview
[165/178#w1]   (или уже есть JSON: npx tsx scripts/royal-mint-to-public-catalog.ts "/Users/mihail/Desktop/Нумизматика сайт/omonete-app/data/royal-mint-the-sovereign-2004.json")
[165/178#w1] Потом: npm run dev → http://localhost:3000/coins/991001/ (или ROYAL_MINT_LOCAL_ID)
[165/178#w1] Картинки (если скачались): public/image/coins/foreign/ — пути уже в JSON монеты.
[165/178#w1] В БД: npm run royal-mint:import → npm run data:export (или data:export:incremental).
[164/178#w2] __RM_JSON__ /Users/mihail/Desktop/Нумизматика сайт/omonete-app/data/royal-mint-the-sovereign-2003.json
[164/178#w2] 
[164/178#w2] Готово: /Users/mihail/Desktop/Нумизматика сайт/omonete-app/data/royal-mint-the-sovereign-2003.json
[164/178#w2] Загрузка PDP: https://www.royalmint.com/sovereign/all/the-sovereign-2003/?listId=All_Sovereign_Coins&listName=All%20Sovereign%20Coins
[164/178#w2] Классификация картинок: {
[164/178#w2]   "obverse": null,
[164/178#w2]   "reverse": "https://www.royalmint.com/globalassets/_ecommerce/commemorative/launches/2026-launches/great-british-treasure-hunt/pdp-image/uk26mml4---level-4-mastermind-medal-reverse.jpg",
[164/178#w2]   "blister_obverse": null,
[164/178#w2]   "blister_reverse": "https://www.royalmint.com/globalassets/_ecommerce/invest/launches/2025/britannia/secure-bars/prods/1g/sembgbb1gs---britannia-bar-minted-gold-1g-reverse-blister-1500x1500-f3a2c67.jpg",
[164/178#w2]   "box": null,
[164/178#w2]   "certificate": null
[164/178#w2] }
[164/178#w2] 
[164/178#w2] ────────── Как увидеть монету на сайте (localhost) ──────────
[164/178#w2] Быстро (парсинг + public/data в один заход): npm run royal-mint:preview
[164/178#w2]   (или уже есть JSON: npx tsx scripts/royal-mint-to-public-catalog.ts "/Users/mihail/Desktop/Нумизматика сайт/omonete-app/data/royal-mint-the-sovereign-2003.json")
[164/178#w2] Потом: npm run dev → http://localhost:3000/coins/991001/ (или ROYAL_MINT_LOCAL_ID)
[164/178#w2] Картинки (если скачались): public/image/coins/foreign/ — пути уже в JSON монеты.
[164/178#w2] В БД: npm run royal-mint:import → npm run data:export (или data:export:incremental).

——— старт 166/178#w1 ———
https://www.royalmint.com/sovereign/all/the-sovereign-2005/?listId=All_Sovereign_Coins&listName=All%20Sovereign%20Coins

——— старт 167/178#w2 ———
https://www.royalmint.com/sovereign/all/the-sovereign-2006/?listId=All_Sovereign_Coins&listName=All%20Sovereign%20Coins
[166/178#w1] Блок характеристик: div.mod-section.specification — найден, полей в specs: 9
[167/178#w2] Блок характеристик: div.mod-section.specification — найден, полей в specs: 8
[166/178#w1]   ✓ the-sovereign-2005-rev.webp
[167/178#w2]   ✓ the-sovereign-2006-rev.webp
[166/178#w1]   ✓ the-sovereign-2005-blister-rev.webp
[166/178#w1] [dotenv@17.3.1] injecting env (1) from .env -- tip: 🤖 agentic secret storage: https://dotenvx.com/as2
[166/178#w1] __RM_JSON__ /Users/mihail/Desktop/Нумизматика сайт/omonete-app/data/royal-mint-the-sovereign-2005.json
[166/178#w1] 
[166/178#w1] Готово: /Users/mihail/Desktop/Нумизматика сайт/omonete-app/data/royal-mint-the-sovereign-2005.json
[166/178#w1] Загрузка PDP: https://www.royalmint.com/sovereign/all/the-sovereign-2005/?listId=All_Sovereign_Coins&listName=All%20Sovereign%20Coins
[166/178#w1] Классификация картинок: {
[166/178#w1]   "obverse": null,
[166/178#w1]   "reverse": "https://www.royalmint.com/globalassets/_ecommerce/commemorative/launches/2026-launches/great-british-treasure-hunt/pdp-image/uk26mml4---level-4-mastermind-medal-reverse.jpg",
[166/178#w1]   "blister_obverse": null,
[166/178#w1]   "blister_reverse": "https://www.royalmint.com/globalassets/_ecommerce/invest/launches/2025/britannia/secure-bars/prods/1g/sembgbb1gs---britannia-bar-minted-gold-1g-reverse-blister-1500x1500-f3a2c67.jpg",
[166/178#w1]   "box": null,
[166/178#w1]   "certificate": null
[166/178#w1] }
[166/178#w1] 
[166/178#w1] ────────── Как увидеть монету на сайте (localhost) ──────────
[166/178#w1] Быстро (парсинг + public/data в один заход): npm run royal-mint:preview
[166/178#w1]   (или уже есть JSON: npx tsx scripts/royal-mint-to-public-catalog.ts "/Users/mihail/Desktop/Нумизматика сайт/omonete-app/data/royal-mint-the-sovereign-2005.json")
[166/178#w1] Потом: npm run dev → http://localhost:3000/coins/991001/ (или ROYAL_MINT_LOCAL_ID)
[166/178#w1] Картинки (если скачались): public/image/coins/foreign/ — пути уже в JSON монеты.
[166/178#w1] В БД: npm run royal-mint:import → npm run data:export (или data:export:incremental).

——— старт 168/178#w1 ———
https://www.royalmint.com/sovereign/all/the-sovereign-2007/?listId=All_Sovereign_Coins&listName=All%20Sovereign%20Coins
[167/178#w2]   ✓ the-sovereign-2006-blister-rev.webp
[167/178#w2] [dotenv@17.3.1] injecting env (1) from .env -- tip: ⚙️  enable debug logging with { debug: true }
[167/178#w2] __RM_JSON__ /Users/mihail/Desktop/Нумизматика сайт/omonete-app/data/royal-mint-the-sovereign-2006.json
[167/178#w2] 
[167/178#w2] Готово: /Users/mihail/Desktop/Нумизматика сайт/omonete-app/data/royal-mint-the-sovereign-2006.json
[167/178#w2] Загрузка PDP: https://www.royalmint.com/sovereign/all/the-sovereign-2006/?listId=All_Sovereign_Coins&listName=All%20Sovereign%20Coins
[167/178#w2] Классификация картинок: {
[167/178#w2]   "obverse": null,
[167/178#w2]   "reverse": "https://www.royalmint.com/globalassets/_ecommerce/commemorative/launches/2026-launches/great-british-treasure-hunt/pdp-image/uk26mml4---level-4-mastermind-medal-reverse.jpg",
[167/178#w2]   "blister_obverse": null,
[167/178#w2]   "blister_reverse": "https://www.royalmint.com/globalassets/_ecommerce/invest/launches/2025/britannia/secure-bars/prods/1g/sembgbb1gs---britannia-bar-minted-gold-1g-reverse-blister-1500x1500-f3a2c67.jpg",
[167/178#w2]   "box": null,
[167/178#w2]   "certificate": null
[167/178#w2] }
[167/178#w2] 
[167/178#w2] ────────── Как увидеть монету на сайте (localhost) ──────────
[167/178#w2] Быстро (парсинг + public/data в один заход): npm run royal-mint:preview
[167/178#w2]   (или уже есть JSON: npx tsx scripts/royal-mint-to-public-catalog.ts "/Users/mihail/Desktop/Нумизматика сайт/omonete-app/data/royal-mint-the-sovereign-2006.json")
[167/178#w2] Потом: npm run dev → http://localhost:3000/coins/991001/ (или ROYAL_MINT_LOCAL_ID)
[167/178#w2] Картинки (если скачались): public/image/coins/foreign/ — пути уже в JSON монеты.
[167/178#w2] В БД: npm run royal-mint:import → npm run data:export (или data:export:incremental).

——— старт 169/178#w2 ———
https://www.royalmint.com/sovereign/all/the-sovereign-2008/?listId=All_Sovereign_Coins&listName=All%20Sovereign%20Coins
[168/178#w1] Блок характеристик: div.mod-section.specification — найден, полей в specs: 9
[169/178#w2] Блок характеристик: div.mod-section.specification — найден, полей в specs: 6
[168/178#w1]   ✓ the-sovereign-2007-rev.webp
[169/178#w2]   ✓ the-sovereign-2008-rev.webp
[168/178#w1]   ✓ the-sovereign-2007-blister-rev.webp
[168/178#w1] [dotenv@17.3.1] injecting env (1) from .env -- tip: 🛡️ auth for agents: https://vestauth.com
[168/178#w1] __RM_JSON__ /Users/mihail/Desktop/Нумизматика сайт/omonete-app/data/royal-mint-the-sovereign-2007.json
[168/178#w1] 
[168/178#w1] Готово: /Users/mihail/Desktop/Нумизматика сайт/omonete-app/data/royal-mint-the-sovereign-2007.json
[168/178#w1] Загрузка PDP: https://www.royalmint.com/sovereign/all/the-sovereign-2007/?listId=All_Sovereign_Coins&listName=All%20Sovereign%20Coins
[168/178#w1] Классификация картинок: {
[168/178#w1]   "obverse": null,
[168/178#w1]   "reverse": "https://www.royalmint.com/globalassets/_ecommerce/commemorative/launches/2026-launches/great-british-treasure-hunt/pdp-image/uk26mml4---level-4-mastermind-medal-reverse.jpg",
[168/178#w1]   "blister_obverse": null,
[168/178#w1]   "blister_reverse": "https://www.royalmint.com/globalassets/_ecommerce/invest/launches/2025/britannia/secure-bars/prods/1g/sembgbb1gs---britannia-bar-minted-gold-1g-reverse-blister-1500x1500-f3a2c67.jpg",
[168/178#w1]   "box": null,
[168/178#w1]   "certificate": null
[168/178#w1] }
[168/178#w1] 
[168/178#w1] ────────── Как увидеть монету на сайте (localhost) ──────────
[168/178#w1] Быстро (парсинг + public/data в один заход): npm run royal-mint:preview
[168/178#w1]   (или уже есть JSON: npx tsx scripts/royal-mint-to-public-catalog.ts "/Users/mihail/Desktop/Нумизматика сайт/omonete-app/data/royal-mint-the-sovereign-2007.json")
[168/178#w1] Потом: npm run dev → http://localhost:3000/coins/991001/ (или ROYAL_MINT_LOCAL_ID)
[168/178#w1] Картинки (если скачались): public/image/coins/foreign/ — пути уже в JSON монеты.
[168/178#w1] В БД: npm run royal-mint:import → npm run data:export (или data:export:incremental).

——— старт 170/178#w1 ———
https://www.royalmint.com/sovereign/all/the-sovereign-2009/?listId=All_Sovereign_Coins&listName=All%20Sovereign%20Coins
[169/178#w2]   ✓ the-sovereign-2008-blister-rev.webp
[169/178#w2] [dotenv@17.3.1] injecting env (1) from .env -- tip: ⚙️  suppress all logs with { quiet: true }
[169/178#w2] __RM_JSON__ /Users/mihail/Desktop/Нумизматика сайт/omonete-app/data/royal-mint-the-sovereign-2008.json
[169/178#w2] 
[169/178#w2] Готово: /Users/mihail/Desktop/Нумизматика сайт/omonete-app/data/royal-mint-the-sovereign-2008.json
[169/178#w2] Загрузка PDP: https://www.royalmint.com/sovereign/all/the-sovereign-2008/?listId=All_Sovereign_Coins&listName=All%20Sovereign%20Coins
[169/178#w2] Классификация картинок: {
[169/178#w2]   "obverse": null,
[169/178#w2]   "reverse": "https://www.royalmint.com/globalassets/_ecommerce/commemorative/launches/2026-launches/great-british-treasure-hunt/pdp-image/uk26mml4---level-4-mastermind-medal-reverse.jpg",
[169/178#w2]   "blister_obverse": null,
[169/178#w2]   "blister_reverse": "https://www.royalmint.com/globalassets/_ecommerce/invest/launches/2025/britannia/secure-bars/prods/1g/sembgbb1gs---britannia-bar-minted-gold-1g-reverse-blister-1500x1500-f3a2c67.jpg",
[169/178#w2]   "box": null,
[169/178#w2]   "certificate": null
[169/178#w2] }
[169/178#w2] 
[169/178#w2] ────────── Как увидеть монету на сайте (localhost) ──────────
[169/178#w2] Быстро (парсинг + public/data в один заход): npm run royal-mint:preview
[169/178#w2]   (или уже есть JSON: npx tsx scripts/royal-mint-to-public-catalog.ts "/Users/mihail/Desktop/Нумизматика сайт/omonete-app/data/royal-mint-the-sovereign-2008.json")
[169/178#w2] Потом: npm run dev → http://localhost:3000/coins/991001/ (или ROYAL_MINT_LOCAL_ID)
[169/178#w2] Картинки (если скачались): public/image/coins/foreign/ — пути уже в JSON монеты.
[169/178#w2] В БД: npm run royal-mint:import → npm run data:export (или data:export:incremental).

——— старт 171/178#w2 ———
https://www.royalmint.com/sovereign/all/the-sovereign-2010-proof/?listId=All_Sovereign_Coins&listName=All%20Sovereign%20Coins
[170/178#w1] Блок характеристик: div.mod-section.specification — найден, полей в specs: 9
[171/178#w2] Блок характеристик: div.mod-section.specification — найден, полей в specs: 9
[170/178#w1]   ✓ the-sovereign-2009-rev.webp
[170/178#w1]   ✓ the-sovereign-2009-blister-rev.webp
[170/178#w1] [dotenv@17.3.1] injecting env (1) from .env -- tip: ⚙️  enable debug logging with { debug: true }
[171/178#w2]   ✓ the-sovereign-2010-proof-obv.webp
[170/178#w1] __RM_JSON__ /Users/mihail/Desktop/Нумизматика сайт/omonete-app/data/royal-mint-the-sovereign-2009.json
[170/178#w1] 
[170/178#w1] Готово: /Users/mihail/Desktop/Нумизматика сайт/omonete-app/data/royal-mint-the-sovereign-2009.json
[170/178#w1] Загрузка PDP: https://www.royalmint.com/sovereign/all/the-sovereign-2009/?listId=All_Sovereign_Coins&listName=All%20Sovereign%20Coins
[170/178#w1] Классификация картинок: {
[170/178#w1]   "obverse": null,
[170/178#w1]   "reverse": "https://www.royalmint.com/globalassets/_ecommerce/commemorative/launches/2026-launches/great-british-treasure-hunt/pdp-image/uk26mml4---level-4-mastermind-medal-reverse.jpg",
[170/178#w1]   "blister_obverse": null,
[170/178#w1]   "blister_reverse": "https://www.royalmint.com/globalassets/_ecommerce/invest/launches/2025/britannia/secure-bars/prods/1g/sembgbb1gs---britannia-bar-minted-gold-1g-reverse-blister-1500x1500-f3a2c67.jpg",
[170/178#w1]   "box": null,
[170/178#w1]   "certificate": null
[170/178#w1] }
[170/178#w1] 
[170/178#w1] ────────── Как увидеть монету на сайте (localhost) ──────────
[170/178#w1] Быстро (парсинг + public/data в один заход): npm run royal-mint:preview
[170/178#w1]   (или уже есть JSON: npx tsx scripts/royal-mint-to-public-catalog.ts "/Users/mihail/Desktop/Нумизматика сайт/omonete-app/data/royal-mint-the-sovereign-2009.json")
[170/178#w1] Потом: npm run dev → http://localhost:3000/coins/991001/ (или ROYAL_MINT_LOCAL_ID)
[170/178#w1] Картинки (если скачались): public/image/coins/foreign/ — пути уже в JSON монеты.
[170/178#w1] В БД: npm run royal-mint:import → npm run data:export (или data:export:incremental).

——— старт 172/178#w1 ———
https://www.royalmint.com/sovereign/all/the-sovereign-2011-proof/?listId=All_Sovereign_Coins&listName=All%20Sovereign%20Coins
[171/178#w2]   ✓ the-sovereign-2010-proof-rev.webp
[171/178#w2] [dotenv@17.3.1] injecting env (1) from .env -- tip: ⚙️  write to custom object with { processEnv: myObject }
[171/178#w2] __RM_JSON__ /Users/mihail/Desktop/Нумизматика сайт/omonete-app/data/royal-mint-the-sovereign-2010-proof.json
[171/178#w2] 
[171/178#w2] Готово: /Users/mihail/Desktop/Нумизматика сайт/omonete-app/data/royal-mint-the-sovereign-2010-proof.json
[171/178#w2] Загрузка PDP: https://www.royalmint.com/sovereign/all/the-sovereign-2010-proof/?listId=All_Sovereign_Coins&listName=All%20Sovereign%20Coins
[171/178#w2] Классификация картинок: {
[171/178#w2]   "obverse": "https://www.royalmint.com/globalassets/__rebrand/_structure/shop/editions/_historic-coins/_product-image/hishso10-2010-elizabeth-ii-half-proof-sovereign-obverse.jpg",
[171/178#w2]   "reverse": "https://www.royalmint.com/globalassets/__rebrand/_structure/shop/editions/_historic-coins/_product-image/hishso10-2010-elizabeth-ii-half-proof-sovereign-reverse.jpg",
[171/178#w2]   "blister_obverse": null,
[171/178#w2]   "blister_reverse": null,
[171/178#w2]   "box": null,
[171/178#w2]   "certificate": null
[171/178#w2] }
[171/178#w2] 
[171/178#w2] ────────── Как увидеть монету на сайте (localhost) ──────────
[171/178#w2] Быстро (парсинг + public/data в один заход): npm run royal-mint:preview
[171/178#w2]   (или уже есть JSON: npx tsx scripts/royal-mint-to-public-catalog.ts "/Users/mihail/Desktop/Нумизматика сайт/omonete-app/data/royal-mint-the-sovereign-2010-proof.json")
[171/178#w2] Потом: npm run dev → http://localhost:3000/coins/991001/ (или ROYAL_MINT_LOCAL_ID)
[171/178#w2] Картинки (если скачались): public/image/coins/foreign/ — пути уже в JSON монеты.
[171/178#w2] В БД: npm run royal-mint:import → npm run data:export (или data:export:incremental).

——— старт 173/178#w2 ———
https://www.royalmint.com/sovereign/all/the-sovereign-2012-proof/?listId=All_Sovereign_Coins&listName=All%20Sovereign%20Coins
[172/178#w1] Блок характеристик: div.mod-section.specification — найден, полей в specs: 9
[173/178#w2] Блок характеристик: div.mod-section.specification — найден, полей в specs: 9
[172/178#w1]   ✓ the-sovereign-2011-proof-obv.webp
[173/178#w2]   ✓ the-sovereign-2012-proof-obv.webp
[172/178#w1]   ✓ the-sovereign-2011-proof-rev.webp
[172/178#w1] [dotenv@17.3.1] injecting env (1) from .env -- tip: 🛡️ auth for agents: https://vestauth.com
[173/178#w2]   ✓ the-sovereign-2012-proof-rev.webp
[173/178#w2] [dotenv@17.3.1] injecting env (1) from .env -- tip: ⚙️  suppress all logs with { quiet: true }
[172/178#w1] __RM_JSON__ /Users/mihail/Desktop/Нумизматика сайт/omonete-app/data/royal-mint-the-sovereign-2011-proof.json
[172/178#w1] 
[172/178#w1] Готово: /Users/mihail/Desktop/Нумизматика сайт/omonete-app/data/royal-mint-the-sovereign-2011-proof.json
[172/178#w1] Загрузка PDP: https://www.royalmint.com/sovereign/all/the-sovereign-2011-proof/?listId=All_Sovereign_Coins&listName=All%20Sovereign%20Coins
[172/178#w1] Классификация картинок: {
[172/178#w1]   "obverse": "https://www.royalmint.com/globalassets/__rebrand/_structure/shop/editions/_historic-coins/_product-image/hishso11-2011-half-sovereign-obverse.jpg",
[172/178#w1]   "reverse": "https://www.royalmint.com/globalassets/__rebrand/_structure/shop/editions/_historic-coins/_product-image/hishso11-2011-half-sovereign-reverse.jpg",
[172/178#w1]   "blister_obverse": null,
[172/178#w1]   "blister_reverse": null,
[172/178#w1]   "box": null,
[172/178#w1]   "certificate": null
[172/178#w1] }
[172/178#w1] 
[172/178#w1] ────────── Как увидеть монету на сайте (localhost) ──────────
[172/178#w1] Быстро (парсинг + public/data в один заход): npm run royal-mint:preview
[172/178#w1]   (или уже есть JSON: npx tsx scripts/royal-mint-to-public-catalog.ts "/Users/mihail/Desktop/Нумизматика сайт/omonete-app/data/royal-mint-the-sovereign-2011-proof.json")
[172/178#w1] Потом: npm run dev → http://localhost:3000/coins/991001/ (или ROYAL_MINT_LOCAL_ID)
[172/178#w1] Картинки (если скачались): public/image/coins/foreign/ — пути уже в JSON монеты.
[172/178#w1] В БД: npm run royal-mint:import → npm run data:export (или data:export:incremental).

——— старт 174/178#w1 ———
https://www.royalmint.com/sovereign/all/the-sovereign-2013-proof/?listId=All_Sovereign_Coins&listName=All%20Sovereign%20Coins
[173/178#w2] __RM_JSON__ /Users/mihail/Desktop/Нумизматика сайт/omonete-app/data/royal-mint-the-sovereign-2012-proof.json
[173/178#w2] 
[173/178#w2] Готово: /Users/mihail/Desktop/Нумизматика сайт/omonete-app/data/royal-mint-the-sovereign-2012-proof.json
[173/178#w2] Загрузка PDP: https://www.royalmint.com/sovereign/all/the-sovereign-2012-proof/?listId=All_Sovereign_Coins&listName=All%20Sovereign%20Coins
[173/178#w2] Классификация картинок: {
[173/178#w2]   "obverse": "https://www.royalmint.com/globalassets/__rebrand/_structure/shop/editions/_historic-coins/_product-image/hissov12-obverse.jpg",
[173/178#w2]   "reverse": "https://www.royalmint.com/globalassets/__rebrand/_structure/shop/editions/_historic-coins/_product-image/hissov12-reverse.jpg",
[173/178#w2]   "blister_obverse": null,
[173/178#w2]   "blister_reverse": null,
[173/178#w2]   "box": null,
[173/178#w2]   "certificate": null
[173/178#w2] }
[173/178#w2] 
[173/178#w2] ────────── Как увидеть монету на сайте (localhost) ──────────
[173/178#w2] Быстро (парсинг + public/data в один заход): npm run royal-mint:preview
[173/178#w2]   (или уже есть JSON: npx tsx scripts/royal-mint-to-public-catalog.ts "/Users/mihail/Desktop/Нумизматика сайт/omonete-app/data/royal-mint-the-sovereign-2012-proof.json")
[173/178#w2] Потом: npm run dev → http://localhost:3000/coins/991001/ (или ROYAL_MINT_LOCAL_ID)
[173/178#w2] Картинки (если скачались): public/image/coins/foreign/ — пути уже в JSON монеты.
[173/178#w2] В БД: npm run royal-mint:import → npm run data:export (или data:export:incremental).

——— старт 175/178#w2 ———
https://www.royalmint.com/sovereign/all/the-sovereign-2014-proof/?listId=All_Sovereign_Coins&listName=All%20Sovereign%20Coins
[174/178#w1] Блок характеристик: div.mod-section.specification — найден, полей в specs: 9
[175/178#w2] Блок характеристик: div.mod-section.specification — найден, полей в specs: 9
[174/178#w1]   ✓ the-sovereign-2013-proof-obv.webp
[175/178#w2]   ✓ the-sovereign-2014-proof-obv.webp
[175/178#w2]   ✓ the-sovereign-2014-proof-rev.webp
[175/178#w2] [dotenv@17.3.1] injecting env (1) from .env -- tip: ⚡️ secrets for agents: https://dotenvx.com/as2
[174/178#w1]   ✓ the-sovereign-2013-proof-rev.webp
[174/178#w1] [dotenv@17.3.1] injecting env (1) from .env -- tip: ⚙️  write to custom object with { processEnv: myObject }
[175/178#w2] __RM_JSON__ /Users/mihail/Desktop/Нумизматика сайт/omonete-app/data/royal-mint-the-sovereign-2014-proof.json
[175/178#w2] 
[175/178#w2] Готово: /Users/mihail/Desktop/Нумизматика сайт/omonete-app/data/royal-mint-the-sovereign-2014-proof.json
[175/178#w2] Загрузка PDP: https://www.royalmint.com/sovereign/all/the-sovereign-2014-proof/?listId=All_Sovereign_Coins&listName=All%20Sovereign%20Coins
[175/178#w2] Классификация картинок: {
[175/178#w2]   "obverse": "https://www.royalmint.com/globalassets/__rebrand/_structure/shop/editions/_historic-coins/_product-image/his2014-2014-sov-obverse.jpg",
[175/178#w2]   "reverse": "https://www.royalmint.com/globalassets/__rebrand/_structure/shop/editions/_historic-coins/_product-image/his2014-2014-sov-reverse.jpg",
[175/178#w2]   "blister_obverse": null,
[175/178#w2]   "blister_reverse": null,
[175/178#w2]   "box": null,
[175/178#w2]   "certificate": null
[175/178#w2] }
[175/178#w2] 
[175/178#w2] ────────── Как увидеть монету на сайте (localhost) ──────────
[175/178#w2] Быстро (парсинг + public/data в один заход): npm run royal-mint:preview
[175/178#w2]   (или уже есть JSON: npx tsx scripts/royal-mint-to-public-catalog.ts "/Users/mihail/Desktop/Нумизматика сайт/omonete-app/data/royal-mint-the-sovereign-2014-proof.json")
[175/178#w2] Потом: npm run dev → http://localhost:3000/coins/991001/ (или ROYAL_MINT_LOCAL_ID)
[175/178#w2] Картинки (если скачались): public/image/coins/foreign/ — пути уже в JSON монеты.
[175/178#w2] В БД: npm run royal-mint:import → npm run data:export (или data:export:incremental).

——— старт 176/178#w2 ———
https://www.royalmint.com/sovereign/all/The-Sovereign-2015/?listId=All_Sovereign_Coins&listName=All%20Sovereign%20Coins
[174/178#w1] __RM_JSON__ /Users/mihail/Desktop/Нумизматика сайт/omonete-app/data/royal-mint-the-sovereign-2013-proof.json
[174/178#w1] 
[174/178#w1] Готово: /Users/mihail/Desktop/Нумизматика сайт/omonete-app/data/royal-mint-the-sovereign-2013-proof.json
[174/178#w1] Загрузка PDP: https://www.royalmint.com/sovereign/all/the-sovereign-2013-proof/?listId=All_Sovereign_Coins&listName=All%20Sovereign%20Coins
[174/178#w1] Классификация картинок: {
[174/178#w1]   "obverse": "https://www.royalmint.com/globalassets/__rebrand/_structure/shop/editions/_historic-coins/_product-image/hisqecsc---the-queen-elizabeth-ii-complete-sovereign-collection---2013-obverse.jpg",
[174/178#w1]   "reverse": "https://www.royalmint.com/globalassets/__rebrand/_structure/shop/editions/_historic-coins/_product-image/hisqecsc---the-queen-elizabeth-ii-complete-sovereign-collection---2013-reverse.jpg",
[174/178#w1]   "blister_obverse": null,
[174/178#w1]   "blister_reverse": null,
[174/178#w1]   "box": null,
[174/178#w1]   "certificate": null
[174/178#w1] }
[174/178#w1] 
[174/178#w1] ────────── Как увидеть монету на сайте (localhost) ──────────
[174/178#w1] Быстро (парсинг + public/data в один заход): npm run royal-mint:preview
[174/178#w1]   (или уже есть JSON: npx tsx scripts/royal-mint-to-public-catalog.ts "/Users/mihail/Desktop/Нумизматика сайт/omonete-app/data/royal-mint-the-sovereign-2013-proof.json")
[174/178#w1] Потом: npm run dev → http://localhost:3000/coins/991001/ (или ROYAL_MINT_LOCAL_ID)
[174/178#w1] Картинки (если скачались): public/image/coins/foreign/ — пути уже в JSON монеты.
[174/178#w1] В БД: npm run royal-mint:import → npm run data:export (или data:export:incremental).

——— старт 177/178#w1 ———
https://www.royalmint.com/sovereign/all/the-sovereign-2017-proof/?listId=All_Sovereign_Coins&listName=All%20Sovereign%20Coins
[177/178#w1] Блок характеристик: div.mod-section.specification — найден, полей в specs: 9
[176/178#w2] Блок характеристик: div.mod-section.specification — найден, полей в specs: 9
[177/178#w1]   ✓ the-sovereign-2017-proof-obv.webp
[176/178#w2]   ✓ the-sovereign-2015-obv.webp
[177/178#w1]   ✓ the-sovereign-2017-proof-rev.webp
[177/178#w1] [dotenv@17.3.1] injecting env (1) from .env -- tip: ⚡️ secrets for agents: https://dotenvx.com/as2
[177/178#w1] __RM_JSON__ /Users/mihail/Desktop/Нумизматика сайт/omonete-app/data/royal-mint-the-sovereign-2017-proof.json
[177/178#w1] 
[177/178#w1] Готово: /Users/mihail/Desktop/Нумизматика сайт/omonete-app/data/royal-mint-the-sovereign-2017-proof.json
[177/178#w1] Загрузка PDP: https://www.royalmint.com/sovereign/all/the-sovereign-2017-proof/?listId=All_Sovereign_Coins&listName=All%20Sovereign%20Coins
[177/178#w1] Классификация картинок: {
[177/178#w1]   "obverse": "https://www.royalmint.com/globalassets/__rebrand/_structure/shop/editions/_historic-coins/_product-image/2017-the-sovereign-proof-obverse.jpg",
[177/178#w1]   "reverse": "https://www.royalmint.com/globalassets/__rebrand/_structure/shop/editions/_historic-coins/_product-image/2017-the-sovereign-proof-reverse.jpg",
[177/178#w1]   "blister_obverse": null,
[177/178#w1]   "blister_reverse": null,
[177/178#w1]   "box": null,
[177/178#w1]   "certificate": null
[177/178#w1] }
[177/178#w1] 
[177/178#w1] ────────── Как увидеть монету на сайте (localhost) ──────────
[177/178#w1] Быстро (парсинг + public/data в один заход): npm run royal-mint:preview
[177/178#w1]   (или уже есть JSON: npx tsx scripts/royal-mint-to-public-catalog.ts "/Users/mihail/Desktop/Нумизматика сайт/omonete-app/data/royal-mint-the-sovereign-2017-proof.json")
[177/178#w1] Потом: npm run dev → http://localhost:3000/coins/991001/ (или ROYAL_MINT_LOCAL_ID)
[177/178#w1] Картинки (если скачались): public/image/coins/foreign/ — пути уже в JSON монеты.
[177/178#w1] В БД: npm run royal-mint:import → npm run data:export (или data:export:incremental).

——— старт 178/178#w1 ———
https://www.royalmint.com/the-royal-tudor-beasts/the-queens-lion/the-royal-tudor-beasts-the-queens-lion-2026-quarter-oz-gold-proof-coin/?listId=The_Queen%27s_Lion&listName=The%20Queen%27s%20Lion
[176/178#w2]   ✓ the-sovereign-2015-rev.webp
[176/178#w2] [dotenv@17.3.1] injecting env (1) from .env -- tip: ⚙️  enable debug logging with { debug: true }
[176/178#w2] __RM_JSON__ /Users/mihail/Desktop/Нумизматика сайт/omonete-app/data/royal-mint-the-sovereign-2015.json
[176/178#w2] 
[176/178#w2] Готово: /Users/mihail/Desktop/Нумизматика сайт/omonete-app/data/royal-mint-the-sovereign-2015.json
[176/178#w2] Загрузка PDP: https://www.royalmint.com/sovereign/all/The-Sovereign-2015/?listId=All_Sovereign_Coins&listName=All%20Sovereign%20Coins
[176/178#w2] Классификация картинок: {
[176/178#w2]   "obverse": "https://www.royalmint.com/globalassets/__rebrand/_structure/shop/editions/_historic-coins/_product-image/his2015s-2015-sovereign-obverse.jpg",
[176/178#w2]   "reverse": "https://www.royalmint.com/globalassets/__rebrand/_structure/shop/editions/_historic-coins/_product-image/his2015s-2015-sovereign-reverse.jpg",
[176/178#w2]   "blister_obverse": null,
[176/178#w2]   "blister_reverse": null,
[176/178#w2]   "box": null,
[176/178#w2]   "certificate": null
[176/178#w2] }
[176/178#w2] 
[176/178#w2] ────────── Как увидеть монету на сайте (localhost) ──────────
[176/178#w2] Быстро (парсинг + public/data в один заход): npm run royal-mint:preview
[176/178#w2]   (или уже есть JSON: npx tsx scripts/royal-mint-to-public-catalog.ts "/Users/mihail/Desktop/Нумизматика сайт/omonete-app/data/royal-mint-the-sovereign-2015.json")
[176/178#w2] Потом: npm run dev → http://localhost:3000/coins/991001/ (или ROYAL_MINT_LOCAL_ID)
[176/178#w2] Картинки (если скачались): public/image/coins/foreign/ — пути уже в JSON монеты.
[176/178#w2] В БД: npm run royal-mint:import → npm run data:export (или data:export:incremental).
[178/178#w1] Блок характеристик: div.mod-section.specification — найден, полей в specs: 11
[178/178#w1]   ✓ the-royal-tudor-beasts-the-queens-lion-2026-quarter-oz-gold-proof-coin-obv.webp
[178/178#w1]   ✓ the-royal-tudor-beasts-the-queens-lion-2026-quarter-oz-gold-proof-coin-rev.webp
[178/178#w1]   ✓ the-royal-tudor-beasts-the-queens-lion-2026-quarter-oz-gold-proof-coin-cert.webp
[178/178#w1] [dotenv@17.3.1] injecting env (1) from .env -- tip: 🔐 prevent building .env in docker: https://dotenvx.com/prebuild
[178/178#w1] __RM_JSON__ /Users/mihail/Desktop/Нумизматика сайт/omonete-app/data/royal-mint-the-royal-tudor-beasts-the-queens-lion-2026-quarter-oz-gold-proof-coin.json
[178/178#w1] 
[178/178#w1] Готово: /Users/mihail/Desktop/Нумизматика сайт/omonete-app/data/royal-mint-the-royal-tudor-beasts-the-queens-lion-2026-quarter-oz-gold-proof-coin.json
[178/178#w1] Загрузка PDP: https://www.royalmint.com/the-royal-tudor-beasts/the-queens-lion/the-royal-tudor-beasts-the-queens-lion-2026-quarter-oz-gold-proof-coin/?listId=The_Queen%27s_Lion&listName=The%20Queen%27s%20Lion
[178/178#w1] Классификация картинок: {
[178/178#w1]   "obverse": "https://www.royalmint.com/globalassets/_ecommerce/commemorative/launches/2026-launches/royal-tudor-beasts/queens-lion/product-images/uk26qlgqthe-royal-tudor-beasts-the-queen-s-lion-2026-uk-14oz-gold-proof-coin-obverse-upright-with-shadow-.jpg",
[178/178#w1]   "reverse": "https://www.royalmint.com/globalassets/_ecommerce/commemorative/launches/2026-launches/royal-tudor-beasts/queens-lion/product-images/uk26qlgqthe-royal-tudor-beasts-the-queen-s-lion-2026-uk-14oz-gold-proof-coin-reverse-upright-with-shadow-.jpg",
[178/178#w1]   "blister_obverse": null,
[178/178#w1]   "blister_reverse": null,
[178/178#w1]   "box": null,
[178/178#w1]   "certificate": "https://www.royalmint.com/globalassets/_ecommerce/commemorative/launches/2026-launches/royal-tudor-beasts/queens-lion/product-images/uk26qlsp---the-royal-tudor-beasts-the-queen-s-lion-2026-uk-carton.jpg"
[178/178#w1] }
[178/178#w1] 
[178/178#w1] ────────── Как увидеть монету на сайте (localhost) ──────────
[178/178#w1] Быстро (парсинг + public/data в один заход): npm run royal-mint:preview
[178/178#w1]   (или уже есть JSON: npx tsx scripts/royal-mint-to-public-catalog.ts "/Users/mihail/Desktop/Нумизматика сайт/omonete-app/data/royal-mint-the-royal-tudor-beasts-the-queens-lion-2026-quarter-oz-gold-proof-coin.json")
[178/178#w1] Потом: npm run dev → http://localhost:3000/coins/991001/ (или ROYAL_MINT_LOCAL_ID)
[178/178#w1] Картинки (если скачались): public/image/coins/foreign/ — пути уже в JSON монеты.
[178/178#w1] В БД: npm run royal-mint:import → npm run data:export (или data:export:incremental).

Готово. Успех: 168 ошибок: 10
Дальше: npm run royal-mint:import && npm run data:export
