
> omonete-app@0.1.0 royal-mint:fetch-list
> node scripts/fetch-royal-mint-url-list.js

Файл: /Users/mihail/Desktop/Нумизматика сайт/omonete-app/scripts/royal-mint-urls.txt
К парсингу URL: 192  

——— [1/192] ———
 https://www.royalmint.com/britannia/commemorative/2025-britannia-1oz-silver-proof-coin
Блок характеристик: div.mod-section.specification — найден, полей в specs: 11
  ✓ 2025-britannia-1oz-silver-proof-coin-obv.webp
  ✓ 2025-britannia-1oz-silver-proof-coin-rev.webp
  ✓ 2025-britannia-1oz-silver-proof-coin-box.webp
__RM_JSON__ /Users/mihail/Desktop/Нумизматика сайт/omonete-app/data/royal-mint-2025-britannia-1oz-silver-proof-coin.json

Готово: /Users/mihail/Desktop/Нумизматика сайт/omonete-app/data/royal-mint-2025-britannia-1oz-silver-proof-coin.json
Загрузка PDP: https://www.royalmint.com/britannia/commemorative/2025-britannia-1oz-silver-proof-coin
Классификация картинок: {
  "obverse": "https://www.royalmint.com/globalassets/_ecommerce/commemorative/launches/2025-launches/britannia-2025/product-images/br25s1-2025-britannia-uk-1oz-silver-proof-coin-obverse-edge-1500x1500-f3a2c67.jpg",
  "reverse": "https://www.royalmint.com/globalassets/_ecommerce/commemorative/launches/2025-launches/britannia-2025/product-images/br25s1-2025-britannia-uk-1oz-silver-proof-coin-reverse-edge-1500x1500-f3a2c67.jpg",
  "blister_obverse": null,
  "blister_reverse": null,
  "box": "https://www.royalmint.com/globalassets/_ecommerce/commemorative/launches/2025-launches/britannia-2025/product-images/br25s1-2025-britannia-uk-1oz-silver-proof-coin-case-left-1500x1500-f3a2c67.jpg",
  "certificate": null
}

────────── Как увидеть монету на сайте (localhost) ──────────
Быстро (парсинг + public/data в один заход): npm run royal-mint:preview
  (или уже есть JSON: npx tsx scripts/royal-mint-to-public-catalog.ts "/Users/mihail/Desktop/Нумизматика сайт/omonete-app/data/royal-mint-2025-britannia-1oz-silver-proof-coin.json")
Потом: npm run dev → http://localhost:3000/coins/991001/ (или ROYAL_MINT_LOCAL_ID)
Картинки (если скачались): public/image/coins/foreign/ — пути уже в JSON монеты.
В БД: npm run royal-mint:import → npm run data:export (или data:export:incremental).

——— [2/192] ———
 https://www.royalmint.com/britannia/commemorative/2025-britannia-2oz-silver-proof-coin
Блок характеристик: div.mod-section.specification — найден, полей в specs: 11
  ✓ 2025-britannia-2oz-silver-proof-coin-obv.webp
  ✓ 2025-britannia-2oz-silver-proof-coin-rev.webp
  ✓ 2025-britannia-2oz-silver-proof-coin-box.webp
__RM_JSON__ /Users/mihail/Desktop/Нумизматика сайт/omonete-app/data/royal-mint-2025-britannia-2oz-silver-proof-coin.json

Готово: /Users/mihail/Desktop/Нумизматика сайт/omonete-app/data/royal-mint-2025-britannia-2oz-silver-proof-coin.json
Загрузка PDP: https://www.royalmint.com/britannia/commemorative/2025-britannia-2oz-silver-proof-coin
Классификация картинок: {
  "obverse": "https://www.royalmint.com/globalassets/_ecommerce/commemorative/launches/2025-launches/britannia-2025/product-images/br25s2-2025-britannia-uk-2oz-silver-proof-coin-obverse-edge--1500x1500-f3a2c67.jpg",
  "reverse": "https://www.royalmint.com/globalassets/_ecommerce/commemorative/launches/2025-launches/britannia-2025/product-images/br25s2-2025-britannia-uk-2oz-silver-proof-coin-reverse-edge--1500x1500-f3a2c67.jpg",
  "blister_obverse": null,
  "blister_reverse": null,
  "box": "https://www.royalmint.com/globalassets/_ecommerce/commemorative/launches/2025-launches/britannia-2025/product-images/br25s2-2025-britannia-uk-2oz-silver-proof-coin-case-left-1500x1500-f3a2c67.jpg",
  "certificate": null
}

────────── Как увидеть монету на сайте (localhost) ──────────
Быстро (парсинг + public/data в один заход): npm run royal-mint:preview
  (или уже есть JSON: npx tsx scripts/royal-mint-to-public-catalog.ts "/Users/mihail/Desktop/Нумизматика сайт/omonete-app/data/royal-mint-2025-britannia-2oz-silver-proof-coin.json")
Потом: npm run dev → http://localhost:3000/coins/991001/ (или ROYAL_MINT_LOCAL_ID)
Картинки (если скачались): public/image/coins/foreign/ — пути уже в JSON монеты.
В БД: npm run royal-mint:import → npm run data:export (или data:export:incremental).

——— [3/192] ———
 https://www.royalmint.com/britannia/commemorative/2025-britannia-5oz-silver-proof-coin
Блок характеристик: div.mod-section.specification — найден, полей в specs: 11
  ✓ 2025-britannia-5oz-silver-proof-coin-obv.webp
  ✓ 2025-britannia-5oz-silver-proof-coin-rev.webp
  ✓ 2025-britannia-5oz-silver-proof-coin-box.webp
__RM_JSON__ /Users/mihail/Desktop/Нумизматика сайт/omonete-app/data/royal-mint-2025-britannia-5oz-silver-proof-coin.json

Готово: /Users/mihail/Desktop/Нумизматика сайт/omonete-app/data/royal-mint-2025-britannia-5oz-silver-proof-coin.json
Загрузка PDP: https://www.royalmint.com/britannia/commemorative/2025-britannia-5oz-silver-proof-coin
Классификация картинок: {
  "obverse": "https://www.royalmint.com/globalassets/_ecommerce/commemorative/launches/2025-launches/britannia-2025/product-images/br25s5-2025-britannia-uk-5oz-silver-proof-coin-obverse-edge-1500x1500-f3a2c67.jpg",
  "reverse": "https://www.royalmint.com/globalassets/_ecommerce/commemorative/launches/2025-launches/britannia-2025/product-images/br25s5-2025-britannia-uk-5oz-silver-proof-coin-reverse-edge-1500x1500-f3a2c67.jpg",
  "blister_obverse": null,
  "blister_reverse": null,
  "box": "https://www.royalmint.com/globalassets/_ecommerce/commemorative/launches/2025-launches/britannia-2025/product-images/br25s5-2025-britannia-uk-5oz-silver-proof-coin-case-left-1500x1500-f3a2c67.jpg",
  "certificate": null
}

────────── Как увидеть монету на сайте (localhost) ──────────
Быстро (парсинг + public/data в один заход): npm run royal-mint:preview
  (или уже есть JSON: npx tsx scripts/royal-mint-to-public-catalog.ts "/Users/mihail/Desktop/Нумизматика сайт/omonete-app/data/royal-mint-2025-britannia-5oz-silver-proof-coin.json")
Потом: npm run dev → http://localhost:3000/coins/991001/ (или ROYAL_MINT_LOCAL_ID)
Картинки (если скачались): public/image/coins/foreign/ — пути уже в JSON монеты.
В БД: npm run royal-mint:import → npm run data:export (или data:export:incremental).

——— [4/192] ———
 https://www.royalmint.com/britannia/commemorative/2025-britannia-six-coin-silver-proof-set
Блок характеристик: div.mod-section.specification — найден, полей в specs: 10
  ✓ 2025-britannia-six-coin-silver-proof-set-obv.webp
  ✓ 2025-britannia-six-coin-silver-proof-set-rev.webp
__RM_JSON__ /Users/mihail/Desktop/Нумизматика сайт/omonete-app/data/royal-mint-2025-britannia-six-coin-silver-proof-set.json

Готово: /Users/mihail/Desktop/Нумизматика сайт/omonete-app/data/royal-mint-2025-britannia-six-coin-silver-proof-set.json
Загрузка PDP: https://www.royalmint.com/britannia/commemorative/2025-britannia-six-coin-silver-proof-set
Классификация картинок: {
  "obverse": "https://www.royalmint.com/globalassets/_ecommerce/commemorative/launches/2025-launches/britannia-2025/product-images/br256s-2025-fortieth-ounce-britannia-uk-silver-proof-coin-obverse-edge-1500x1500-f3a2c67.jpg",
  "reverse": "https://www.royalmint.com/globalassets/_ecommerce/commemorative/launches/2025-launches/britannia-2025/product-images/br256s-2025-fortieth-ounce-britannia-uk-silver-proof-coin-reverse-edge-1500x1500-f3a2c67.jpg",
  "blister_obverse": null,
  "blister_reverse": null,
  "box": null,
  "certificate": null
}

────────── Как увидеть монету на сайте (localhost) ──────────
Быстро (парсинг + public/data в один заход): npm run royal-mint:preview
  (или уже есть JSON: npx tsx scripts/royal-mint-to-public-catalog.ts "/Users/mihail/Desktop/Нумизматика сайт/omonete-app/data/royal-mint-2025-britannia-six-coin-silver-proof-set.json")
Потом: npm run dev → http://localhost:3000/coins/991001/ (или ROYAL_MINT_LOCAL_ID)
Картинки (если скачались): public/image/coins/foreign/ — пути уже в JSON монеты.
В БД: npm run royal-mint:import → npm run data:export (или data:export:incremental).

——— [5/192] ———
 https://www.royalmint.com/britannia/commemorative/2026-britannia-1oz-silver-proof-coin
Блок характеристик: div.mod-section.specification — найден, полей в specs: 11
__RM_JSON__ /Users/mihail/Desktop/Нумизматика сайт/omonete-app/data/royal-mint-2026-britannia-1oz-silver-proof-coin.json

Готово: /Users/mihail/Desktop/Нумизматика сайт/omonete-app/data/royal-mint-2026-britannia-1oz-silver-proof-coin.json
Загрузка PDP: https://www.royalmint.com/britannia/commemorative/2026-britannia-1oz-silver-proof-coin
Классификация картинок: {
  "obverse": null,
  "reverse": null,
  "blister_obverse": null,
  "blister_reverse": null,
  "box": null,
  "certificate": null
}

────────── Как увидеть монету на сайте (localhost) ──────────
Быстро (парсинг + public/data в один заход): npm run royal-mint:preview
  (или уже есть JSON: npx tsx scripts/royal-mint-to-public-catalog.ts "/Users/mihail/Desktop/Нумизматика сайт/omonete-app/data/royal-mint-2026-britannia-1oz-silver-proof-coin.json")
Потом: npm run dev → http://localhost:3000/coins/991001/ (или ROYAL_MINT_LOCAL_ID)
Картинки (если скачались): public/image/coins/foreign/ — пути уже в JSON монеты.
В БД: npm run royal-mint:import → npm run data:export (или data:export:incremental).

——— [6/192] ———
 https://www.royalmint.com/britannia/commemorative/2026-britannia-2oz-silver-proof-coin
Блок характеристик: div.mod-section.specification — найден, полей в specs: 11
__RM_JSON__ /Users/mihail/Desktop/Нумизматика сайт/omonete-app/data/royal-mint-2026-britannia-2oz-silver-proof-coin.json

Готово: /Users/mihail/Desktop/Нумизматика сайт/omonete-app/data/royal-mint-2026-britannia-2oz-silver-proof-coin.json
Загрузка PDP: https://www.royalmint.com/britannia/commemorative/2026-britannia-2oz-silver-proof-coin
Классификация картинок: {
  "obverse": null,
  "reverse": null,
  "blister_obverse": null,
  "blister_reverse": null,
  "box": null,
  "certificate": null
}

────────── Как увидеть монету на сайте (localhost) ──────────
Быстро (парсинг + public/data в один заход): npm run royal-mint:preview
  (или уже есть JSON: npx tsx scripts/royal-mint-to-public-catalog.ts "/Users/mihail/Desktop/Нумизматика сайт/omonete-app/data/royal-mint-2026-britannia-2oz-silver-proof-coin.json")
Потом: npm run dev → http://localhost:3000/coins/991001/ (или ROYAL_MINT_LOCAL_ID)
Картинки (если скачались): public/image/coins/foreign/ — пути уже в JSON монеты.
В БД: npm run royal-mint:import → npm run data:export (или data:export:incremental).

——— [7/192] ———
 https://www.royalmint.com/gifts/2024-baby-silver-penny
Блок характеристик: div.mod-section.specification — найден, полей в specs: 9
  ✓ 2024-baby-silver-penny-rev.webp
  ✓ 2024-baby-silver-penny-blister-rev.webp
__RM_JSON__ /Users/mihail/Desktop/Нумизматика сайт/omonete-app/data/royal-mint-2024-baby-silver-penny.json

Готово: /Users/mihail/Desktop/Нумизматика сайт/omonete-app/data/royal-mint-2024-baby-silver-penny.json
Загрузка PDP: https://www.royalmint.com/gifts/2024-baby-silver-penny
Классификация картинок: {
  "obverse": null,
  "reverse": "https://www.royalmint.com/globalassets/_ecommerce/invest/launches/2026/britannia/products/silver-1-oz/bb26s1c---2026-bullion-britannia-1oz-silver-reverse-tube.jpg",
  "blister_obverse": null,
  "blister_reverse": "https://www.royalmint.com/globalassets/_ecommerce/invest/launches/2026/britannia/products/silver-1-oz/bb26s1c---2026-bullion-britannia-1oz-silver-reverse-capsule.jpg",
  "box": null,
  "certificate": null
}

────────── Как увидеть монету на сайте (localhost) ──────────
Быстро (парсинг + public/data в один заход): npm run royal-mint:preview
  (или уже есть JSON: npx tsx scripts/royal-mint-to-public-catalog.ts "/Users/mihail/Desktop/Нумизматика сайт/omonete-app/data/royal-mint-2024-baby-silver-penny.json")
Потом: npm run dev → http://localhost:3000/coins/991001/ (или ROYAL_MINT_LOCAL_ID)
Картинки (если скачались): public/image/coins/foreign/ — пути уже в JSON монеты.
В БД: npm run royal-mint:import → npm run data:export (или data:export:incremental).

——— [8/192] ———
 https://www.royalmint.com/gifts/2025-baby-silver-penny
Блок характеристик: div.mod-section.specification — найден, полей в specs: 9
  ✓ 2025-baby-silver-penny-obv.webp
  ✓ 2025-baby-silver-penny-rev.webp
__RM_JSON__ /Users/mihail/Desktop/Нумизматика сайт/omonete-app/data/royal-mint-2025-baby-silver-penny.json

Готово: /Users/mihail/Desktop/Нумизматика сайт/omonete-app/data/royal-mint-2025-baby-silver-penny.json
Загрузка PDP: https://www.royalmint.com/gifts/2025-baby-silver-penny
Классификация картинок: {
  "obverse": "https://www.royalmint.com/globalassets/_ecommerce/commemorative/launches/2025-launches/january-gifting-launch/product-images/uk25pgb---2025-baby-silver-penny-obverse-1500x1500-f3a2c67.jpg",
  "reverse": "https://www.royalmint.com/globalassets/_ecommerce/commemorative/launches/2025-launches/january-gifting-launch/product-images/uk25pgb---2025-baby-silver-penny-reverse-1500x1500-f3a2c67.jpg",
  "blister_obverse": null,
  "blister_reverse": null,
  "box": null,
  "certificate": null
}

────────── Как увидеть монету на сайте (localhost) ──────────
Быстро (парсинг + public/data в один заход): npm run royal-mint:preview
  (или уже есть JSON: npx tsx scripts/royal-mint-to-public-catalog.ts "/Users/mihail/Desktop/Нумизматика сайт/omonete-app/data/royal-mint-2025-baby-silver-penny.json")
Потом: npm run dev → http://localhost:3000/coins/991001/ (или ROYAL_MINT_LOCAL_ID)
Картинки (если скачались): public/image/coins/foreign/ — пути уже в JSON монеты.
В БД: npm run royal-mint:import → npm run data:export (или data:export:incremental).

——— [9/192] ———
 https://www.royalmint.com/gifts/2026-baby-silver-penny
Блок характеристик: div.mod-section.specification — найден, полей в specs: 9
  ✓ 2026-baby-silver-penny-rev.webp
  ✓ 2026-baby-silver-penny-blister-rev.webp
__RM_JSON__ /Users/mihail/Desktop/Нумизматика сайт/omonete-app/data/royal-mint-2026-baby-silver-penny.json

Готово: /Users/mihail/Desktop/Нумизматика сайт/omonete-app/data/royal-mint-2026-baby-silver-penny.json
Загрузка PDP: https://www.royalmint.com/gifts/2026-baby-silver-penny
Классификация картинок: {
  "obverse": null,
  "reverse": "https://www.royalmint.com/globalassets/_ecommerce/invest/launches/2026/britannia/products/silver-1-oz/bb26s1c---2026-bullion-britannia-1oz-silver-reverse-tube.jpg",
  "blister_obverse": null,
  "blister_reverse": "https://www.royalmint.com/globalassets/_ecommerce/invest/launches/2026/britannia/products/silver-1-oz/bb26s1c---2026-bullion-britannia-1oz-silver-reverse-capsule.jpg",
  "box": null,
  "certificate": null
}

────────── Как увидеть монету на сайте (localhost) ──────────
Быстро (парсинг + public/data в один заход): npm run royal-mint:preview
  (или уже есть JSON: npx tsx scripts/royal-mint-to-public-catalog.ts "/Users/mihail/Desktop/Нумизматика сайт/omonete-app/data/royal-mint-2026-baby-silver-penny.json")
Потом: npm run dev → http://localhost:3000/coins/991001/ (или ROYAL_MINT_LOCAL_ID)
Картинки (если скачались): public/image/coins/foreign/ — пути уже в JSON монеты.
В БД: npm run royal-mint:import → npm run data:export (или data:export:incremental).

——— [10/192] ———
 https://www.royalmint.com/gifts/sixpence/2024-silver-sixpence
Блок характеристик: div.mod-section.specification — найден, полей в specs: 10
  ✓ 2024-silver-sixpence-obv.webp
  ✓ 2024-silver-sixpence-rev.webp
__RM_JSON__ /Users/mihail/Desktop/Нумизматика сайт/omonete-app/data/royal-mint-2024-silver-sixpence.json

Готово: /Users/mihail/Desktop/Нумизматика сайт/omonete-app/data/royal-mint-2024-silver-sixpence.json
Загрузка PDP: https://www.royalmint.com/gifts/sixpence/2024-silver-sixpence
Классификация картинок: {
  "obverse": "https://www.royalmint.com/globalassets/_ecommerce/commemorative/launches/2024-launches/sixpence/product-images/uk24wssp---2024-wedding-silver-sixpence-obverse-1500x1500-f3a2c67.jpg",
  "reverse": "https://www.royalmint.com/globalassets/_ecommerce/commemorative/launches/2024-launches/sixpence/product-images/uk24wssp---2024-wedding-silver-sixpence-reverse-1500x1500-f3a2c67.jpg",
  "blister_obverse": null,
  "blister_reverse": null,
  "box": null,
  "certificate": null
}

────────── Как увидеть монету на сайте (localhost) ──────────
Быстро (парсинг + public/data в один заход): npm run royal-mint:preview
  (или уже есть JSON: npx tsx scripts/royal-mint-to-public-catalog.ts "/Users/mihail/Desktop/Нумизматика сайт/omonete-app/data/royal-mint-2024-silver-sixpence.json")
Потом: npm run dev → http://localhost:3000/coins/991001/ (или ROYAL_MINT_LOCAL_ID)
Картинки (если скачались): public/image/coins/foreign/ — пути уже в JSON монеты.
В БД: npm run royal-mint:import → npm run data:export (или data:export:incremental).

——— [11/192] ———
 https://www.royalmint.com/gifts/sixpence/2024-wedding-silver-sixpence
Блок характеристик: div.mod-section.specification — найден, полей в specs: 8
  ✓ 2024-wedding-silver-sixpence-rev.webp
  ✓ 2024-wedding-silver-sixpence-blister-rev.webp
__RM_JSON__ /Users/mihail/Desktop/Нумизматика сайт/omonete-app/data/royal-mint-2024-wedding-silver-sixpence.json

Готово: /Users/mihail/Desktop/Нумизматика сайт/omonete-app/data/royal-mint-2024-wedding-silver-sixpence.json
Загрузка PDP: https://www.royalmint.com/gifts/sixpence/2024-wedding-silver-sixpence
Классификация картинок: {
  "obverse": null,
  "reverse": "https://www.royalmint.com/globalassets/_ecommerce/invest/launches/2026/britannia/products/silver-1-oz/bb26s1c---2026-bullion-britannia-1oz-silver-reverse-tube.jpg",
  "blister_obverse": null,
  "blister_reverse": "https://www.royalmint.com/globalassets/_ecommerce/invest/launches/2026/britannia/products/silver-1-oz/bb26s1c---2026-bullion-britannia-1oz-silver-reverse-capsule.jpg",
  "box": null,
  "certificate": null
}

────────── Как увидеть монету на сайте (localhost) ──────────
Быстро (парсинг + public/data в один заход): npm run royal-mint:preview
  (или уже есть JSON: npx tsx scripts/royal-mint-to-public-catalog.ts "/Users/mihail/Desktop/Нумизматика сайт/omonete-app/data/royal-mint-2024-wedding-silver-sixpence.json")
Потом: npm run dev → http://localhost:3000/coins/991001/ (или ROYAL_MINT_LOCAL_ID)
Картинки (если скачались): public/image/coins/foreign/ — пути уже в JSON монеты.
В БД: npm run royal-mint:import → npm run data:export (или data:export:incremental).

——— [12/192] ———
 https://www.royalmint.com/gifts/sixpence/2025-silver-sixpence
Блок характеристик: div.mod-section.specification — найден, полей в specs: 10
  ✓ 2025-silver-sixpence-obv.webp
  ✓ 2025-silver-sixpence-rev.webp
__RM_JSON__ /Users/mihail/Desktop/Нумизматика сайт/omonete-app/data/royal-mint-2025-silver-sixpence.json

Готово: /Users/mihail/Desktop/Нумизматика сайт/omonete-app/data/royal-mint-2025-silver-sixpence.json
Загрузка PDP: https://www.royalmint.com/gifts/sixpence/2025-silver-sixpence
Классификация картинок: {
  "obverse": "https://www.royalmint.com/globalassets/_ecommerce/commemorative/launches/2025-launches/january-gifting-launch/product-images/the-2025-silver-sixpence-obverse-alt---uk25spsp-1500x1500-f3a2c67.jpg",
  "reverse": "https://www.royalmint.com/globalassets/_ecommerce/commemorative/launches/2025-launches/january-gifting-launch/product-images/the-2025-silver-sixpence-reverse---uk25spsp-1500x1500-f3a2c67.jpg",
  "blister_obverse": null,
  "blister_reverse": null,
  "box": null,
  "certificate": null
}

────────── Как увидеть монету на сайте (localhost) ──────────
Быстро (парсинг + public/data в один заход): npm run royal-mint:preview
  (или уже есть JSON: npx tsx scripts/royal-mint-to-public-catalog.ts "/Users/mihail/Desktop/Нумизматика сайт/omonete-app/data/royal-mint-2025-silver-sixpence.json")
Потом: npm run dev → http://localhost:3000/coins/991001/ (или ROYAL_MINT_LOCAL_ID)
Картинки (если скачались): public/image/coins/foreign/ — пути уже в JSON монеты.
В БД: npm run royal-mint:import → npm run data:export (или data:export:incremental).

——— [13/192] ———
 https://www.royalmint.com/gifts/sixpence/2026-silver-sixpence
Блок характеристик: div.mod-section.specification — найден, полей в specs: 10
__RM_JSON__ /Users/mihail/Desktop/Нумизматика сайт/omonete-app/data/royal-mint-2026-silver-sixpence.json

Готово: /Users/mihail/Desktop/Нумизматика сайт/omonete-app/data/royal-mint-2026-silver-sixpence.json
Загрузка PDP: https://www.royalmint.com/gifts/sixpence/2026-silver-sixpence
Классификация картинок: {
  "obverse": null,
  "reverse": null,
  "blister_obverse": null,
  "blister_reverse": null,
  "box": null,
  "certificate": null
}

────────── Как увидеть монету на сайте (localhost) ──────────
Быстро (парсинг + public/data в один заход): npm run royal-mint:preview
  (или уже есть JSON: npx tsx scripts/royal-mint-to-public-catalog.ts "/Users/mihail/Desktop/Нумизматика сайт/omonete-app/data/royal-mint-2026-silver-sixpence.json")
Потом: npm run dev → http://localhost:3000/coins/991001/ (или ROYAL_MINT_LOCAL_ID)
Картинки (если скачались): public/image/coins/foreign/ — пути уже в JSON монеты.
В БД: npm run royal-mint:import → npm run data:export (или data:export:incremental).

——— [14/192] ———
 https://www.royalmint.com/great-engravers/the-william-iv-crown/the-merlen-shield-silver-two-coin-set
Блок характеристик: div.mod-section.specification — найден, полей в specs: 11
  ✓ the-merlen-shield-silver-two-coin-set-rev.webp
  ✓ the-merlen-shield-silver-two-coin-set-blister-rev.webp
__RM_JSON__ /Users/mihail/Desktop/Нумизматика сайт/omonete-app/data/royal-mint-the-merlen-shield-silver-two-coin-set.json

Готово: /Users/mihail/Desktop/Нумизматика сайт/omonete-app/data/royal-mint-the-merlen-shield-silver-two-coin-set.json
Загрузка PDP: https://www.royalmint.com/great-engravers/the-william-iv-crown/the-merlen-shield-silver-two-coin-set
Классификация картинок: {
  "obverse": null,
  "reverse": "https://www.royalmint.com/globalassets/_ecommerce/invest/launches/2026/britannia/products/silver-1-oz/bb26s1c---2026-bullion-britannia-1oz-silver-reverse-tube.jpg",
  "blister_obverse": null,
  "blister_reverse": "https://www.royalmint.com/globalassets/_ecommerce/invest/launches/2026/britannia/products/silver-1-oz/bb26s1c---2026-bullion-britannia-1oz-silver-reverse-capsule.jpg",
  "box": null,
  "certificate": null
}

────────── Как увидеть монету на сайте (localhost) ──────────
Быстро (парсинг + public/data в один заход): npm run royal-mint:preview
  (или уже есть JSON: npx tsx scripts/royal-mint-to-public-catalog.ts "/Users/mihail/Desktop/Нумизматика сайт/omonete-app/data/royal-mint-the-merlen-shield-silver-two-coin-set.json")
Потом: npm run dev → http://localhost:3000/coins/991001/ (или ROYAL_MINT_LOCAL_ID)
Картинки (если скачались): public/image/coins/foreign/ — пути уже в JSON монеты.
В БД: npm run royal-mint:import → npm run data:export (или data:export:incremental).

——— [15/192] ———
 https://www.royalmint.com/great-engravers/the-william-iv-crown/uk26wc5s
Блок характеристик: div.mod-section.specification — найден, полей в specs: 11
__RM_JSON__ /Users/mihail/Desktop/Нумизматика сайт/omonete-app/data/royal-mint-uk26wc5s.json

Готово: /Users/mihail/Desktop/Нумизматика сайт/omonete-app/data/royal-mint-uk26wc5s.json
Загрузка PDP: https://www.royalmint.com/great-engravers/the-william-iv-crown/uk26wc5s
Классификация картинок: {
  "obverse": null,
  "reverse": null,
  "blister_obverse": null,
  "blister_reverse": null,
  "box": null,
  "certificate": null
}

────────── Как увидеть монету на сайте (localhost) ──────────
Быстро (парсинг + public/data в один заход): npm run royal-mint:preview
  (или уже есть JSON: npx tsx scripts/royal-mint-to-public-catalog.ts "/Users/mihail/Desktop/Нумизматика сайт/omonete-app/data/royal-mint-uk26wc5s.json")
Потом: npm run dev → http://localhost:3000/coins/991001/ (или ROYAL_MINT_LOCAL_ID)
Картинки (если скачались): public/image/coins/foreign/ — пути уже в JSON монеты.
В БД: npm run royal-mint:import → npm run data:export (или data:export:incremental).

——— [16/192] ———
 https://www.royalmint.com/great-engravers/the-william-iv-crown/william-iv-crown-2026-10oz-silver-proof-coin
Блок характеристик: div.mod-section.specification — найден, полей в specs: 11
__RM_JSON__ /Users/mihail/Desktop/Нумизматика сайт/omonete-app/data/royal-mint-william-iv-crown-2026-10oz-silver-proof-coin.json

Готово: /Users/mihail/Desktop/Нумизматика сайт/omonete-app/data/royal-mint-william-iv-crown-2026-10oz-silver-proof-coin.json
Загрузка PDP: https://www.royalmint.com/great-engravers/the-william-iv-crown/william-iv-crown-2026-10oz-silver-proof-coin
Классификация картинок: {
  "obverse": null,
  "reverse": null,
  "blister_obverse": null,
  "blister_reverse": null,
  "box": null,
  "certificate": null
}

────────── Как увидеть монету на сайте (localhost) ──────────
Быстро (парсинг + public/data в один заход): npm run royal-mint:preview
  (или уже есть JSON: npx tsx scripts/royal-mint-to-public-catalog.ts "/Users/mihail/Desktop/Нумизматика сайт/omonete-app/data/royal-mint-william-iv-crown-2026-10oz-silver-proof-coin.json")
Потом: npm run dev → http://localhost:3000/coins/991001/ (или ROYAL_MINT_LOCAL_ID)
Картинки (если скачались): public/image/coins/foreign/ — пути уже в JSON монеты.
В БД: npm run royal-mint:import → npm run data:export (или data:export:incremental).

——— [17/192] ———
 https://www.royalmint.com/great-engravers/the-william-iv-crown/william-iv-crown-2026-2oz-silver-proof-coin
Блок характеристик: div.mod-section.specification — найден, полей в specs: 11
__RM_JSON__ /Users/mihail/Desktop/Нумизматика сайт/omonete-app/data/royal-mint-william-iv-crown-2026-2oz-silver-proof-coin.json

Готово: /Users/mihail/Desktop/Нумизматика сайт/omonete-app/data/royal-mint-william-iv-crown-2026-2oz-silver-proof-coin.json
Загрузка PDP: https://www.royalmint.com/great-engravers/the-william-iv-crown/william-iv-crown-2026-2oz-silver-proof-coin
Классификация картинок: {
  "obverse": null,
  "reverse": null,
  "blister_obverse": null,
  "blister_reverse": null,
  "box": null,
  "certificate": null
}

────────── Как увидеть монету на сайте (localhost) ──────────
Быстро (парсинг + public/data в один заход): npm run royal-mint:preview
  (или уже есть JSON: npx tsx scripts/royal-mint-to-public-catalog.ts "/Users/mihail/Desktop/Нумизматика сайт/omonete-app/data/royal-mint-william-iv-crown-2026-2oz-silver-proof-coin.json")
Потом: npm run dev → http://localhost:3000/coins/991001/ (или ROYAL_MINT_LOCAL_ID)
Картинки (если скачались): public/image/coins/foreign/ — пути уже в JSON монеты.
В БД: npm run royal-mint:import → npm run data:export (или data:export:incremental).

——— [18/192] ———
 https://www.royalmint.com/great-engravers/waterloo-medal/the-waterloo-medal-victory-2025-2oz-silver-proof-coin
Блок характеристик: div.mod-section.specification — найден, полей в specs: 11
  ✓ the-waterloo-medal-victory-2025-2oz-silver-proof-coin-obv.webp
  ✓ the-waterloo-medal-victory-2025-2oz-silver-proof-coin-rev.webp
  ✓ the-waterloo-medal-victory-2025-2oz-silver-proof-coin-box.webp
__RM_JSON__ /Users/mihail/Desktop/Нумизматика сайт/omonete-app/data/royal-mint-the-waterloo-medal-victory-2025-2oz-silver-proof-coin.json

Готово: /Users/mihail/Desktop/Нумизматика сайт/omonete-app/data/royal-mint-the-waterloo-medal-victory-2025-2oz-silver-proof-coin.json
Загрузка PDP: https://www.royalmint.com/great-engravers/waterloo-medal/the-waterloo-medal-victory-2025-2oz-silver-proof-coin
Классификация картинок: {
  "obverse": "https://www.royalmint.com/globalassets/_ecommerce/commemorative/launches/2025-launches/waterloo-medal---victory/product-images/2oz-silver/the-waterloo-medal---victory-2025-uk-2oz-silver-proof-coin-obverse-edge---uk25wm2s-1500x1500-f3a2c67.jpg",
  "reverse": "https://www.royalmint.com/globalassets/_ecommerce/commemorative/launches/2025-launches/waterloo-medal---victory/product-images/2oz-silver/the-waterloo-medal---victory-2025-uk-2oz-silver-proof-coin-reverse-edge---uk25wm2s-1500x1500-f3a2c67.jpg",
  "blister_obverse": null,
  "blister_reverse": null,
  "box": "https://www.royalmint.com/globalassets/_ecommerce/commemorative/launches/2025-launches/waterloo-medal---victory/product-images/2oz-silver/the-waterloo-medal---victory-2025-uk-2oz-silver-proof-coin-case-left---uk25wm2s-1500x1500-f3a2c67.jpg",
  "certificate": null
}

────────── Как увидеть монету на сайте (localhost) ──────────
Быстро (парсинг + public/data в один заход): npm run royal-mint:preview
  (или уже есть JSON: npx tsx scripts/royal-mint-to-public-catalog.ts "/Users/mihail/Desktop/Нумизматика сайт/omonete-app/data/royal-mint-the-waterloo-medal-victory-2025-2oz-silver-proof-coin.json")
Потом: npm run dev → http://localhost:3000/coins/991001/ (или ROYAL_MINT_LOCAL_ID)
Картинки (если скачались): public/image/coins/foreign/ — пути уже в JSON монеты.
В БД: npm run royal-mint:import → npm run data:export (или data:export:incremental).

——— [19/192] ———
 https://www.royalmint.com/great-engravers/waterloo-medal/the-waterloo-medal-victory-2025-5oz-silver-proof-coin
Блок характеристик: div.mod-section.specification — найден, полей в specs: 11
  ✓ the-waterloo-medal-victory-2025-5oz-silver-proof-coin-obv.webp
  ✓ the-waterloo-medal-victory-2025-5oz-silver-proof-coin-rev.webp
  ✓ the-waterloo-medal-victory-2025-5oz-silver-proof-coin-box.webp
__RM_JSON__ /Users/mihail/Desktop/Нумизматика сайт/omonete-app/data/royal-mint-the-waterloo-medal-victory-2025-5oz-silver-proof-coin.json

Готово: /Users/mihail/Desktop/Нумизматика сайт/omonete-app/data/royal-mint-the-waterloo-medal-victory-2025-5oz-silver-proof-coin.json
Загрузка PDP: https://www.royalmint.com/great-engravers/waterloo-medal/the-waterloo-medal-victory-2025-5oz-silver-proof-coin
Классификация картинок: {
  "obverse": "https://www.royalmint.com/globalassets/_ecommerce/commemorative/launches/2025-launches/waterloo-medal---victory/product-images/5oz-silver/the-waterloo-medal---victory-2025-uk-5oz-silver-proof-coin-obverse-edge---uk25wm5s-1500x1500-f3a2c67.jpg",
  "reverse": "https://www.royalmint.com/globalassets/_ecommerce/commemorative/launches/2025-launches/waterloo-medal---victory/product-images/5oz-silver/the-waterloo-medal---victory-2025-uk-5oz-silver-proof-coin-reverse-edge---uk25wm5s-1500x1500-f3a2c67.jpg",
  "blister_obverse": null,
  "blister_reverse": null,
  "box": "https://www.royalmint.com/globalassets/_ecommerce/commemorative/launches/2025-launches/waterloo-medal---victory/product-images/5oz-silver/the-waterloo-medal---victory-2025-uk-5oz-silver-proof-coin-case-left---uk25wm5s-1500x1500-f3a2c67.jpg",
  "certificate": null
}

────────── Как увидеть монету на сайте (localhost) ──────────
Быстро (парсинг + public/data в один заход): npm run royal-mint:preview
  (или уже есть JSON: npx tsx scripts/royal-mint-to-public-catalog.ts "/Users/mihail/Desktop/Нумизматика сайт/omonete-app/data/royal-mint-the-waterloo-medal-victory-2025-5oz-silver-proof-coin.json")
Потом: npm run dev → http://localhost:3000/coins/991001/ (или ROYAL_MINT_LOCAL_ID)
Картинки (если скачались): public/image/coins/foreign/ — пути уже в JSON монеты.
В БД: npm run royal-mint:import → npm run data:export (или data:export:incremental).

——— [20/192] ———
 https://www.royalmint.com/invest/bullion/bullion-coins/silver-coins/2oz-silver-bullion-coins/rqp252s--the-royal-tudor-beasts-2025-queens-panther-2oz-silver-bullion-coin
Блок характеристик: div.mod-section.specification — найден, полей в specs: 11
  ✓ rqp252s-the-royal-tudor-beasts-2025-queens-panther-2oz-silver-bullion-coin-obv.webp
  ✓ rqp252s-the-royal-tudor-beasts-2025-queens-panther-2oz-silver-bullion-coin-rev.webp
  ✓ rqp252s-the-royal-tudor-beasts-2025-queens-panther-2oz-silver-bullion-coin-blister-obv.webp
  ✓ rqp252s-the-royal-tudor-beasts-2025-queens-panther-2oz-silver-bullion-coin-blister-rev.webp
__RM_JSON__ /Users/mihail/Desktop/Нумизматика сайт/omonete-app/data/royal-mint-rqp252s-the-royal-tudor-beasts-2025-queens-panther-2oz-silver-bullion-coin.json

Готово: /Users/mihail/Desktop/Нумизматика сайт/omonete-app/data/royal-mint-rqp252s-the-royal-tudor-beasts-2025-queens-panther-2oz-silver-bullion-coin.json
Загрузка PDP: https://www.royalmint.com/invest/bullion/bullion-coins/silver-coins/2oz-silver-bullion-coins/rqp252s--the-royal-tudor-beasts-2025-queens-panther-2oz-silver-bullion-coin
Классификация картинок: {
  "obverse": "https://www.royalmint.com/globalassets/_ecommerce/invest/launches/rtb-panther/products/silver/rqp252s---2025-bullion-royal-tudor-beasts-queens-panther-silver-2oz-coin-obverse-edge-1500x1500-f3a2c67.jpg",
  "reverse": "https://www.royalmint.com/globalassets/_ecommerce/invest/launches/rtb-panther/products/silver/rqp252s---2025-bullion-royal-tudor-beasts-queens-panther-silver-2oz-coin-reverse-edge-1500x1500-f3a2c67.jpg",
  "blister_obverse": "https://www.royalmint.com/globalassets/_ecommerce/invest/launches/rtb-panther/products/silver/rqp252s---2025-bullion-royal-tudor-beasts-queens-panther-silver-2oz-coin-obverse-capsule-1500x1500-f3a2c67.jpg",
  "blister_reverse": "https://www.royalmint.com/globalassets/_ecommerce/invest/launches/rtb-panther/products/silver/rqp252s---2025-bullion-royal-tudor-beasts-queens-panther-silver-2oz-coin-reverse-capsule-1500x1500-f3a2c67.jpg",
  "box": null,
  "certificate": null
}

────────── Как увидеть монету на сайте (localhost) ──────────
Быстро (парсинг + public/data в один заход): npm run royal-mint:preview
  (или уже есть JSON: npx tsx scripts/royal-mint-to-public-catalog.ts "/Users/mihail/Desktop/Нумизматика сайт/omonete-app/data/royal-mint-rqp252s-the-royal-tudor-beasts-2025-queens-panther-2oz-silver-bullion-coin.json")
Потом: npm run dev → http://localhost:3000/coins/991001/ (или ROYAL_MINT_LOCAL_ID)
Картинки (если скачались): public/image/coins/foreign/ — пути уже в JSON монеты.
В БД: npm run royal-mint:import → npm run data:export (или data:export:incremental).

——— [21/192] ———
 https://www.royalmint.com/invest/bullion/bullion-coins/silver-coins/2oz-silver-bullion-coins/RTGR252S-The-Royal-Tudor-Beasts-2025-Greyhound-of-Richmond-2oz-Silver-Bullion-Coin
Блок характеристик: div.mod-section.specification — найден, полей в specs: 11
  ✓ rtgr252s-the-royal-tudor-beasts-2025-greyhound-of-richmond-2oz-silver-bullion-coin-rev.webp
  ✓ rtgr252s-the-royal-tudor-beasts-2025-greyhound-of-richmond-2oz-silver-bullion-coin-blister-rev.webp
__RM_JSON__ /Users/mihail/Desktop/Нумизматика сайт/omonete-app/data/royal-mint-rtgr252s-the-royal-tudor-beasts-2025-greyhound-of-richmond-2oz-silver-bullion-coin.json

Готово: /Users/mihail/Desktop/Нумизматика сайт/omonete-app/data/royal-mint-rtgr252s-the-royal-tudor-beasts-2025-greyhound-of-richmond-2oz-silver-bullion-coin.json
Загрузка PDP: https://www.royalmint.com/invest/bullion/bullion-coins/silver-coins/2oz-silver-bullion-coins/RTGR252S-The-Royal-Tudor-Beasts-2025-Greyhound-of-Richmond-2oz-Silver-Bullion-Coin
Классификация картинок: {
  "obverse": null,
  "reverse": "https://www.royalmint.com/globalassets/_ecommerce/invest/launches/2026/britannia/products/silver-1-oz/bb26s1c---2026-bullion-britannia-1oz-silver-reverse-tube.jpg",
  "blister_obverse": null,
  "blister_reverse": "https://www.royalmint.com/globalassets/_ecommerce/invest/launches/2026/britannia/products/silver-1-oz/bb26s1c---2026-bullion-britannia-1oz-silver-reverse-capsule.jpg",
  "box": null,
  "certificate": null
}

────────── Как увидеть монету на сайте (localhost) ──────────
Быстро (парсинг + public/data в один заход): npm run royal-mint:preview
  (или уже есть JSON: npx tsx scripts/royal-mint-to-public-catalog.ts "/Users/mihail/Desktop/Нумизматика сайт/omonete-app/data/royal-mint-rtgr252s-the-royal-tudor-beasts-2025-greyhound-of-richmond-2oz-silver-bullion-coin.json")
Потом: npm run dev → http://localhost:3000/coins/991001/ (или ROYAL_MINT_LOCAL_ID)
Картинки (если скачались): public/image/coins/foreign/ — пути уже в JSON монеты.
В БД: npm run royal-mint:import → npm run data:export (или data:export:incremental).

——— [22/192] ———
 https://www.royalmint.com/invest/bullion/bullion-coins/silver-coins/bb26s1c-britannia-2026-1oz-silver-bullion-coin
Блок характеристик: div.mod-section.specification — найден, полей в specs: 12
  ✓ bb26s1c-britannia-2026-1oz-silver-bullion-coin-obv.webp
  ✓ bb26s1c-britannia-2026-1oz-silver-bullion-coin-rev.webp
  ✓ bb26s1c-britannia-2026-1oz-silver-bullion-coin-blister-obv.webp
  ✓ bb26s1c-britannia-2026-1oz-silver-bullion-coin-blister-rev.webp
__RM_JSON__ /Users/mihail/Desktop/Нумизматика сайт/omonete-app/data/royal-mint-bb26s1c-britannia-2026-1oz-silver-bullion-coin.json

Готово: /Users/mihail/Desktop/Нумизматика сайт/omonete-app/data/royal-mint-bb26s1c-britannia-2026-1oz-silver-bullion-coin.json
Загрузка PDP: https://www.royalmint.com/invest/bullion/bullion-coins/silver-coins/bb26s1c-britannia-2026-1oz-silver-bullion-coin
Классификация картинок: {
  "obverse": "https://www.royalmint.com/globalassets/_ecommerce/invest/launches/2026/britannia/products/silver-1-oz/bb26s1c---2026-bullion-britannia-1oz-silver-obverse-1500x1500-f3a2c67.jpg",
  "reverse": "https://www.royalmint.com/globalassets/_ecommerce/invest/launches/2026/britannia/products/silver-1-oz/bb26s1c---2026-bullion-britannia-1oz-silver-reverse-1500x1500-f3a2c67.jpg",
  "blister_obverse": "https://www.royalmint.com/globalassets/_ecommerce/invest/launches/2026/britannia/products/silver-1-oz/bb26s1c---2026-bullion-britannia-1oz-silver-obverse-capsule.jpg",
  "blister_reverse": "https://www.royalmint.com/globalassets/_ecommerce/invest/launches/2026/britannia/products/silver-1-oz/bb26s1c---2026-bullion-britannia-1oz-silver-reverse-capsule.jpg",
  "box": null,
  "certificate": null
}

────────── Как увидеть монету на сайте (localhost) ──────────
Быстро (парсинг + public/data в один заход): npm run royal-mint:preview
  (или уже есть JSON: npx tsx scripts/royal-mint-to-public-catalog.ts "/Users/mihail/Desktop/Нумизматика сайт/omonete-app/data/royal-mint-bb26s1c-britannia-2026-1oz-silver-bullion-coin.json")
Потом: npm run dev → http://localhost:3000/coins/991001/ (или ROYAL_MINT_LOCAL_ID)
Картинки (если скачались): public/image/coins/foreign/ — пути уже в JSON монеты.
В БД: npm run royal-mint:import → npm run data:export (или data:export:incremental).

——— [23/192] ———
 https://www.royalmint.com/invest/bullion/bullion-coins/silver-coins/britannia-2022-1-oz-silver-bullion-coin
Блок характеристик: div.mod-section.specification — найден, полей в specs: 12
  ✓ britannia-2022-1-oz-silver-bullion-coin-rev.webp
  ✓ britannia-2022-1-oz-silver-bullion-coin-blister-rev.webp
__RM_JSON__ /Users/mihail/Desktop/Нумизматика сайт/omonete-app/data/royal-mint-britannia-2022-1-oz-silver-bullion-coin.json

Готово: /Users/mihail/Desktop/Нумизматика сайт/omonete-app/data/royal-mint-britannia-2022-1-oz-silver-bullion-coin.json
Загрузка PDP: https://www.royalmint.com/invest/bullion/bullion-coins/silver-coins/britannia-2022-1-oz-silver-bullion-coin
Классификация картинок: {
  "obverse": null,
  "reverse": "https://www.royalmint.com/globalassets/_ecommerce/invest/launches/2026/britannia/products/silver-1-oz/bb26s1c---2026-bullion-britannia-1oz-silver-reverse-tube.jpg",
  "blister_obverse": null,
  "blister_reverse": "https://www.royalmint.com/globalassets/_ecommerce/invest/launches/2026/britannia/products/silver-1-oz/bb26s1c---2026-bullion-britannia-1oz-silver-reverse-capsule.jpg",
  "box": null,
  "certificate": null
}

────────── Как увидеть монету на сайте (localhost) ──────────
Быстро (парсинг + public/data в один заход): npm run royal-mint:preview
  (или уже есть JSON: npx tsx scripts/royal-mint-to-public-catalog.ts "/Users/mihail/Desktop/Нумизматика сайт/omonete-app/data/royal-mint-britannia-2022-1-oz-silver-bullion-coin.json")
Потом: npm run dev → http://localhost:3000/coins/991001/ (или ROYAL_MINT_LOCAL_ID)
Картинки (если скачались): public/image/coins/foreign/ — пути уже в JSON монеты.
В БД: npm run royal-mint:import → npm run data:export (или data:export:incremental).

——— [24/192] ———
 https://www.royalmint.com/invest/bullion/bullion-coins/silver-coins/count-dracula-2025-1oz-silver-bullion-coin
Блок характеристик: div.mod-section.specification — найден, полей в specs: 11
  ✓ count-dracula-2025-1oz-silver-bullion-coin-obv.webp
  ✓ count-dracula-2025-1oz-silver-bullion-coin-rev.webp
  ✓ count-dracula-2025-1oz-silver-bullion-coin-blister-obv.webp
__RM_JSON__ /Users/mihail/Desktop/Нумизматика сайт/omonete-app/data/royal-mint-count-dracula-2025-1oz-silver-bullion-coin.json

Готово: /Users/mihail/Desktop/Нумизматика сайт/omonete-app/data/royal-mint-count-dracula-2025-1oz-silver-bullion-coin.json
Загрузка PDP: https://www.royalmint.com/invest/bullion/bullion-coins/silver-coins/count-dracula-2025-1oz-silver-bullion-coin
Классификация картинок: {
  "obverse": "https://www.royalmint.com/globalassets/_ecommerce/invest/launches/2025/dracula/product-images/tt25s1---2025-uk-gothic-horror---dracula-1oz-silver-bullion-coin-obverse-edge.jpg",
  "reverse": "https://www.royalmint.com/globalassets/_ecommerce/invest/launches/2025/dracula/product-images/tt25s1---2025-uk-gothic-horror---dracula-1oz-silver-bullion-coin-reverse-caosule.jpg",
  "blister_obverse": "https://www.royalmint.com/globalassets/_ecommerce/invest/launches/2025/dracula/product-images/tt25s1---2025-uk-gothic-horror---dracula-1oz-silver-bullion-coin-obverse-capsule.jpg",
  "blister_reverse": null,
  "box": null,
  "certificate": null
}

────────── Как увидеть монету на сайте (localhost) ──────────
Быстро (парсинг + public/data в один заход): npm run royal-mint:preview
  (или уже есть JSON: npx tsx scripts/royal-mint-to-public-catalog.ts "/Users/mihail/Desktop/Нумизматика сайт/omonete-app/data/royal-mint-count-dracula-2025-1oz-silver-bullion-coin.json")
Потом: npm run dev → http://localhost:3000/coins/991001/ (или ROYAL_MINT_LOCAL_ID)
Картинки (если скачались): public/image/coins/foreign/ — пути уже в JSON монеты.
В БД: npm run royal-mint:import → npm run data:export (или data:export:incremental).

——— [25/192] ———
 https://www.royalmint.com/invest/bullion/bullion-coins/silver-coins/legendary-creatures-loch-ness-monster-2026-uk-1oz-silver-bullion-coin
Блок характеристик: div.mod-section.specification — найден, полей в specs: 10
  ✓ legendary-creatures-loch-ness-monster-2026-uk-1oz-silver-bullion-coin-obv.webp
  ✓ legendary-creatures-loch-ness-monster-2026-uk-1oz-silver-bullion-coin-rev.webp
  ✓ legendary-creatures-loch-ness-monster-2026-uk-1oz-silver-bullion-coin-blister-obv.webp
  ✓ legendary-creatures-loch-ness-monster-2026-uk-1oz-silver-bullion-coin-blister-rev.webp
__RM_JSON__ /Users/mihail/Desktop/Нумизматика сайт/omonete-app/data/royal-mint-legendary-creatures-loch-ness-monster-2026-uk-1oz-silver-bullion-coin.json

Готово: /Users/mihail/Desktop/Нумизматика сайт/omonete-app/data/royal-mint-legendary-creatures-loch-ness-monster-2026-uk-1oz-silver-bullion-coin.json
Загрузка PDP: https://www.royalmint.com/invest/bullion/bullion-coins/silver-coins/legendary-creatures-loch-ness-monster-2026-uk-1oz-silver-bullion-coin
Классификация картинок: {
  "obverse": "https://www.royalmint.com/globalassets/_ecommerce/invest/launches/2026/loch-ness/products/lc1251sc---2026-legendary-creatures---coin-1-1oz-silver-bullion-coin-obverse-edge.jpg",
  "reverse": "https://www.royalmint.com/globalassets/_ecommerce/invest/launches/2026/loch-ness/products/lc1251sc---2026-legendary-creatures---coin-1-1oz-silver-bullion-coin-reverse-edge.jpg",
  "blister_obverse": "https://www.royalmint.com/globalassets/_ecommerce/invest/launches/2026/loch-ness/products/lc1251sc---2026-legendary-creatures---coin-1-1oz-silver-bullion-coin-obverse-capsule.jpg",
  "blister_reverse": "https://www.royalmint.com/globalassets/_ecommerce/invest/launches/2026/loch-ness/products/lc1251sc---2026-legendary-creatures---coin-1-1oz-silver-bullion-coin-reverse-capsule.jpg",
  "box": null,
  "certificate": null
}

────────── Как увидеть монету на сайте (localhost) ──────────
Быстро (парсинг + public/data в один заход): npm run royal-mint:preview
  (или уже есть JSON: npx tsx scripts/royal-mint-to-public-catalog.ts "/Users/mihail/Desktop/Нумизматика сайт/omonete-app/data/royal-mint-legendary-creatures-loch-ness-monster-2026-uk-1oz-silver-bullion-coin.json")
Потом: npm run dev → http://localhost:3000/coins/991001/ (или ROYAL_MINT_LOCAL_ID)
Картинки (если скачались): public/image/coins/foreign/ — пути уже в JSON монеты.
В БД: npm run royal-mint:import → npm run data:export (или data:export:incremental).

——— [26/192] ———
 https://www.royalmint.com/invest/bullion/bullion-coins/silver-coins/merlin-2025-10oz-bullion-coin
Блок характеристик: div.mod-section.specification — найден, полей в specs: 11
  ✓ merlin-2025-10oz-bullion-coin-rev.webp
  ✓ merlin-2025-10oz-bullion-coin-blister-rev.webp
__RM_JSON__ /Users/mihail/Desktop/Нумизматика сайт/omonete-app/data/royal-mint-merlin-2025-10oz-bullion-coin.json

Готово: /Users/mihail/Desktop/Нумизматика сайт/omonete-app/data/royal-mint-merlin-2025-10oz-bullion-coin.json
Загрузка PDP: https://www.royalmint.com/invest/bullion/bullion-coins/silver-coins/merlin-2025-10oz-bullion-coin
Классификация картинок: {
  "obverse": null,
  "reverse": "https://www.royalmint.com/globalassets/_ecommerce/invest/launches/2026/britannia/products/silver-1-oz/bb26s1c---2026-bullion-britannia-1oz-silver-reverse-tube.jpg",
  "blister_obverse": null,
  "blister_reverse": "https://www.royalmint.com/globalassets/_ecommerce/invest/launches/2026/britannia/products/silver-1-oz/bb26s1c---2026-bullion-britannia-1oz-silver-reverse-capsule.jpg",
  "box": null,
  "certificate": null
}

────────── Как увидеть монету на сайте (localhost) ──────────
Быстро (парсинг + public/data в один заход): npm run royal-mint:preview
  (или уже есть JSON: npx tsx scripts/royal-mint-to-public-catalog.ts "/Users/mihail/Desktop/Нумизматика сайт/omonete-app/data/royal-mint-merlin-2025-10oz-bullion-coin.json")
Потом: npm run dev → http://localhost:3000/coins/991001/ (или ROYAL_MINT_LOCAL_ID)
Картинки (если скачались): public/image/coins/foreign/ — пути уже в JSON монеты.
В БД: npm run royal-mint:import → npm run data:export (или data:export:incremental).

——— [27/192] ———
 https://www.royalmint.com/invest/bullion/bullion-coins/silver-coins/the-british-lion-and-american-eagle-2024-1oz-silver-bullion-coin
Блок характеристик: div.mod-section.specification — найден, полей в specs: 11
  ✓ the-british-lion-and-american-eagle-2024-1oz-silver-bullion-coin-rev.webp
  ✓ the-british-lion-and-american-eagle-2024-1oz-silver-bullion-coin-blister-rev.webp
__RM_JSON__ /Users/mihail/Desktop/Нумизматика сайт/omonete-app/data/royal-mint-the-british-lion-and-american-eagle-2024-1oz-silver-bullion-coin.json

Готово: /Users/mihail/Desktop/Нумизматика сайт/omonete-app/data/royal-mint-the-british-lion-and-american-eagle-2024-1oz-silver-bullion-coin.json
Загрузка PDP: https://www.royalmint.com/invest/bullion/bullion-coins/silver-coins/the-british-lion-and-american-eagle-2024-1oz-silver-bullion-coin
Классификация картинок: {
  "obverse": null,
  "reverse": "https://www.royalmint.com/globalassets/_ecommerce/invest/launches/2026/britannia/products/silver-1-oz/bb26s1c---2026-bullion-britannia-1oz-silver-reverse-tube.jpg",
  "blister_obverse": null,
  "blister_reverse": "https://www.royalmint.com/globalassets/_ecommerce/invest/launches/2026/britannia/products/silver-1-oz/bb26s1c---2026-bullion-britannia-1oz-silver-reverse-capsule.jpg",
  "box": null,
  "certificate": null
}

────────── Как увидеть монету на сайте (localhost) ──────────
Быстро (парсинг + public/data в один заход): npm run royal-mint:preview
  (или уже есть JSON: npx tsx scripts/royal-mint-to-public-catalog.ts "/Users/mihail/Desktop/Нумизматика сайт/omonete-app/data/royal-mint-the-british-lion-and-american-eagle-2024-1oz-silver-bullion-coin.json")
Потом: npm run dev → http://localhost:3000/coins/991001/ (или ROYAL_MINT_LOCAL_ID)
Картинки (если скачались): public/image/coins/foreign/ — пути уже в JSON монеты.
В БД: npm run royal-mint:import → npm run data:export (или data:export:incremental).

——— [28/192] ———
 https://www.royalmint.com/invest/bullion/bullion-coins/silver-coins/the-royal-tudor-beasts-2023-yale-of-beaufort-10oz-silver-bullion-coin
Блок характеристик: div.mod-section.specification — найден, полей в specs: 11
  ✓ the-royal-tudor-beasts-2023-yale-of-beaufort-10oz-silver-bullion-coin-rev.webp
  ✓ the-royal-tudor-beasts-2023-yale-of-beaufort-10oz-silver-bullion-coin-blister-rev.webp
__RM_JSON__ /Users/mihail/Desktop/Нумизматика сайт/omonete-app/data/royal-mint-the-royal-tudor-beasts-2023-yale-of-beaufort-10oz-silver-bullion-coin.json

Готово: /Users/mihail/Desktop/Нумизматика сайт/omonete-app/data/royal-mint-the-royal-tudor-beasts-2023-yale-of-beaufort-10oz-silver-bullion-coin.json
Загрузка PDP: https://www.royalmint.com/invest/bullion/bullion-coins/silver-coins/the-royal-tudor-beasts-2023-yale-of-beaufort-10oz-silver-bullion-coin
Классификация картинок: {
  "obverse": null,
  "reverse": "https://www.royalmint.com/globalassets/_ecommerce/invest/launches/2026/britannia/products/silver-1-oz/bb26s1c---2026-bullion-britannia-1oz-silver-reverse-tube.jpg",
  "blister_obverse": null,
  "blister_reverse": "https://www.royalmint.com/globalassets/_ecommerce/invest/launches/2026/britannia/products/silver-1-oz/bb26s1c---2026-bullion-britannia-1oz-silver-reverse-capsule.jpg",
  "box": null,
  "certificate": null
}

────────── Как увидеть монету на сайте (localhost) ──────────
Быстро (парсинг + public/data в один заход): npm run royal-mint:preview
  (или уже есть JSON: npx tsx scripts/royal-mint-to-public-catalog.ts "/Users/mihail/Desktop/Нумизматика сайт/omonete-app/data/royal-mint-the-royal-tudor-beasts-2023-yale-of-beaufort-10oz-silver-bullion-coin.json")
Потом: npm run dev → http://localhost:3000/coins/991001/ (или ROYAL_MINT_LOCAL_ID)
Картинки (если скачались): public/image/coins/foreign/ — пути уже в JSON монеты.
В БД: npm run royal-mint:import → npm run data:export (или data:export:incremental).

——— [29/192] ———
 https://www.royalmint.com/invest/bullion/bullion-coins/silver-coins/the-royal-tudor-beasts-2026-queens-lion-10oz-silver-bullion-coin
Блок характеристик: div.mod-section.specification — найден, полей в specs: 11
  ✓ the-royal-tudor-beasts-2026-queens-lion-10oz-silver-bullion-coin-blister-rev.webp
__RM_JSON__ /Users/mihail/Desktop/Нумизматика сайт/omonete-app/data/royal-mint-the-royal-tudor-beasts-2026-queens-lion-10oz-silver-bullion-coin.json

Готово: /Users/mihail/Desktop/Нумизматика сайт/omonete-app/data/royal-mint-the-royal-tudor-beasts-2026-queens-lion-10oz-silver-bullion-coin.json
Загрузка PDP: https://www.royalmint.com/invest/bullion/bullion-coins/silver-coins/the-royal-tudor-beasts-2026-queens-lion-10oz-silver-bullion-coin
Классификация картинок: {
  "obverse": null,
  "reverse": null,
  "blister_obverse": null,
  "blister_reverse": "https://www.royalmint.com/globalassets/_ecommerce/invest/launches/2026/rtb/queens-lion/products/rtql2610sc---2026-bullion-royal-tudor-beasts-the-queens-lion-silver-10oz-reverse-capsule-1500x1500-f3a2c67.jpg",
  "box": null,
  "certificate": null
}

────────── Как увидеть монету на сайте (localhost) ──────────
Быстро (парсинг + public/data в один заход): npm run royal-mint:preview
  (или уже есть JSON: npx tsx scripts/royal-mint-to-public-catalog.ts "/Users/mihail/Desktop/Нумизматика сайт/omonete-app/data/royal-mint-the-royal-tudor-beasts-2026-queens-lion-10oz-silver-bullion-coin.json")
Потом: npm run dev → http://localhost:3000/coins/991001/ (или ROYAL_MINT_LOCAL_ID)
Картинки (если скачались): public/image/coins/foreign/ — пути уже в JSON монеты.
В БД: npm run royal-mint:import → npm run data:export (или data:export:incremental).

——— [30/192] ———
 https://www.royalmint.com/invest/bullion/bullion-coins/silver-coins/the-royal-tudor-beasts-2026-queens-lion-2oz-silver-bullion-coin
Блок характеристик: div.mod-section.specification — найден, полей в specs: 11
  ✓ the-royal-tudor-beasts-2026-queens-lion-2oz-silver-bullion-coin-obv.webp
  ✓ the-royal-tudor-beasts-2026-queens-lion-2oz-silver-bullion-coin-rev.webp
  ✓ the-royal-tudor-beasts-2026-queens-lion-2oz-silver-bullion-coin-blister-obv.webp
  ✓ the-royal-tudor-beasts-2026-queens-lion-2oz-silver-bullion-coin-blister-rev.webp
__RM_JSON__ /Users/mihail/Desktop/Нумизматика сайт/omonete-app/data/royal-mint-the-royal-tudor-beasts-2026-queens-lion-2oz-silver-bullion-coin.json

Готово: /Users/mihail/Desktop/Нумизматика сайт/omonete-app/data/royal-mint-the-royal-tudor-beasts-2026-queens-lion-2oz-silver-bullion-coin.json
Загрузка PDP: https://www.royalmint.com/invest/bullion/bullion-coins/silver-coins/the-royal-tudor-beasts-2026-queens-lion-2oz-silver-bullion-coin
Классификация картинок: {
  "obverse": "https://www.royalmint.com/globalassets/_ecommerce/invest/launches/2026/rtb/queens-lion/products/rtql262sc---2026-bullion-royal-tudor-beasts-the-queens-lion-silver-2oz-coin-obverse-edge-1500x1500-f3a2c67.jpg",
  "reverse": "https://www.royalmint.com/globalassets/_ecommerce/invest/launches/2026/rtb/queens-lion/products/rtql262sc---2026-bullion-royal-tudor-beasts-the-queens-lion-silver-2oz-coin-reverse-edge-1500x1500-f3a2c67.jpg",
  "blister_obverse": "https://www.royalmint.com/globalassets/_ecommerce/invest/launches/2026/rtb/queens-lion/products/rtql262sc---2026-bullion-royal-tudor-beasts-the-queens-lion-silver-2oz-coin-obverse-capsule-1500x1500-f3a2c67.jpg",
  "blister_reverse": "https://www.royalmint.com/globalassets/_ecommerce/invest/launches/2026/rtb/queens-lion/products/rtql262sc---2026-bullion-royal-tudor-beasts-the-queens-lion-silver-2oz-coin-reverse-capsule-1500x1500-f3a2c67.jpg",
  "box": null,
  "certificate": null
}

────────── Как увидеть монету на сайте (localhost) ──────────
Быстро (парсинг + public/data в один заход): npm run royal-mint:preview
  (или уже есть JSON: npx tsx scripts/royal-mint-to-public-catalog.ts "/Users/mihail/Desktop/Нумизматика сайт/omonete-app/data/royal-mint-the-royal-tudor-beasts-2026-queens-lion-2oz-silver-bullion-coin.json")
Потом: npm run dev → http://localhost:3000/coins/991001/ (или ROYAL_MINT_LOCAL_ID)
Картинки (если скачались): public/image/coins/foreign/ — пути уже в JSON монеты.
В БД: npm run royal-mint:import → npm run data:export (или data:export:incremental).

——— [31/192] ———
 https://www.royalmint.com/invest/bullion/uk-coin-ranges/world-coins/australian-kangaroo-2024-1oz-silver-bullion-coin
Блок характеристик: div.mod-section.specification — найден, полей в specs: 11
  ✓ australian-kangaroo-2024-1oz-silver-bullion-coin-rev.webp
  ✓ australian-kangaroo-2024-1oz-silver-bullion-coin-blister-rev.webp
__RM_JSON__ /Users/mihail/Desktop/Нумизматика сайт/omonete-app/data/royal-mint-australian-kangaroo-2024-1oz-silver-bullion-coin.json

Готово: /Users/mihail/Desktop/Нумизматика сайт/omonete-app/data/royal-mint-australian-kangaroo-2024-1oz-silver-bullion-coin.json
Загрузка PDP: https://www.royalmint.com/invest/bullion/uk-coin-ranges/world-coins/australian-kangaroo-2024-1oz-silver-bullion-coin
Классификация картинок: {
  "obverse": null,
  "reverse": "https://www.royalmint.com/globalassets/_ecommerce/invest/launches/2026/britannia/products/silver-1-oz/bb26s1c---2026-bullion-britannia-1oz-silver-reverse-tube.jpg",
  "blister_obverse": null,
  "blister_reverse": "https://www.royalmint.com/globalassets/_ecommerce/invest/launches/2026/britannia/products/silver-1-oz/bb26s1c---2026-bullion-britannia-1oz-silver-reverse-capsule.jpg",
  "box": null,
  "certificate": null
}

────────── Как увидеть монету на сайте (localhost) ──────────
Быстро (парсинг + public/data в один заход): npm run royal-mint:preview
  (или уже есть JSON: npx tsx scripts/royal-mint-to-public-catalog.ts "/Users/mihail/Desktop/Нумизматика сайт/omonete-app/data/royal-mint-australian-kangaroo-2024-1oz-silver-bullion-coin.json")
Потом: npm run dev → http://localhost:3000/coins/991001/ (или ROYAL_MINT_LOCAL_ID)
Картинки (если скачались): public/image/coins/foreign/ — пути уже в JSON монеты.
В БД: npm run royal-mint:import → npm run data:export (или data:export:incremental).

——— [32/192] ———
 https://www.royalmint.com/invest/bullion/uk-coin-ranges/world-coins/canadian-maple-leaf-2024-1oz-silver-bullion-coin
Блок характеристик: div.mod-section.specification — найден, полей в specs: 10
  ✓ canadian-maple-leaf-2024-1oz-silver-bullion-coin-rev.webp
  ✓ canadian-maple-leaf-2024-1oz-silver-bullion-coin-blister-rev.webp
__RM_JSON__ /Users/mihail/Desktop/Нумизматика сайт/omonete-app/data/royal-mint-canadian-maple-leaf-2024-1oz-silver-bullion-coin.json

Готово: /Users/mihail/Desktop/Нумизматика сайт/omonete-app/data/royal-mint-canadian-maple-leaf-2024-1oz-silver-bullion-coin.json
Загрузка PDP: https://www.royalmint.com/invest/bullion/uk-coin-ranges/world-coins/canadian-maple-leaf-2024-1oz-silver-bullion-coin
Классификация картинок: {
  "obverse": null,
  "reverse": "https://www.royalmint.com/globalassets/_ecommerce/invest/launches/2026/britannia/products/silver-1-oz/bb26s1c---2026-bullion-britannia-1oz-silver-reverse-tube.jpg",
  "blister_obverse": null,
  "blister_reverse": "https://www.royalmint.com/globalassets/_ecommerce/invest/launches/2026/britannia/products/silver-1-oz/bb26s1c---2026-bullion-britannia-1oz-silver-reverse-capsule.jpg",
  "box": null,
  "certificate": null
}

────────── Как увидеть монету на сайте (localhost) ──────────
Быстро (парсинг + public/data в один заход): npm run royal-mint:preview
  (или уже есть JSON: npx tsx scripts/royal-mint-to-public-catalog.ts "/Users/mihail/Desktop/Нумизматика сайт/omonete-app/data/royal-mint-canadian-maple-leaf-2024-1oz-silver-bullion-coin.json")
Потом: npm run dev → http://localhost:3000/coins/991001/ (или ROYAL_MINT_LOCAL_ID)
Картинки (если скачались): public/image/coins/foreign/ — пути уже в JSON монеты.
В БД: npm run royal-mint:import → npm run data:export (или data:export:incremental).

——— [33/192] ———
 https://www.royalmint.com/invest/bullion/uk-coin-ranges/world-coins/krugerrand-2024-1oz-silver-bullion-coin
Блок характеристик: div.mod-section.specification — найден, полей в specs: 10
  ✓ krugerrand-2024-1oz-silver-bullion-coin-rev.webp
  ✓ krugerrand-2024-1oz-silver-bullion-coin-blister-rev.webp
__RM_JSON__ /Users/mihail/Desktop/Нумизматика сайт/omonete-app/data/royal-mint-krugerrand-2024-1oz-silver-bullion-coin.json

Готово: /Users/mihail/Desktop/Нумизматика сайт/omonete-app/data/royal-mint-krugerrand-2024-1oz-silver-bullion-coin.json
Загрузка PDP: https://www.royalmint.com/invest/bullion/uk-coin-ranges/world-coins/krugerrand-2024-1oz-silver-bullion-coin
Классификация картинок: {
  "obverse": null,
  "reverse": "https://www.royalmint.com/globalassets/_ecommerce/invest/launches/2026/britannia/products/silver-1-oz/bb26s1c---2026-bullion-britannia-1oz-silver-reverse-tube.jpg",
  "blister_obverse": null,
  "blister_reverse": "https://www.royalmint.com/globalassets/_ecommerce/invest/launches/2026/britannia/products/silver-1-oz/bb26s1c---2026-bullion-britannia-1oz-silver-reverse-capsule.jpg",
  "box": null,
  "certificate": null
}

────────── Как увидеть монету на сайте (localhost) ──────────
Быстро (парсинг + public/data в один заход): npm run royal-mint:preview
  (или уже есть JSON: npx tsx scripts/royal-mint-to-public-catalog.ts "/Users/mihail/Desktop/Нумизматика сайт/omonete-app/data/royal-mint-krugerrand-2024-1oz-silver-bullion-coin.json")
Потом: npm run dev → http://localhost:3000/coins/991001/ (или ROYAL_MINT_LOCAL_ID)
Картинки (если скачались): public/image/coins/foreign/ — пути уже в JSON монеты.
В БД: npm run royal-mint:import → npm run data:export (или data:export:incremental).

——— [34/192] ———
 https://www.royalmint.com/lunar/year-of-the-horse/lunar-year-of-the-horse-1oz-silver-proof-coin
Блок характеристик: div.mod-section.specification — найден, полей в specs: 11
__RM_JSON__ /Users/mihail/Desktop/Нумизматика сайт/omonete-app/data/royal-mint-lunar-year-of-the-horse-1oz-silver-proof-coin.json

Готово: /Users/mihail/Desktop/Нумизматика сайт/omonete-app/data/royal-mint-lunar-year-of-the-horse-1oz-silver-proof-coin.json
Загрузка PDP: https://www.royalmint.com/lunar/year-of-the-horse/lunar-year-of-the-horse-1oz-silver-proof-coin
Классификация картинок: {
  "obverse": null,
  "reverse": null,
  "blister_obverse": null,
  "blister_reverse": null,
  "box": null,
  "certificate": null
}

────────── Как увидеть монету на сайте (localhost) ──────────
Быстро (парсинг + public/data в один заход): npm run royal-mint:preview
  (или уже есть JSON: npx tsx scripts/royal-mint-to-public-catalog.ts "/Users/mihail/Desktop/Нумизматика сайт/omonete-app/data/royal-mint-lunar-year-of-the-horse-1oz-silver-proof-coin.json")
Потом: npm run dev → http://localhost:3000/coins/991001/ (или ROYAL_MINT_LOCAL_ID)
Картинки (если скачались): public/image/coins/foreign/ — пути уже в JSON монеты.
В БД: npm run royal-mint:import → npm run data:export (или data:export:incremental).

——— [35/192] ———
 https://www.royalmint.com/lunar/year-of-the-snake/lunar-year-of-the-snake-2025-1oz-silver-proof-coin
Блок характеристик: div.mod-section.specification — найден, полей в specs: 11
__RM_JSON__ /Users/mihail/Desktop/Нумизматика сайт/omonete-app/data/royal-mint-lunar-year-of-the-snake-2025-1oz-silver-proof-coin.json

Готово: /Users/mihail/Desktop/Нумизматика сайт/omonete-app/data/royal-mint-lunar-year-of-the-snake-2025-1oz-silver-proof-coin.json
Загрузка PDP: https://www.royalmint.com/lunar/year-of-the-snake/lunar-year-of-the-snake-2025-1oz-silver-proof-coin
Классификация картинок: {
  "obverse": null,
  "reverse": null,
  "blister_obverse": null,
  "blister_reverse": null,
  "box": null,
  "certificate": null
}

────────── Как увидеть монету на сайте (localhost) ──────────
Быстро (парсинг + public/data в один заход): npm run royal-mint:preview
  (или уже есть JSON: npx tsx scripts/royal-mint-to-public-catalog.ts "/Users/mihail/Desktop/Нумизматика сайт/omonete-app/data/royal-mint-lunar-year-of-the-snake-2025-1oz-silver-proof-coin.json")
Потом: npm run dev → http://localhost:3000/coins/991001/ (или ROYAL_MINT_LOCAL_ID)
Картинки (если скачались): public/image/coins/foreign/ — пути уже в JSON монеты.
В БД: npm run royal-mint:import → npm run data:export (или data:export:incremental).

——— [36/192] ———
 https://www.royalmint.com/lunar/year-of-the-snake/lunar-year-of-the-snake-2025-5oz-silver-proof-coin
Блок характеристик: div.mod-section.specification — найден, полей в specs: 11
__RM_JSON__ /Users/mihail/Desktop/Нумизматика сайт/omonete-app/data/royal-mint-lunar-year-of-the-snake-2025-5oz-silver-proof-coin.json

Готово: /Users/mihail/Desktop/Нумизматика сайт/omonete-app/data/royal-mint-lunar-year-of-the-snake-2025-5oz-silver-proof-coin.json
Загрузка PDP: https://www.royalmint.com/lunar/year-of-the-snake/lunar-year-of-the-snake-2025-5oz-silver-proof-coin
Классификация картинок: {
  "obverse": null,
  "reverse": null,
  "blister_obverse": null,
  "blister_reverse": null,
  "box": null,
  "certificate": null
}

────────── Как увидеть монету на сайте (localhost) ──────────
Быстро (парсинг + public/data в один заход): npm run royal-mint:preview
  (или уже есть JSON: npx tsx scripts/royal-mint-to-public-catalog.ts "/Users/mihail/Desktop/Нумизматика сайт/omonete-app/data/royal-mint-lunar-year-of-the-snake-2025-5oz-silver-proof-coin.json")
Потом: npm run dev → http://localhost:3000/coins/991001/ (или ROYAL_MINT_LOCAL_ID)
Картинки (если скачались): public/image/coins/foreign/ — пути уже в JSON монеты.
В БД: npm run royal-mint:import → npm run data:export (или data:export:incremental).

——— [37/192] ———
 https://www.royalmint.com/shop/ancient-historic/trial-of-the-pyx/200-Years-of-the-RNLI-2024-UK-50p-Silver-Proof-Coin
Внимание: на странице не найден блок div.mod-section.specification — спеки взяты из остальных table (если есть).
__RM_JSON__ /Users/mihail/Desktop/Нумизматика сайт/omonete-app/data/royal-mint-200-years-of-the-rnli-2024-uk-50p-silver-proof-coin.json

Готово: /Users/mihail/Desktop/Нумизматика сайт/omonete-app/data/royal-mint-200-years-of-the-rnli-2024-uk-50p-silver-proof-coin.json
Исходная ссылка (listing): https://www.royalmint.com/shop/ancient-historic/trial-of-the-pyx/200-Years-of-the-RNLI-2024-UK-50p-Silver-Proof-Coin
Загрузка PDP: https://www.royalmint.com/invest/bullion/bullion-coins/silver-coins/200-Years-of-the-RNLI-2024-UK-50p-Silver-Proof-Coin/?listId=Silver_Coins&listName=Silver%20Coins
Классификация картинок: {
  "obverse": null,
  "reverse": null,
  "blister_obverse": null,
  "blister_reverse": null,
  "box": null,
  "certificate": null
}

────────── Как увидеть монету на сайте (localhost) ──────────
Быстро (парсинг + public/data в один заход): npm run royal-mint:preview
  (или уже есть JSON: npx tsx scripts/royal-mint-to-public-catalog.ts "/Users/mihail/Desktop/Нумизматика сайт/omonete-app/data/royal-mint-200-years-of-the-rnli-2024-uk-50p-silver-proof-coin.json")
Потом: npm run dev → http://localhost:3000/coins/991001/ (или ROYAL_MINT_LOCAL_ID)
Картинки (если скачались): public/image/coins/foreign/ — пути уже в JSON монеты.
В БД: npm run royal-mint:import → npm run data:export (или data:export:incremental).

——— [38/192] ———
 https://www.royalmint.com/shop/ancient-historic/trial-of-the-pyx/200-Years-of-the-RNLI-2024-UK-50p-Silver-Proof-Piedfort-Coin
Внимание: на странице не найден блок div.mod-section.specification — спеки взяты из остальных table (если есть).
__RM_JSON__ /Users/mihail/Desktop/Нумизматика сайт/omonete-app/data/royal-mint-200-years-of-the-rnli-2024-uk-50p-silver-proof-piedfort-coin.json

Готово: /Users/mihail/Desktop/Нумизматика сайт/omonete-app/data/royal-mint-200-years-of-the-rnli-2024-uk-50p-silver-proof-piedfort-coin.json
Исходная ссылка (listing): https://www.royalmint.com/shop/ancient-historic/trial-of-the-pyx/200-Years-of-the-RNLI-2024-UK-50p-Silver-Proof-Piedfort-Coin
Загрузка PDP: https://www.royalmint.com/invest/bullion/bullion-coins/silver-coins/200-Years-of-the-RNLI-2024-UK-50p-Silver-Proof-Piedfort-Coin/?listId=Silver_Coins&listName=Silver%20Coins
Классификация картинок: {
  "obverse": null,
  "reverse": null,
  "blister_obverse": null,
  "blister_reverse": null,
  "box": null,
  "certificate": null
}

────────── Как увидеть монету на сайте (localhost) ──────────
Быстро (парсинг + public/data в один заход): npm run royal-mint:preview
  (или уже есть JSON: npx tsx scripts/royal-mint-to-public-catalog.ts "/Users/mihail/Desktop/Нумизматика сайт/omonete-app/data/royal-mint-200-years-of-the-rnli-2024-uk-50p-silver-proof-piedfort-coin.json")
Потом: npm run dev → http://localhost:3000/coins/991001/ (или ROYAL_MINT_LOCAL_ID)
Картинки (если скачались): public/image/coins/foreign/ — пути уже в JSON монеты.
В БД: npm run royal-mint:import → npm run data:export (или data:export:incremental).

——— [39/192] ———
 https://www.royalmint.com/shop/ancient-historic/trial-of-the-pyx/archive/Charles-III-Definitives-2024-UK-2-Pound-Silver-Proof-Coin
Внимание: на странице не найден блок div.mod-section.specification — спеки взяты из остальных table (если есть).
__RM_JSON__ /Users/mihail/Desktop/Нумизматика сайт/omonete-app/data/royal-mint-charles-iii-definitives-2024-uk-2-pound-silver-proof-coin.json

Готово: /Users/mihail/Desktop/Нумизматика сайт/omonete-app/data/royal-mint-charles-iii-definitives-2024-uk-2-pound-silver-proof-coin.json
Исходная ссылка (listing): https://www.royalmint.com/shop/ancient-historic/trial-of-the-pyx/archive/Charles-III-Definitives-2024-UK-2-Pound-Silver-Proof-Coin
Загрузка PDP: https://www.royalmint.com/invest/bullion/bullion-coins/silver-coins/Charles-III-Definitives-2024-UK-2-Pound-Silver-Proof-Coin/?listId=Silver_Coins&listName=Silver%20Coins
Классификация картинок: {
  "obverse": null,
  "reverse": null,
  "blister_obverse": null,
  "blister_reverse": null,
  "box": null,
  "certificate": null
}

────────── Как увидеть монету на сайте (localhost) ──────────
Быстро (парсинг + public/data в один заход): npm run royal-mint:preview
  (или уже есть JSON: npx tsx scripts/royal-mint-to-public-catalog.ts "/Users/mihail/Desktop/Нумизматика сайт/omonete-app/data/royal-mint-charles-iii-definitives-2024-uk-2-pound-silver-proof-coin.json")
Потом: npm run dev → http://localhost:3000/coins/991001/ (или ROYAL_MINT_LOCAL_ID)
Картинки (если скачались): public/image/coins/foreign/ — пути уже в JSON монеты.
В БД: npm run royal-mint:import → npm run data:export (или data:export:incremental).

——— [40/192] ———
 https://www.royalmint.com/shop/ancient-historic/trial-of-the-pyx/archive/King-Charles-III-Definitives-2024-UK-50p-Silver-Proof-Coin
Внимание: на странице не найден блок div.mod-section.specification — спеки взяты из остальных table (если есть).
__RM_JSON__ /Users/mihail/Desktop/Нумизматика сайт/omonete-app/data/royal-mint-king-charles-iii-definitives-2024-uk-50p-silver-proof-coin.json

Готово: /Users/mihail/Desktop/Нумизматика сайт/omonete-app/data/royal-mint-king-charles-iii-definitives-2024-uk-50p-silver-proof-coin.json
Исходная ссылка (listing): https://www.royalmint.com/shop/ancient-historic/trial-of-the-pyx/archive/King-Charles-III-Definitives-2024-UK-50p-Silver-Proof-Coin
Загрузка PDP: https://www.royalmint.com/invest/bullion/bullion-coins/silver-coins/King-Charles-III-Definitives-2024-UK-50p-Silver-Proof-Coin/?listId=Silver_Coins&listName=Silver%20Coins
Классификация картинок: {
  "obverse": null,
  "reverse": null,
  "blister_obverse": null,
  "blister_reverse": null,
  "box": null,
  "certificate": null
}

────────── Как увидеть монету на сайте (localhost) ──────────
Быстро (парсинг + public/data в один заход): npm run royal-mint:preview
  (или уже есть JSON: npx tsx scripts/royal-mint-to-public-catalog.ts "/Users/mihail/Desktop/Нумизматика сайт/omonete-app/data/royal-mint-king-charles-iii-definitives-2024-uk-50p-silver-proof-coin.json")
Потом: npm run dev → http://localhost:3000/coins/991001/ (или ROYAL_MINT_LOCAL_ID)
Картинки (если скачались): public/image/coins/foreign/ — пути уже в JSON монеты.
В БД: npm run royal-mint:import → npm run data:export (или data:export:incremental).

——— [41/192] ———
 https://www.royalmint.com/shop/ancient-historic/trial-of-the-pyx/archive/The-Lion-and-The-Eagle-2024-UK-1-2oz-Silver-Proof-Coin
Внимание: на странице не найден блок div.mod-section.specification — спеки взяты из остальных table (если есть).
__RM_JSON__ /Users/mihail/Desktop/Нумизматика сайт/omonete-app/data/royal-mint-the-lion-and-the-eagle-2024-uk-1-2oz-silver-proof-coin.json

Готово: /Users/mihail/Desktop/Нумизматика сайт/omonete-app/data/royal-mint-the-lion-and-the-eagle-2024-uk-1-2oz-silver-proof-coin.json
Исходная ссылка (listing): https://www.royalmint.com/shop/ancient-historic/trial-of-the-pyx/archive/The-Lion-and-The-Eagle-2024-UK-1-2oz-Silver-Proof-Coin
Загрузка PDP: https://www.royalmint.com/invest/bullion/bullion-coins/silver-coins/The-Lion-and-The-Eagle-2024-UK-1-2oz-Silver-Proof-Coin/?listId=Silver_Coins&listName=Silver%20Coins
Классификация картинок: {
  "obverse": null,
  "reverse": null,
  "blister_obverse": null,
  "blister_reverse": null,
  "box": null,
  "certificate": null
}

────────── Как увидеть монету на сайте (localhost) ──────────
Быстро (парсинг + public/data в один заход): npm run royal-mint:preview
  (или уже есть JSON: npx tsx scripts/royal-mint-to-public-catalog.ts "/Users/mihail/Desktop/Нумизматика сайт/omonete-app/data/royal-mint-the-lion-and-the-eagle-2024-uk-1-2oz-silver-proof-coin.json")
Потом: npm run dev → http://localhost:3000/coins/991001/ (или ROYAL_MINT_LOCAL_ID)
Картинки (если скачались): public/image/coins/foreign/ — пути уже в JSON монеты.
В БД: npm run royal-mint:import → npm run data:export (или data:export:incremental).

——— [42/192] ———
 https://www.royalmint.com/shop/ancient-historic/trial-of-the-pyx/Britannia-2024-UK-1-10oz-Silver-Bullion-Coin
Внимание: на странице не найден блок div.mod-section.specification — спеки взяты из остальных table (если есть).
__RM_JSON__ /Users/mihail/Desktop/Нумизматика сайт/omonete-app/data/royal-mint-britannia-2024-uk-1-10oz-silver-bullion-coin.json

Готово: /Users/mihail/Desktop/Нумизматика сайт/omonete-app/data/royal-mint-britannia-2024-uk-1-10oz-silver-bullion-coin.json
Исходная ссылка (listing): https://www.royalmint.com/shop/ancient-historic/trial-of-the-pyx/Britannia-2024-UK-1-10oz-Silver-Bullion-Coin
Загрузка PDP: https://www.royalmint.com/invest/bullion/bullion-coins/silver-coins/Britannia-2024-UK-1-10oz-Silver-Bullion-Coin/?listId=Silver_Coins&listName=Silver%20Coins
Классификация картинок: {
  "obverse": null,
  "reverse": null,
  "blister_obverse": null,
  "blister_reverse": null,
  "box": null,
  "certificate": null
}

────────── Как увидеть монету на сайте (localhost) ──────────
Быстро (парсинг + public/data в один заход): npm run royal-mint:preview
  (или уже есть JSON: npx tsx scripts/royal-mint-to-public-catalog.ts "/Users/mihail/Desktop/Нумизматика сайт/omonete-app/data/royal-mint-britannia-2024-uk-1-10oz-silver-bullion-coin.json")
Потом: npm run dev → http://localhost:3000/coins/991001/ (или ROYAL_MINT_LOCAL_ID)
Картинки (если скачались): public/image/coins/foreign/ — пути уже в JSON монеты.
В БД: npm run royal-mint:import → npm run data:export (или data:export:incremental).

——— [43/192] ———
 https://www.royalmint.com/shop/ancient-historic/trial-of-the-pyx/Britannia-2024-UK-1-10oz-Silver-Proof-Coin
Внимание: на странице не найден блок div.mod-section.specification — спеки взяты из остальных table (если есть).
__RM_JSON__ /Users/mihail/Desktop/Нумизматика сайт/omonete-app/data/royal-mint-britannia-2024-uk-1-10oz-silver-proof-coin.json

Готово: /Users/mihail/Desktop/Нумизматика сайт/omonete-app/data/royal-mint-britannia-2024-uk-1-10oz-silver-proof-coin.json
Исходная ссылка (listing): https://www.royalmint.com/shop/ancient-historic/trial-of-the-pyx/Britannia-2024-UK-1-10oz-Silver-Proof-Coin
Загрузка PDP: https://www.royalmint.com/invest/bullion/bullion-coins/silver-coins/Britannia-2024-UK-1-10oz-Silver-Proof-Coin/?listId=Silver_Coins&listName=Silver%20Coins
Классификация картинок: {
  "obverse": null,
  "reverse": null,
  "blister_obverse": null,
  "blister_reverse": null,
  "box": null,
  "certificate": null
}

────────── Как увидеть монету на сайте (localhost) ──────────
Быстро (парсинг + public/data в один заход): npm run royal-mint:preview
  (или уже есть JSON: npx tsx scripts/royal-mint-to-public-catalog.ts "/Users/mihail/Desktop/Нумизматика сайт/omonete-app/data/royal-mint-britannia-2024-uk-1-10oz-silver-proof-coin.json")
Потом: npm run dev → http://localhost:3000/coins/991001/ (или ROYAL_MINT_LOCAL_ID)
Картинки (если скачались): public/image/coins/foreign/ — пути уже в JSON монеты.
В БД: npm run royal-mint:import → npm run data:export (или data:export:incremental).

——— [44/192] ———
 https://www.royalmint.com/shop/ancient-historic/trial-of-the-pyx/Britannia-2024-UK-1-20oz-Silver-Proof-Coin
Внимание: на странице не найден блок div.mod-section.specification — спеки взяты из остальных table (если есть).
__RM_JSON__ /Users/mihail/Desktop/Нумизматика сайт/omonete-app/data/royal-mint-britannia-2024-uk-1-20oz-silver-proof-coin.json

Готово: /Users/mihail/Desktop/Нумизматика сайт/omonete-app/data/royal-mint-britannia-2024-uk-1-20oz-silver-proof-coin.json
Исходная ссылка (listing): https://www.royalmint.com/shop/ancient-historic/trial-of-the-pyx/Britannia-2024-UK-1-20oz-Silver-Proof-Coin
Загрузка PDP: https://www.royalmint.com/invest/bullion/bullion-coins/silver-coins/Britannia-2024-UK-1-20oz-Silver-Proof-Coin/?listId=Silver_Coins&listName=Silver%20Coins
Классификация картинок: {
  "obverse": null,
  "reverse": null,
  "blister_obverse": null,
  "blister_reverse": null,
  "box": null,
  "certificate": null
}

────────── Как увидеть монету на сайте (localhost) ──────────
Быстро (парсинг + public/data в один заход): npm run royal-mint:preview
  (или уже есть JSON: npx tsx scripts/royal-mint-to-public-catalog.ts "/Users/mihail/Desktop/Нумизматика сайт/omonete-app/data/royal-mint-britannia-2024-uk-1-20oz-silver-proof-coin.json")
Потом: npm run dev → http://localhost:3000/coins/991001/ (или ROYAL_MINT_LOCAL_ID)
Картинки (если скачались): public/image/coins/foreign/ — пути уже в JSON монеты.
В БД: npm run royal-mint:import → npm run data:export (или data:export:incremental).

——— [45/192] ———
 https://www.royalmint.com/shop/ancient-historic/trial-of-the-pyx/Britannia-2024-UK-1-2oz-Silver-Proof-Coin
Внимание: на странице не найден блок div.mod-section.specification — спеки взяты из остальных table (если есть).
__RM_JSON__ /Users/mihail/Desktop/Нумизматика сайт/omonete-app/data/royal-mint-britannia-2024-uk-1-2oz-silver-proof-coin.json

Готово: /Users/mihail/Desktop/Нумизматика сайт/omonete-app/data/royal-mint-britannia-2024-uk-1-2oz-silver-proof-coin.json
Исходная ссылка (listing): https://www.royalmint.com/shop/ancient-historic/trial-of-the-pyx/Britannia-2024-UK-1-2oz-Silver-Proof-Coin
Загрузка PDP: https://www.royalmint.com/invest/bullion/bullion-coins/silver-coins/Britannia-2024-UK-1-2oz-Silver-Proof-Coin/?listId=Silver_Coins&listName=Silver%20Coins
Классификация картинок: {
  "obverse": null,
  "reverse": null,
  "blister_obverse": null,
  "blister_reverse": null,
  "box": null,
  "certificate": null
}

────────── Как увидеть монету на сайте (localhost) ──────────
Быстро (парсинг + public/data в один заход): npm run royal-mint:preview
  (или уже есть JSON: npx tsx scripts/royal-mint-to-public-catalog.ts "/Users/mihail/Desktop/Нумизматика сайт/omonete-app/data/royal-mint-britannia-2024-uk-1-2oz-silver-proof-coin.json")
Потом: npm run dev → http://localhost:3000/coins/991001/ (или ROYAL_MINT_LOCAL_ID)
Картинки (если скачались): public/image/coins/foreign/ — пути уже в JSON монеты.
В БД: npm run royal-mint:import → npm run data:export (или data:export:incremental).

——— [46/192] ———
 https://www.royalmint.com/shop/ancient-historic/trial-of-the-pyx/Britannia-2024-UK-1-4oz-Silver-Proof-Coin
Внимание: на странице не найден блок div.mod-section.specification — спеки взяты из остальных table (если есть).
__RM_JSON__ /Users/mihail/Desktop/Нумизматика сайт/omonete-app/data/royal-mint-britannia-2024-uk-1-4oz-silver-proof-coin.json

Готово: /Users/mihail/Desktop/Нумизматика сайт/omonete-app/data/royal-mint-britannia-2024-uk-1-4oz-silver-proof-coin.json
Исходная ссылка (listing): https://www.royalmint.com/shop/ancient-historic/trial-of-the-pyx/Britannia-2024-UK-1-4oz-Silver-Proof-Coin
Загрузка PDP: https://www.royalmint.com/invest/bullion/bullion-coins/silver-coins/Britannia-2024-UK-1-4oz-Silver-Proof-Coin/?listId=Silver_Coins&listName=Silver%20Coins
Классификация картинок: {
  "obverse": null,
  "reverse": null,
  "blister_obverse": null,
  "blister_reverse": null,
  "box": null,
  "certificate": null
}

────────── Как увидеть монету на сайте (localhost) ──────────
Быстро (парсинг + public/data в один заход): npm run royal-mint:preview
  (или уже есть JSON: npx tsx scripts/royal-mint-to-public-catalog.ts "/Users/mihail/Desktop/Нумизматика сайт/omonete-app/data/royal-mint-britannia-2024-uk-1-4oz-silver-proof-coin.json")
Потом: npm run dev → http://localhost:3000/coins/991001/ (или ROYAL_MINT_LOCAL_ID)
Картинки (если скачались): public/image/coins/foreign/ — пути уже в JSON монеты.
В БД: npm run royal-mint:import → npm run data:export (или data:export:incremental).

——— [47/192] ———
 https://www.royalmint.com/shop/ancient-historic/trial-of-the-pyx/Britannia-2024-UK-1-4oz-Silver-Proof-Coin-TP25PX103
Внимание: на странице не найден блок div.mod-section.specification — спеки взяты из остальных table (если есть).
__RM_JSON__ /Users/mihail/Desktop/Нумизматика сайт/omonete-app/data/royal-mint-britannia-2024-uk-1-4oz-silver-proof-coin-tp25px103.json

Готово: /Users/mihail/Desktop/Нумизматика сайт/omonete-app/data/royal-mint-britannia-2024-uk-1-4oz-silver-proof-coin-tp25px103.json
Исходная ссылка (listing): https://www.royalmint.com/shop/ancient-historic/trial-of-the-pyx/Britannia-2024-UK-1-4oz-Silver-Proof-Coin-TP25PX103
Загрузка PDP: https://www.royalmint.com/invest/bullion/bullion-coins/silver-coins/Britannia-2024-UK-1-4oz-Silver-Proof-Coin-TP25PX103/?listId=Silver_Coins&listName=Silver%20Coins
Классификация картинок: {
  "obverse": null,
  "reverse": null,
  "blister_obverse": null,
  "blister_reverse": null,
  "box": null,
  "certificate": null
}

────────── Как увидеть монету на сайте (localhost) ──────────
Быстро (парсинг + public/data в один заход): npm run royal-mint:preview
  (или уже есть JSON: npx tsx scripts/royal-mint-to-public-catalog.ts "/Users/mihail/Desktop/Нумизматика сайт/omonete-app/data/royal-mint-britannia-2024-uk-1-4oz-silver-proof-coin-tp25px103.json")
Потом: npm run dev → http://localhost:3000/coins/991001/ (или ROYAL_MINT_LOCAL_ID)
Картинки (если скачались): public/image/coins/foreign/ — пути уже в JSON монеты.
В БД: npm run royal-mint:import → npm run data:export (или data:export:incremental).

——— [48/192] ———
 https://www.royalmint.com/shop/ancient-historic/trial-of-the-pyx/Britannia-2024-UK-1oz-Silver-Bullion-Coin
Внимание: на странице не найден блок div.mod-section.specification — спеки взяты из остальных table (если есть).
__RM_JSON__ /Users/mihail/Desktop/Нумизматика сайт/omonete-app/data/royal-mint-britannia-2024-uk-1oz-silver-bullion-coin.json

Готово: /Users/mihail/Desktop/Нумизматика сайт/omonete-app/data/royal-mint-britannia-2024-uk-1oz-silver-bullion-coin.json
Исходная ссылка (listing): https://www.royalmint.com/shop/ancient-historic/trial-of-the-pyx/Britannia-2024-UK-1oz-Silver-Bullion-Coin
Загрузка PDP: https://www.royalmint.com/invest/bullion/bullion-coins/silver-coins/Britannia-2024-UK-1oz-Silver-Bullion-Coin/?listId=Silver_Coins&listName=Silver%20Coins
Классификация картинок: {
  "obverse": null,
  "reverse": null,
  "blister_obverse": null,
  "blister_reverse": null,
  "box": null,
  "certificate": null
}

────────── Как увидеть монету на сайте (localhost) ──────────
Быстро (парсинг + public/data в один заход): npm run royal-mint:preview
  (или уже есть JSON: npx tsx scripts/royal-mint-to-public-catalog.ts "/Users/mihail/Desktop/Нумизматика сайт/omonete-app/data/royal-mint-britannia-2024-uk-1oz-silver-bullion-coin.json")
Потом: npm run dev → http://localhost:3000/coins/991001/ (или ROYAL_MINT_LOCAL_ID)
Картинки (если скачались): public/image/coins/foreign/ — пути уже в JSON монеты.
В БД: npm run royal-mint:import → npm run data:export (или data:export:incremental).

——— [49/192] ———
 https://www.royalmint.com/shop/ancient-historic/trial-of-the-pyx/Britannia-2024-UK-1oz-Silver-Coin
Внимание: на странице не найден блок div.mod-section.specification — спеки взяты из остальных table (если есть).
__RM_JSON__ /Users/mihail/Desktop/Нумизматика сайт/omonete-app/data/royal-mint-britannia-2024-uk-1oz-silver-coin.json

Готово: /Users/mihail/Desktop/Нумизматика сайт/omonete-app/data/royal-mint-britannia-2024-uk-1oz-silver-coin.json
Исходная ссылка (listing): https://www.royalmint.com/shop/ancient-historic/trial-of-the-pyx/Britannia-2024-UK-1oz-Silver-Coin
Загрузка PDP: https://www.royalmint.com/invest/bullion/bullion-coins/silver-coins/Britannia-2024-UK-1oz-Silver-Coin/?listId=Silver_Coins&listName=Silver%20Coins
Классификация картинок: {
  "obverse": null,
  "reverse": null,
  "blister_obverse": null,
  "blister_reverse": null,
  "box": null,
  "certificate": null
}

────────── Как увидеть монету на сайте (localhost) ──────────
Быстро (парсинг + public/data в один заход): npm run royal-mint:preview
  (или уже есть JSON: npx tsx scripts/royal-mint-to-public-catalog.ts "/Users/mihail/Desktop/Нумизматика сайт/omonete-app/data/royal-mint-britannia-2024-uk-1oz-silver-coin.json")
Потом: npm run dev → http://localhost:3000/coins/991001/ (или ROYAL_MINT_LOCAL_ID)
Картинки (если скачались): public/image/coins/foreign/ — пути уже в JSON монеты.
В БД: npm run royal-mint:import → npm run data:export (или data:export:incremental).

——— [50/192] ———
 https://www.royalmint.com/shop/ancient-historic/trial-of-the-pyx/Britannia-2024-UK-1oz-Silver-Proof-Coin
Внимание: на странице не найден блок div.mod-section.specification — спеки взяты из остальных table (если есть).
__RM_JSON__ /Users/mihail/Desktop/Нумизматика сайт/omonete-app/data/royal-mint-britannia-2024-uk-1oz-silver-proof-coin.json

Готово: /Users/mihail/Desktop/Нумизматика сайт/omonete-app/data/royal-mint-britannia-2024-uk-1oz-silver-proof-coin.json
Исходная ссылка (listing): https://www.royalmint.com/shop/ancient-historic/trial-of-the-pyx/Britannia-2024-UK-1oz-Silver-Proof-Coin
Загрузка PDP: https://www.royalmint.com/invest/bullion/bullion-coins/silver-coins/Britannia-2024-UK-1oz-Silver-Proof-Coin/?listId=Silver_Coins&listName=Silver%20Coins
Классификация картинок: {
  "obverse": null,
  "reverse": null,
  "blister_obverse": null,
  "blister_reverse": null,
  "box": null,
  "certificate": null
}

────────── Как увидеть монету на сайте (localhost) ──────────
Быстро (парсинг + public/data в один заход): npm run royal-mint:preview
  (или уже есть JSON: npx tsx scripts/royal-mint-to-public-catalog.ts "/Users/mihail/Desktop/Нумизматика сайт/omonete-app/data/royal-mint-britannia-2024-uk-1oz-silver-proof-coin.json")
Потом: npm run dev → http://localhost:3000/coins/991001/ (или ROYAL_MINT_LOCAL_ID)
Картинки (если скачались): public/image/coins/foreign/ — пути уже в JSON монеты.
В БД: npm run royal-mint:import → npm run data:export (или data:export:incremental).

——— [51/192] ———
 https://www.royalmint.com/shop/ancient-historic/trial-of-the-pyx/Britannia-2024-UK-1oz-Silver-Proof-Coin-Frosted
Внимание: на странице не найден блок div.mod-section.specification — спеки взяты из остальных table (если есть).
__RM_JSON__ /Users/mihail/Desktop/Нумизматика сайт/omonete-app/data/royal-mint-britannia-2024-uk-1oz-silver-proof-coin-frosted.json

Готово: /Users/mihail/Desktop/Нумизматика сайт/omonete-app/data/royal-mint-britannia-2024-uk-1oz-silver-proof-coin-frosted.json
Исходная ссылка (listing): https://www.royalmint.com/shop/ancient-historic/trial-of-the-pyx/Britannia-2024-UK-1oz-Silver-Proof-Coin-Frosted
Загрузка PDP: https://www.royalmint.com/invest/bullion/bullion-coins/silver-coins/Britannia-2024-UK-1oz-Silver-Proof-Coin-Frosted/?listId=Silver_Coins&listName=Silver%20Coins
Классификация картинок: {
  "obverse": null,
  "reverse": null,
  "blister_obverse": null,
  "blister_reverse": null,
  "box": null,
  "certificate": null
}

────────── Как увидеть монету на сайте (localhost) ──────────
Быстро (парсинг + public/data в один заход): npm run royal-mint:preview
  (или уже есть JSON: npx tsx scripts/royal-mint-to-public-catalog.ts "/Users/mihail/Desktop/Нумизматика сайт/omonete-app/data/royal-mint-britannia-2024-uk-1oz-silver-proof-coin-frosted.json")
Потом: npm run dev → http://localhost:3000/coins/991001/ (или ROYAL_MINT_LOCAL_ID)
Картинки (если скачались): public/image/coins/foreign/ — пути уже в JSON монеты.
В БД: npm run royal-mint:import → npm run data:export (или data:export:incremental).

——— [52/192] ———
 https://www.royalmint.com/shop/ancient-historic/trial-of-the-pyx/Britannia-2024-UK-2oz-Silver-Proof-Coin
Внимание: на странице не найден блок div.mod-section.specification — спеки взяты из остальных table (если есть).
__RM_JSON__ /Users/mihail/Desktop/Нумизматика сайт/omonete-app/data/royal-mint-britannia-2024-uk-2oz-silver-proof-coin.json

Готово: /Users/mihail/Desktop/Нумизматика сайт/omonete-app/data/royal-mint-britannia-2024-uk-2oz-silver-proof-coin.json
Исходная ссылка (listing): https://www.royalmint.com/shop/ancient-historic/trial-of-the-pyx/Britannia-2024-UK-2oz-Silver-Proof-Coin
Загрузка PDP: https://www.royalmint.com/invest/bullion/bullion-coins/silver-coins/Britannia-2024-UK-2oz-Silver-Proof-Coin/?listId=Silver_Coins&listName=Silver%20Coins
Классификация картинок: {
  "obverse": null,
  "reverse": null,
  "blister_obverse": null,
  "blister_reverse": null,
  "box": null,
  "certificate": null
}

────────── Как увидеть монету на сайте (localhost) ──────────
Быстро (парсинг + public/data в один заход): npm run royal-mint:preview
  (или уже есть JSON: npx tsx scripts/royal-mint-to-public-catalog.ts "/Users/mihail/Desktop/Нумизматика сайт/omonete-app/data/royal-mint-britannia-2024-uk-2oz-silver-proof-coin.json")
Потом: npm run dev → http://localhost:3000/coins/991001/ (или ROYAL_MINT_LOCAL_ID)
Картинки (если скачались): public/image/coins/foreign/ — пути уже в JSON монеты.
В БД: npm run royal-mint:import → npm run data:export (или data:export:incremental).

——— [53/192] ———
 https://www.royalmint.com/shop/ancient-historic/trial-of-the-pyx/Britannia-2024-UK-5oz-Silver-Proof-Coin
Внимание: на странице не найден блок div.mod-section.specification — спеки взяты из остальных table (если есть).
__RM_JSON__ /Users/mihail/Desktop/Нумизматика сайт/omonete-app/data/royal-mint-britannia-2024-uk-5oz-silver-proof-coin.json

Готово: /Users/mihail/Desktop/Нумизматика сайт/omonete-app/data/royal-mint-britannia-2024-uk-5oz-silver-proof-coin.json
Исходная ссылка (listing): https://www.royalmint.com/shop/ancient-historic/trial-of-the-pyx/Britannia-2024-UK-5oz-Silver-Proof-Coin
Загрузка PDP: https://www.royalmint.com/invest/bullion/bullion-coins/silver-coins/Britannia-2024-UK-5oz-Silver-Proof-Coin/?listId=Silver_Coins&listName=Silver%20Coins
Классификация картинок: {
  "obverse": null,
  "reverse": null,
  "blister_obverse": null,
  "blister_reverse": null,
  "box": null,
  "certificate": null
}

────────── Как увидеть монету на сайте (localhost) ──────────
Быстро (парсинг + public/data в один заход): npm run royal-mint:preview
  (или уже есть JSON: npx tsx scripts/royal-mint-to-public-catalog.ts "/Users/mihail/Desktop/Нумизматика сайт/omonete-app/data/royal-mint-britannia-2024-uk-5oz-silver-proof-coin.json")
Потом: npm run dev → http://localhost:3000/coins/991001/ (или ROYAL_MINT_LOCAL_ID)
Картинки (если скачались): public/image/coins/foreign/ — пути уже в JSON монеты.
В БД: npm run royal-mint:import → npm run data:export (или data:export:incremental).

——— [54/192] ———
 https://www.royalmint.com/shop/ancient-historic/trial-of-the-pyx/Britannia-and-Liberty-2024-UK-1-4oz-Silver-Bullion-Coin
Внимание: на странице не найден блок div.mod-section.specification — спеки взяты из остальных table (если есть).
__RM_JSON__ /Users/mihail/Desktop/Нумизматика сайт/omonete-app/data/royal-mint-britannia-and-liberty-2024-uk-1-4oz-silver-bullion-coin.json

Готово: /Users/mihail/Desktop/Нумизматика сайт/omonete-app/data/royal-mint-britannia-and-liberty-2024-uk-1-4oz-silver-bullion-coin.json
Исходная ссылка (listing): https://www.royalmint.com/shop/ancient-historic/trial-of-the-pyx/Britannia-and-Liberty-2024-UK-1-4oz-Silver-Bullion-Coin
Загрузка PDP: https://www.royalmint.com/invest/bullion/bullion-coins/silver-coins/Britannia-and-Liberty-2024-UK-1-4oz-Silver-Bullion-Coin/?listId=Silver_Coins&listName=Silver%20Coins
Классификация картинок: {
  "obverse": null,
  "reverse": null,
  "blister_obverse": null,
  "blister_reverse": null,
  "box": null,
  "certificate": null
}

────────── Как увидеть монету на сайте (localhost) ──────────
Быстро (парсинг + public/data в один заход): npm run royal-mint:preview
  (или уже есть JSON: npx tsx scripts/royal-mint-to-public-catalog.ts "/Users/mihail/Desktop/Нумизматика сайт/omonete-app/data/royal-mint-britannia-and-liberty-2024-uk-1-4oz-silver-bullion-coin.json")
Потом: npm run dev → http://localhost:3000/coins/991001/ (или ROYAL_MINT_LOCAL_ID)
Картинки (если скачались): public/image/coins/foreign/ — пути уже в JSON монеты.
В БД: npm run royal-mint:import → npm run data:export (или data:export:incremental).

——— [55/192] ———
 https://www.royalmint.com/shop/ancient-historic/trial-of-the-pyx/Britannia-and-Liberty-2024-UK-1oz-Silver-Bullion-Coin
Внимание: на странице не найден блок div.mod-section.specification — спеки взяты из остальных table (если есть).
__RM_JSON__ /Users/mihail/Desktop/Нумизматика сайт/omonete-app/data/royal-mint-britannia-and-liberty-2024-uk-1oz-silver-bullion-coin.json

Готово: /Users/mihail/Desktop/Нумизматика сайт/omonete-app/data/royal-mint-britannia-and-liberty-2024-uk-1oz-silver-bullion-coin.json
Исходная ссылка (listing): https://www.royalmint.com/shop/ancient-historic/trial-of-the-pyx/Britannia-and-Liberty-2024-UK-1oz-Silver-Bullion-Coin
Загрузка PDP: https://www.royalmint.com/invest/bullion/bullion-coins/silver-coins/Britannia-and-Liberty-2024-UK-1oz-Silver-Bullion-Coin/?listId=Silver_Coins&listName=Silver%20Coins
Классификация картинок: {
  "obverse": null,
  "reverse": null,
  "blister_obverse": null,
  "blister_reverse": null,
  "box": null,
  "certificate": null
}

────────── Как увидеть монету на сайте (localhost) ──────────
Быстро (парсинг + public/data в один заход): npm run royal-mint:preview
  (или уже есть JSON: npx tsx scripts/royal-mint-to-public-catalog.ts "/Users/mihail/Desktop/Нумизматика сайт/omonete-app/data/royal-mint-britannia-and-liberty-2024-uk-1oz-silver-bullion-coin.json")
Потом: npm run dev → http://localhost:3000/coins/991001/ (или ROYAL_MINT_LOCAL_ID)
Картинки (если скачались): public/image/coins/foreign/ — пути уже в JSON монеты.
В БД: npm run royal-mint:import → npm run data:export (или data:export:incremental).

——— [56/192] ———
 https://www.royalmint.com/shop/ancient-historic/trial-of-the-pyx/Britannia-and-Liberty-2024-UK-1oz-Silver-Proof-Coin
Внимание: на странице не найден блок div.mod-section.specification — спеки взяты из остальных table (если есть).
__RM_JSON__ /Users/mihail/Desktop/Нумизматика сайт/omonete-app/data/royal-mint-britannia-and-liberty-2024-uk-1oz-silver-proof-coin.json

Готово: /Users/mihail/Desktop/Нумизматика сайт/omonete-app/data/royal-mint-britannia-and-liberty-2024-uk-1oz-silver-proof-coin.json
Исходная ссылка (listing): https://www.royalmint.com/shop/ancient-historic/trial-of-the-pyx/Britannia-and-Liberty-2024-UK-1oz-Silver-Proof-Coin
Загрузка PDP: https://www.royalmint.com/invest/bullion/bullion-coins/silver-coins/Britannia-and-Liberty-2024-UK-1oz-Silver-Proof-Coin/?listId=Silver_Coins&listName=Silver%20Coins
Классификация картинок: {
  "obverse": null,
  "reverse": null,
  "blister_obverse": null,
  "blister_reverse": null,
  "box": null,
  "certificate": null
}

────────── Как увидеть монету на сайте (localhost) ──────────
Быстро (парсинг + public/data в один заход): npm run royal-mint:preview
  (или уже есть JSON: npx tsx scripts/royal-mint-to-public-catalog.ts "/Users/mihail/Desktop/Нумизматика сайт/omonete-app/data/royal-mint-britannia-and-liberty-2024-uk-1oz-silver-proof-coin.json")
Потом: npm run dev → http://localhost:3000/coins/991001/ (или ROYAL_MINT_LOCAL_ID)
Картинки (если скачались): public/image/coins/foreign/ — пути уже в JSON монеты.
В БД: npm run royal-mint:import → npm run data:export (или data:export:incremental).

——— [57/192] ———
 https://www.royalmint.com/shop/ancient-historic/trial-of-the-pyx/Britannia-and-Liberty-2024-UK-2oz-Silver-Proof-Coin
Внимание: на странице не найден блок div.mod-section.specification — спеки взяты из остальных table (если есть).
__RM_JSON__ /Users/mihail/Desktop/Нумизматика сайт/omonete-app/data/royal-mint-britannia-and-liberty-2024-uk-2oz-silver-proof-coin.json

Готово: /Users/mihail/Desktop/Нумизматика сайт/omonete-app/data/royal-mint-britannia-and-liberty-2024-uk-2oz-silver-proof-coin.json
Исходная ссылка (listing): https://www.royalmint.com/shop/ancient-historic/trial-of-the-pyx/Britannia-and-Liberty-2024-UK-2oz-Silver-Proof-Coin
Загрузка PDP: https://www.royalmint.com/invest/bullion/bullion-coins/silver-coins/Britannia-and-Liberty-2024-UK-2oz-Silver-Proof-Coin/?listId=Silver_Coins&listName=Silver%20Coins
Классификация картинок: {
  "obverse": null,
  "reverse": null,
  "blister_obverse": null,
  "blister_reverse": null,
  "box": null,
  "certificate": null
}

────────── Как увидеть монету на сайте (localhost) ──────────
Быстро (парсинг + public/data в один заход): npm run royal-mint:preview
  (или уже есть JSON: npx tsx scripts/royal-mint-to-public-catalog.ts "/Users/mihail/Desktop/Нумизматика сайт/omonete-app/data/royal-mint-britannia-and-liberty-2024-uk-2oz-silver-proof-coin.json")
Потом: npm run dev → http://localhost:3000/coins/991001/ (или ROYAL_MINT_LOCAL_ID)
Картинки (если скачались): public/image/coins/foreign/ — пути уже в JSON монеты.
В БД: npm run royal-mint:import → npm run data:export (или data:export:incremental).

——— [58/192] ———
 https://www.royalmint.com/shop/ancient-historic/trial-of-the-pyx/Britannia-and-Liberty-2024-UK-5oz-Silver-Proof-Coin
Внимание: на странице не найден блок div.mod-section.specification — спеки взяты из остальных table (если есть).
__RM_JSON__ /Users/mihail/Desktop/Нумизматика сайт/omonete-app/data/royal-mint-britannia-and-liberty-2024-uk-5oz-silver-proof-coin.json

Готово: /Users/mihail/Desktop/Нумизматика сайт/omonete-app/data/royal-mint-britannia-and-liberty-2024-uk-5oz-silver-proof-coin.json
Исходная ссылка (listing): https://www.royalmint.com/shop/ancient-historic/trial-of-the-pyx/Britannia-and-Liberty-2024-UK-5oz-Silver-Proof-Coin
Загрузка PDP: https://www.royalmint.com/invest/bullion/bullion-coins/silver-coins/Britannia-and-Liberty-2024-UK-5oz-Silver-Proof-Coin/?listId=Silver_Coins&listName=Silver%20Coins
Классификация картинок: {
  "obverse": null,
  "reverse": null,
  "blister_obverse": null,
  "blister_reverse": null,
  "box": null,
  "certificate": null
}

────────── Как увидеть монету на сайте (localhost) ──────────
Быстро (парсинг + public/data в один заход): npm run royal-mint:preview
  (или уже есть JSON: npx tsx scripts/royal-mint-to-public-catalog.ts "/Users/mihail/Desktop/Нумизматика сайт/omonete-app/data/royal-mint-britannia-and-liberty-2024-uk-5oz-silver-proof-coin.json")
Потом: npm run dev → http://localhost:3000/coins/991001/ (или ROYAL_MINT_LOCAL_ID)
Картинки (если скачались): public/image/coins/foreign/ — пути уже в JSON монеты.
В БД: npm run royal-mint:import → npm run data:export (или data:export:incremental).

——— [59/192] ———
 https://www.royalmint.com/shop/ancient-historic/trial-of-the-pyx/Buckingham-Palace-2024-UK-5-Silver-Proof-Coin
Внимание: на странице не найден блок div.mod-section.specification — спеки взяты из остальных table (если есть).
__RM_JSON__ /Users/mihail/Desktop/Нумизматика сайт/omonete-app/data/royal-mint-buckingham-palace-2024-uk-5-silver-proof-coin.json

Готово: /Users/mihail/Desktop/Нумизматика сайт/omonete-app/data/royal-mint-buckingham-palace-2024-uk-5-silver-proof-coin.json
Исходная ссылка (listing): https://www.royalmint.com/shop/ancient-historic/trial-of-the-pyx/Buckingham-Palace-2024-UK-5-Silver-Proof-Coin
Загрузка PDP: https://www.royalmint.com/invest/bullion/bullion-coins/silver-coins/Buckingham-Palace-2024-UK-5-Silver-Proof-Coin/?listId=Silver_Coins&listName=Silver%20Coins
Классификация картинок: {
  "obverse": null,
  "reverse": null,
  "blister_obverse": null,
  "blister_reverse": null,
  "box": null,
  "certificate": null
}

────────── Как увидеть монету на сайте (localhost) ──────────
Быстро (парсинг + public/data в один заход): npm run royal-mint:preview
  (или уже есть JSON: npx tsx scripts/royal-mint-to-public-catalog.ts "/Users/mihail/Desktop/Нумизматика сайт/omonete-app/data/royal-mint-buckingham-palace-2024-uk-5-silver-proof-coin.json")
Потом: npm run dev → http://localhost:3000/coins/991001/ (или ROYAL_MINT_LOCAL_ID)
Картинки (если скачались): public/image/coins/foreign/ — пути уже в JSON монеты.
В БД: npm run royal-mint:import → npm run data:export (или data:export:incremental).

——— [60/192] ———
 https://www.royalmint.com/shop/ancient-historic/trial-of-the-pyx/Buckingham-Palace-2024-UK-5-Silver-Proof-Piedfort-Coin
Внимание: на странице не найден блок div.mod-section.specification — спеки взяты из остальных table (если есть).
__RM_JSON__ /Users/mihail/Desktop/Нумизматика сайт/omonete-app/data/royal-mint-buckingham-palace-2024-uk-5-silver-proof-piedfort-coin.json

Готово: /Users/mihail/Desktop/Нумизматика сайт/omonete-app/data/royal-mint-buckingham-palace-2024-uk-5-silver-proof-piedfort-coin.json
Исходная ссылка (listing): https://www.royalmint.com/shop/ancient-historic/trial-of-the-pyx/Buckingham-Palace-2024-UK-5-Silver-Proof-Piedfort-Coin
Загрузка PDP: https://www.royalmint.com/invest/bullion/bullion-coins/silver-coins/Buckingham-Palace-2024-UK-5-Silver-Proof-Piedfort-Coin/?listId=Silver_Coins&listName=Silver%20Coins
Классификация картинок: {
  "obverse": null,
  "reverse": null,
  "blister_obverse": null,
  "blister_reverse": null,
  "box": null,
  "certificate": null
}

────────── Как увидеть монету на сайте (localhost) ──────────
Быстро (парсинг + public/data в один заход): npm run royal-mint:preview
  (или уже есть JSON: npx tsx scripts/royal-mint-to-public-catalog.ts "/Users/mihail/Desktop/Нумизматика сайт/omonete-app/data/royal-mint-buckingham-palace-2024-uk-5-silver-proof-piedfort-coin.json")
Потом: npm run dev → http://localhost:3000/coins/991001/ (или ROYAL_MINT_LOCAL_ID)
Картинки (если скачались): public/image/coins/foreign/ — пути уже в JSON монеты.
В БД: npm run royal-mint:import → npm run data:export (или data:export:incremental).

——— [61/192] ———
 https://www.royalmint.com/shop/ancient-historic/trial-of-the-pyx/Charles-III-Definitives-2024-UK-10p-Silver-Proof-Coin
Внимание: на странице не найден блок div.mod-section.specification — спеки взяты из остальных table (если есть).
__RM_JSON__ /Users/mihail/Desktop/Нумизматика сайт/omonete-app/data/royal-mint-charles-iii-definitives-2024-uk-10p-silver-proof-coin.json

Готово: /Users/mihail/Desktop/Нумизматика сайт/omonete-app/data/royal-mint-charles-iii-definitives-2024-uk-10p-silver-proof-coin.json
Исходная ссылка (listing): https://www.royalmint.com/shop/ancient-historic/trial-of-the-pyx/Charles-III-Definitives-2024-UK-10p-Silver-Proof-Coin
Загрузка PDP: https://www.royalmint.com/invest/bullion/bullion-coins/silver-coins/Charles-III-Definitives-2024-UK-10p-Silver-Proof-Coin/?listId=Silver_Coins&listName=Silver%20Coins
Классификация картинок: {
  "obverse": null,
  "reverse": null,
  "blister_obverse": null,
  "blister_reverse": null,
  "box": null,
  "certificate": null
}

────────── Как увидеть монету на сайте (localhost) ──────────
Быстро (парсинг + public/data в один заход): npm run royal-mint:preview
  (или уже есть JSON: npx tsx scripts/royal-mint-to-public-catalog.ts "/Users/mihail/Desktop/Нумизматика сайт/omonete-app/data/royal-mint-charles-iii-definitives-2024-uk-10p-silver-proof-coin.json")
Потом: npm run dev → http://localhost:3000/coins/991001/ (или ROYAL_MINT_LOCAL_ID)
Картинки (если скачались): public/image/coins/foreign/ — пути уже в JSON монеты.
В БД: npm run royal-mint:import → npm run data:export (или data:export:incremental).

——— [62/192] ———
 https://www.royalmint.com/shop/ancient-historic/trial-of-the-pyx/Charles-III-Definitives-2024-UK-20p-Silver-Proof-Coin
Внимание: на странице не найден блок div.mod-section.specification — спеки взяты из остальных table (если есть).
__RM_JSON__ /Users/mihail/Desktop/Нумизматика сайт/omonete-app/data/royal-mint-charles-iii-definitives-2024-uk-20p-silver-proof-coin.json

Готово: /Users/mihail/Desktop/Нумизматика сайт/omonete-app/data/royal-mint-charles-iii-definitives-2024-uk-20p-silver-proof-coin.json
Исходная ссылка (listing): https://www.royalmint.com/shop/ancient-historic/trial-of-the-pyx/Charles-III-Definitives-2024-UK-20p-Silver-Proof-Coin
Загрузка PDP: https://www.royalmint.com/invest/bullion/bullion-coins/silver-coins/Charles-III-Definitives-2024-UK-20p-Silver-Proof-Coin/?listId=Silver_Coins&listName=Silver%20Coins
Классификация картинок: {
  "obverse": null,
  "reverse": null,
  "blister_obverse": null,
  "blister_reverse": null,
  "box": null,
  "certificate": null
}

────────── Как увидеть монету на сайте (localhost) ──────────
Быстро (парсинг + public/data в один заход): npm run royal-mint:preview
  (или уже есть JSON: npx tsx scripts/royal-mint-to-public-catalog.ts "/Users/mihail/Desktop/Нумизматика сайт/omonete-app/data/royal-mint-charles-iii-definitives-2024-uk-20p-silver-proof-coin.json")
Потом: npm run dev → http://localhost:3000/coins/991001/ (или ROYAL_MINT_LOCAL_ID)
Картинки (если скачались): public/image/coins/foreign/ — пути уже в JSON монеты.
В БД: npm run royal-mint:import → npm run data:export (или data:export:incremental).

——— [63/192] ———
 https://www.royalmint.com/shop/ancient-historic/trial-of-the-pyx/Charles-III-Definitives-2024-UK-5p-Silver-Proof-Coin
Внимание: на странице не найден блок div.mod-section.specification — спеки взяты из остальных table (если есть).
__RM_JSON__ /Users/mihail/Desktop/Нумизматика сайт/omonete-app/data/royal-mint-charles-iii-definitives-2024-uk-5p-silver-proof-coin.json

Готово: /Users/mihail/Desktop/Нумизматика сайт/omonete-app/data/royal-mint-charles-iii-definitives-2024-uk-5p-silver-proof-coin.json
Исходная ссылка (listing): https://www.royalmint.com/shop/ancient-historic/trial-of-the-pyx/Charles-III-Definitives-2024-UK-5p-Silver-Proof-Coin
Загрузка PDP: https://www.royalmint.com/invest/bullion/bullion-coins/silver-coins/Charles-III-Definitives-2024-UK-5p-Silver-Proof-Coin/?listId=Silver_Coins&listName=Silver%20Coins
Классификация картинок: {
  "obverse": null,
  "reverse": null,
  "blister_obverse": null,
  "blister_reverse": null,
  "box": null,
  "certificate": null
}

────────── Как увидеть монету на сайте (localhost) ──────────
Быстро (парсинг + public/data в один заход): npm run royal-mint:preview
  (или уже есть JSON: npx tsx scripts/royal-mint-to-public-catalog.ts "/Users/mihail/Desktop/Нумизматика сайт/omonete-app/data/royal-mint-charles-iii-definitives-2024-uk-5p-silver-proof-coin.json")
Потом: npm run dev → http://localhost:3000/coins/991001/ (или ROYAL_MINT_LOCAL_ID)
Картинки (если скачались): public/image/coins/foreign/ — пути уже в JSON монеты.
В БД: npm run royal-mint:import → npm run data:export (или data:export:incremental).

——— [64/192] ———
 https://www.royalmint.com/shop/ancient-historic/trial-of-the-pyx/D-Day-2024-UK-1oz-2-Pound-Silver-Proof-Coin
Внимание: на странице не найден блок div.mod-section.specification — спеки взяты из остальных table (если есть).
__RM_JSON__ /Users/mihail/Desktop/Нумизматика сайт/omonete-app/data/royal-mint-d-day-2024-uk-1oz-2-pound-silver-proof-coin.json

Готово: /Users/mihail/Desktop/Нумизматика сайт/omonete-app/data/royal-mint-d-day-2024-uk-1oz-2-pound-silver-proof-coin.json
Исходная ссылка (listing): https://www.royalmint.com/shop/ancient-historic/trial-of-the-pyx/D-Day-2024-UK-1oz-2-Pound-Silver-Proof-Coin
Загрузка PDP: https://www.royalmint.com/invest/bullion/bullion-coins/silver-coins/D-Day-2024-UK-1oz-2-Pound-Silver-Proof-Coin/?listId=Silver_Coins&listName=Silver%20Coins
Классификация картинок: {
  "obverse": null,
  "reverse": null,
  "blister_obverse": null,
  "blister_reverse": null,
  "box": null,
  "certificate": null
}

────────── Как увидеть монету на сайте (localhost) ──────────
Быстро (парсинг + public/data в один заход): npm run royal-mint:preview
  (или уже есть JSON: npx tsx scripts/royal-mint-to-public-catalog.ts "/Users/mihail/Desktop/Нумизматика сайт/omonete-app/data/royal-mint-d-day-2024-uk-1oz-2-pound-silver-proof-coin.json")
Потом: npm run dev → http://localhost:3000/coins/991001/ (или ROYAL_MINT_LOCAL_ID)
Картинки (если скачались): public/image/coins/foreign/ — пути уже в JSON монеты.
В БД: npm run royal-mint:import → npm run data:export (или data:export:incremental).

——— [65/192] ———
 https://www.royalmint.com/shop/ancient-historic/trial-of-the-pyx/D-Day-2024-UK-2oz-Silver-Proof-Coin
Внимание: на странице не найден блок div.mod-section.specification — спеки взяты из остальных table (если есть).
__RM_JSON__ /Users/mihail/Desktop/Нумизматика сайт/omonete-app/data/royal-mint-d-day-2024-uk-2oz-silver-proof-coin.json

Готово: /Users/mihail/Desktop/Нумизматика сайт/omonete-app/data/royal-mint-d-day-2024-uk-2oz-silver-proof-coin.json
Исходная ссылка (listing): https://www.royalmint.com/shop/ancient-historic/trial-of-the-pyx/D-Day-2024-UK-2oz-Silver-Proof-Coin
Загрузка PDP: https://www.royalmint.com/invest/bullion/bullion-coins/silver-coins/D-Day-2024-UK-2oz-Silver-Proof-Coin/?listId=Silver_Coins&listName=Silver%20Coins
Классификация картинок: {
  "obverse": null,
  "reverse": null,
  "blister_obverse": null,
  "blister_reverse": null,
  "box": null,
  "certificate": null
}

────────── Как увидеть монету на сайте (localhost) ──────────
Быстро (парсинг + public/data в один заход): npm run royal-mint:preview
  (или уже есть JSON: npx tsx scripts/royal-mint-to-public-catalog.ts "/Users/mihail/Desktop/Нумизматика сайт/omonete-app/data/royal-mint-d-day-2024-uk-2oz-silver-proof-coin.json")
Потом: npm run dev → http://localhost:3000/coins/991001/ (или ROYAL_MINT_LOCAL_ID)
Картинки (если скачались): public/image/coins/foreign/ — пути уже в JSON монеты.
В БД: npm run royal-mint:import → npm run data:export (или data:export:incremental).

——— [66/192] ———
 https://www.royalmint.com/shop/ancient-historic/trial-of-the-pyx/D-Day-2024-UK-50p-Silver-Proof-Coin
Внимание: на странице не найден блок div.mod-section.specification — спеки взяты из остальных table (если есть).
__RM_JSON__ /Users/mihail/Desktop/Нумизматика сайт/omonete-app/data/royal-mint-d-day-2024-uk-50p-silver-proof-coin.json

Готово: /Users/mihail/Desktop/Нумизматика сайт/omonete-app/data/royal-mint-d-day-2024-uk-50p-silver-proof-coin.json
Исходная ссылка (listing): https://www.royalmint.com/shop/ancient-historic/trial-of-the-pyx/D-Day-2024-UK-50p-Silver-Proof-Coin
Загрузка PDP: https://www.royalmint.com/invest/bullion/bullion-coins/silver-coins/D-Day-2024-UK-50p-Silver-Proof-Coin/?listId=Silver_Coins&listName=Silver%20Coins
Классификация картинок: {
  "obverse": null,
  "reverse": null,
  "blister_obverse": null,
  "blister_reverse": null,
  "box": null,
  "certificate": null
}

────────── Как увидеть монету на сайте (localhost) ──────────
Быстро (парсинг + public/data в один заход): npm run royal-mint:preview
  (или уже есть JSON: npx tsx scripts/royal-mint-to-public-catalog.ts "/Users/mihail/Desktop/Нумизматика сайт/omonete-app/data/royal-mint-d-day-2024-uk-50p-silver-proof-coin.json")
Потом: npm run dev → http://localhost:3000/coins/991001/ (или ROYAL_MINT_LOCAL_ID)
Картинки (если скачались): public/image/coins/foreign/ — пути уже в JSON монеты.
В БД: npm run royal-mint:import → npm run data:export (или data:export:incremental).

——— [67/192] ———
 https://www.royalmint.com/shop/ancient-historic/trial-of-the-pyx/George-Michael-2024-UK-1oz-Silver-Proof-Coin
Внимание: на странице не найден блок div.mod-section.specification — спеки взяты из остальных table (если есть).
__RM_JSON__ /Users/mihail/Desktop/Нумизматика сайт/omonete-app/data/royal-mint-george-michael-2024-uk-1oz-silver-proof-coin.json

Готово: /Users/mihail/Desktop/Нумизматика сайт/omonete-app/data/royal-mint-george-michael-2024-uk-1oz-silver-proof-coin.json
Исходная ссылка (listing): https://www.royalmint.com/shop/ancient-historic/trial-of-the-pyx/George-Michael-2024-UK-1oz-Silver-Proof-Coin
Загрузка PDP: https://www.royalmint.com/invest/bullion/bullion-coins/silver-coins/George-Michael-2024-UK-1oz-Silver-Proof-Coin/?listId=Silver_Coins&listName=Silver%20Coins
Классификация картинок: {
  "obverse": null,
  "reverse": null,
  "blister_obverse": null,
  "blister_reverse": null,
  "box": null,
  "certificate": null
}

────────── Как увидеть монету на сайте (localhost) ──────────
Быстро (парсинг + public/data в один заход): npm run royal-mint:preview
  (или уже есть JSON: npx tsx scripts/royal-mint-to-public-catalog.ts "/Users/mihail/Desktop/Нумизматика сайт/omonete-app/data/royal-mint-george-michael-2024-uk-1oz-silver-proof-coin.json")
Потом: npm run dev → http://localhost:3000/coins/991001/ (или ROYAL_MINT_LOCAL_ID)
Картинки (если скачались): public/image/coins/foreign/ — пути уже в JSON монеты.
В БД: npm run royal-mint:import → npm run data:export (или data:export:incremental).

——— [68/192] ———
 https://www.royalmint.com/shop/ancient-historic/trial-of-the-pyx/George-Michael-2024-UK-1oz-Silver-Proof-Colour-Coin
Внимание: на странице не найден блок div.mod-section.specification — спеки взяты из остальных table (если есть).
__RM_JSON__ /Users/mihail/Desktop/Нумизматика сайт/omonete-app/data/royal-mint-george-michael-2024-uk-1oz-silver-proof-colour-coin.json

Готово: /Users/mihail/Desktop/Нумизматика сайт/omonete-app/data/royal-mint-george-michael-2024-uk-1oz-silver-proof-colour-coin.json
Исходная ссылка (listing): https://www.royalmint.com/shop/ancient-historic/trial-of-the-pyx/George-Michael-2024-UK-1oz-Silver-Proof-Colour-Coin
Загрузка PDP: https://www.royalmint.com/invest/bullion/bullion-coins/silver-coins/George-Michael-2024-UK-1oz-Silver-Proof-Colour-Coin/?listId=Silver_Coins&listName=Silver%20Coins
Классификация картинок: {
  "obverse": null,
  "reverse": null,
  "blister_obverse": null,
  "blister_reverse": null,
  "box": null,
  "certificate": null
}

────────── Как увидеть монету на сайте (localhost) ──────────
Быстро (парсинг + public/data в один заход): npm run royal-mint:preview
  (или уже есть JSON: npx tsx scripts/royal-mint-to-public-catalog.ts "/Users/mihail/Desktop/Нумизматика сайт/omonete-app/data/royal-mint-george-michael-2024-uk-1oz-silver-proof-colour-coin.json")
Потом: npm run dev → http://localhost:3000/coins/991001/ (или ROYAL_MINT_LOCAL_ID)
Картинки (если скачались): public/image/coins/foreign/ — пути уже в JSON монеты.
В БД: npm run royal-mint:import → npm run data:export (или data:export:incremental).

——— [69/192] ———
 https://www.royalmint.com/shop/ancient-historic/trial-of-the-pyx/George-Michael-2024-UK-2oz-Silver-Proof-Coin
Внимание: на странице не найден блок div.mod-section.specification — спеки взяты из остальных table (если есть).
__RM_JSON__ /Users/mihail/Desktop/Нумизматика сайт/omonete-app/data/royal-mint-george-michael-2024-uk-2oz-silver-proof-coin.json

Готово: /Users/mihail/Desktop/Нумизматика сайт/omonete-app/data/royal-mint-george-michael-2024-uk-2oz-silver-proof-coin.json
Исходная ссылка (listing): https://www.royalmint.com/shop/ancient-historic/trial-of-the-pyx/George-Michael-2024-UK-2oz-Silver-Proof-Coin
Загрузка PDP: https://www.royalmint.com/invest/bullion/bullion-coins/silver-coins/George-Michael-2024-UK-2oz-Silver-Proof-Coin/?listId=Silver_Coins&listName=Silver%20Coins
Классификация картинок: {
  "obverse": null,
  "reverse": null,
  "blister_obverse": null,
  "blister_reverse": null,
  "box": null,
  "certificate": null
}

────────── Как увидеть монету на сайте (localhost) ──────────
Быстро (парсинг + public/data в один заход): npm run royal-mint:preview
  (или уже есть JSON: npx tsx scripts/royal-mint-to-public-catalog.ts "/Users/mihail/Desktop/Нумизматика сайт/omonete-app/data/royal-mint-george-michael-2024-uk-2oz-silver-proof-coin.json")
Потом: npm run dev → http://localhost:3000/coins/991001/ (или ROYAL_MINT_LOCAL_ID)
Картинки (если скачались): public/image/coins/foreign/ — пути уже в JSON монеты.
В БД: npm run royal-mint:import → npm run data:export (или data:export:incremental).

——— [70/192] ———
 https://www.royalmint.com/shop/ancient-historic/trial-of-the-pyx/Lunar-Year-of-the-Dragon-2024-UK-5oz-Silver-Proof-Coin
Внимание: на странице не найден блок div.mod-section.specification — спеки взяты из остальных table (если есть).
__RM_JSON__ /Users/mihail/Desktop/Нумизматика сайт/omonete-app/data/royal-mint-lunar-year-of-the-dragon-2024-uk-5oz-silver-proof-coin.json

Готово: /Users/mihail/Desktop/Нумизматика сайт/omonete-app/data/royal-mint-lunar-year-of-the-dragon-2024-uk-5oz-silver-proof-coin.json
Исходная ссылка (listing): https://www.royalmint.com/shop/ancient-historic/trial-of-the-pyx/Lunar-Year-of-the-Dragon-2024-UK-5oz-Silver-Proof-Coin
Загрузка PDP: https://www.royalmint.com/invest/bullion/bullion-coins/silver-coins/Lunar-Year-of-the-Dragon-2024-UK-5oz-Silver-Proof-Coin/?listId=Silver_Coins&listName=Silver%20Coins
Классификация картинок: {
  "obverse": null,
  "reverse": null,
  "blister_obverse": null,
  "blister_reverse": null,
  "box": null,
  "certificate": null
}

────────── Как увидеть монету на сайте (localhost) ──────────
Быстро (парсинг + public/data в один заход): npm run royal-mint:preview
  (или уже есть JSON: npx tsx scripts/royal-mint-to-public-catalog.ts "/Users/mihail/Desktop/Нумизматика сайт/omonete-app/data/royal-mint-lunar-year-of-the-dragon-2024-uk-5oz-silver-proof-coin.json")
Потом: npm run dev → http://localhost:3000/coins/991001/ (или ROYAL_MINT_LOCAL_ID)
Картинки (если скачались): public/image/coins/foreign/ — пути уже в JSON монеты.
В БД: npm run royal-mint:import → npm run data:export (или data:export:incremental).

——— [71/192] ———
 https://www.royalmint.com/shop/ancient-historic/trial-of-the-pyx/Myths-and-Legends-Morgan-le-Fay-2023-UK-1oz-Silver-Proof-Coin
Внимание: на странице не найден блок div.mod-section.specification — спеки взяты из остальных table (если есть).
__RM_JSON__ /Users/mihail/Desktop/Нумизматика сайт/omonete-app/data/royal-mint-myths-and-legends-morgan-le-fay-2023-uk-1oz-silver-proof-coin.json

Готово: /Users/mihail/Desktop/Нумизматика сайт/omonete-app/data/royal-mint-myths-and-legends-morgan-le-fay-2023-uk-1oz-silver-proof-coin.json
Исходная ссылка (listing): https://www.royalmint.com/shop/ancient-historic/trial-of-the-pyx/Myths-and-Legends-Morgan-le-Fay-2023-UK-1oz-Silver-Proof-Coin
Загрузка PDP: https://www.royalmint.com/invest/bullion/bullion-coins/silver-coins/Myths-and-Legends-Morgan-le-Fay-2023-UK-1oz-Silver-Proof-Coin/?listId=Silver_Coins&listName=Silver%20Coins
Классификация картинок: {
  "obverse": null,
  "reverse": null,
  "blister_obverse": null,
  "blister_reverse": null,
  "box": null,
  "certificate": null
}

────────── Как увидеть монету на сайте (localhost) ──────────
Быстро (парсинг + public/data в один заход): npm run royal-mint:preview
  (или уже есть JSON: npx tsx scripts/royal-mint-to-public-catalog.ts "/Users/mihail/Desktop/Нумизматика сайт/omonete-app/data/royal-mint-myths-and-legends-morgan-le-fay-2023-uk-1oz-silver-proof-coin.json")
Потом: npm run dev → http://localhost:3000/coins/991001/ (или ROYAL_MINT_LOCAL_ID)
Картинки (если скачались): public/image/coins/foreign/ — пути уже в JSON монеты.
В БД: npm run royal-mint:import → npm run data:export (или data:export:incremental).

——— [72/192] ———
 https://www.royalmint.com/shop/ancient-historic/trial-of-the-pyx/Paul-McCartney-2024-UK-1oz-Silver-Proof-Coin
Внимание: на странице не найден блок div.mod-section.specification — спеки взяты из остальных table (если есть).
__RM_JSON__ /Users/mihail/Desktop/Нумизматика сайт/omonete-app/data/royal-mint-paul-mccartney-2024-uk-1oz-silver-proof-coin.json

Готово: /Users/mihail/Desktop/Нумизматика сайт/omonete-app/data/royal-mint-paul-mccartney-2024-uk-1oz-silver-proof-coin.json
Исходная ссылка (listing): https://www.royalmint.com/shop/ancient-historic/trial-of-the-pyx/Paul-McCartney-2024-UK-1oz-Silver-Proof-Coin
Загрузка PDP: https://www.royalmint.com/invest/bullion/bullion-coins/silver-coins/Paul-McCartney-2024-UK-1oz-Silver-Proof-Coin/?listId=Silver_Coins&listName=Silver%20Coins
Классификация картинок: {
  "obverse": null,
  "reverse": null,
  "blister_obverse": null,
  "blister_reverse": null,
  "box": null,
  "certificate": null
}

────────── Как увидеть монету на сайте (localhost) ──────────
Быстро (парсинг + public/data в один заход): npm run royal-mint:preview
  (или уже есть JSON: npx tsx scripts/royal-mint-to-public-catalog.ts "/Users/mihail/Desktop/Нумизматика сайт/omonete-app/data/royal-mint-paul-mccartney-2024-uk-1oz-silver-proof-coin.json")
Потом: npm run dev → http://localhost:3000/coins/991001/ (или ROYAL_MINT_LOCAL_ID)
Картинки (если скачались): public/image/coins/foreign/ — пути уже в JSON монеты.
В БД: npm run royal-mint:import → npm run data:export (или data:export:incremental).

——— [73/192] ———
 https://www.royalmint.com/shop/ancient-historic/trial-of-the-pyx/Paul-McCartney-2024-UK-2oz-Silver-Proof-Coin
Внимание: на странице не найден блок div.mod-section.specification — спеки взяты из остальных table (если есть).
__RM_JSON__ /Users/mihail/Desktop/Нумизматика сайт/omonete-app/data/royal-mint-paul-mccartney-2024-uk-2oz-silver-proof-coin.json

Готово: /Users/mihail/Desktop/Нумизматика сайт/omonete-app/data/royal-mint-paul-mccartney-2024-uk-2oz-silver-proof-coin.json
Исходная ссылка (listing): https://www.royalmint.com/shop/ancient-historic/trial-of-the-pyx/Paul-McCartney-2024-UK-2oz-Silver-Proof-Coin
Загрузка PDP: https://www.royalmint.com/invest/bullion/bullion-coins/silver-coins/Paul-McCartney-2024-UK-2oz-Silver-Proof-Coin/?listId=Silver_Coins&listName=Silver%20Coins
Классификация картинок: {
  "obverse": null,
  "reverse": null,
  "blister_obverse": null,
  "blister_reverse": null,
  "box": null,
  "certificate": null
}

────────── Как увидеть монету на сайте (localhost) ──────────
Быстро (парсинг + public/data в один заход): npm run royal-mint:preview
  (или уже есть JSON: npx tsx scripts/royal-mint-to-public-catalog.ts "/Users/mihail/Desktop/Нумизматика сайт/omonete-app/data/royal-mint-paul-mccartney-2024-uk-2oz-silver-proof-coin.json")
Потом: npm run dev → http://localhost:3000/coins/991001/ (или ROYAL_MINT_LOCAL_ID)
Картинки (если скачались): public/image/coins/foreign/ — пути уже в JSON монеты.
В БД: npm run royal-mint:import → npm run data:export (или data:export:incremental).

——— [74/192] ———
 https://www.royalmint.com/shop/ancient-historic/trial-of-the-pyx/Paul-McCartney2024-UK-1oz-Silver-Proof-Colour-Coin
Внимание: на странице не найден блок div.mod-section.specification — спеки взяты из остальных table (если есть).
__RM_JSON__ /Users/mihail/Desktop/Нумизматика сайт/omonete-app/data/royal-mint-paul-mccartney2024-uk-1oz-silver-proof-colour-coin.json

Готово: /Users/mihail/Desktop/Нумизматика сайт/omonete-app/data/royal-mint-paul-mccartney2024-uk-1oz-silver-proof-colour-coin.json
Исходная ссылка (listing): https://www.royalmint.com/shop/ancient-historic/trial-of-the-pyx/Paul-McCartney2024-UK-1oz-Silver-Proof-Colour-Coin
Загрузка PDP: https://www.royalmint.com/invest/bullion/bullion-coins/silver-coins/Paul-McCartney2024-UK-1oz-Silver-Proof-Colour-Coin/?listId=Silver_Coins&listName=Silver%20Coins
Классификация картинок: {
  "obverse": null,
  "reverse": null,
  "blister_obverse": null,
  "blister_reverse": null,
  "box": null,
  "certificate": null
}

────────── Как увидеть монету на сайте (localhost) ──────────
Быстро (парсинг + public/data в один заход): npm run royal-mint:preview
  (или уже есть JSON: npx tsx scripts/royal-mint-to-public-catalog.ts "/Users/mihail/Desktop/Нумизматика сайт/omonete-app/data/royal-mint-paul-mccartney2024-uk-1oz-silver-proof-colour-coin.json")
Потом: npm run dev → http://localhost:3000/coins/991001/ (или ROYAL_MINT_LOCAL_ID)
Картинки (если скачались): public/image/coins/foreign/ — пути уже в JSON монеты.
В БД: npm run royal-mint:import → npm run data:export (или data:export:incremental).

——— [75/192] ———
 https://www.royalmint.com/shop/ancient-historic/trial-of-the-pyx/Penny-2024-Silver-Brilliant-Uncirculated-Coin
Внимание: на странице не найден блок div.mod-section.specification — спеки взяты из остальных table (если есть).
__RM_JSON__ /Users/mihail/Desktop/Нумизматика сайт/omonete-app/data/royal-mint-penny-2024-silver-brilliant-uncirculated-coin.json

Готово: /Users/mihail/Desktop/Нумизматика сайт/omonete-app/data/royal-mint-penny-2024-silver-brilliant-uncirculated-coin.json
Исходная ссылка (listing): https://www.royalmint.com/shop/ancient-historic/trial-of-the-pyx/Penny-2024-Silver-Brilliant-Uncirculated-Coin
Загрузка PDP: https://www.royalmint.com/invest/bullion/bullion-coins/silver-coins/Penny-2024-Silver-Brilliant-Uncirculated-Coin/?listId=Silver_Coins&listName=Silver%20Coins
Классификация картинок: {
  "obverse": null,
  "reverse": null,
  "blister_obverse": null,
  "blister_reverse": null,
  "box": null,
  "certificate": null
}

────────── Как увидеть монету на сайте (localhost) ──────────
Быстро (парсинг + public/data в один заход): npm run royal-mint:preview
  (или уже есть JSON: npx tsx scripts/royal-mint-to-public-catalog.ts "/Users/mihail/Desktop/Нумизматика сайт/omonete-app/data/royal-mint-penny-2024-silver-brilliant-uncirculated-coin.json")
Потом: npm run dev → http://localhost:3000/coins/991001/ (или ROYAL_MINT_LOCAL_ID)
Картинки (если скачались): public/image/coins/foreign/ — пути уже в JSON монеты.
В БД: npm run royal-mint:import → npm run data:export (или data:export:incremental).

——— [76/192] ———
 https://www.royalmint.com/shop/ancient-historic/trial-of-the-pyx/Star-Wars-Darth-Vader-and-Emperor-Palpatine-2023-UK-5oz-Silver-Proof-Coin
Внимание: на странице не найден блок div.mod-section.specification — спеки взяты из остальных table (если есть).
__RM_JSON__ /Users/mihail/Desktop/Нумизматика сайт/omonete-app/data/royal-mint-star-wars-darth-vader-and-emperor-palpatine-2023-uk-5oz-silver-proof-coin.json

Готово: /Users/mihail/Desktop/Нумизматика сайт/omonete-app/data/royal-mint-star-wars-darth-vader-and-emperor-palpatine-2023-uk-5oz-silver-proof-coin.json
Исходная ссылка (listing): https://www.royalmint.com/shop/ancient-historic/trial-of-the-pyx/Star-Wars-Darth-Vader-and-Emperor-Palpatine-2023-UK-5oz-Silver-Proof-Coin
Загрузка PDP: https://www.royalmint.com/invest/bullion/bullion-coins/silver-coins/Star-Wars-Darth-Vader-and-Emperor-Palpatine-2023-UK-5oz-Silver-Proof-Coin/?listId=Silver_Coins&listName=Silver%20Coins
Классификация картинок: {
  "obverse": null,
  "reverse": null,
  "blister_obverse": null,
  "blister_reverse": null,
  "box": null,
  "certificate": null
}

────────── Как увидеть монету на сайте (localhost) ──────────
Быстро (парсинг + public/data в один заход): npm run royal-mint:preview
  (или уже есть JSON: npx tsx scripts/royal-mint-to-public-catalog.ts "/Users/mihail/Desktop/Нумизматика сайт/omonete-app/data/royal-mint-star-wars-darth-vader-and-emperor-palpatine-2023-uk-5oz-silver-proof-coin.json")
Потом: npm run dev → http://localhost:3000/coins/991001/ (или ROYAL_MINT_LOCAL_ID)
Картинки (если скачались): public/image/coins/foreign/ — пути уже в JSON монеты.
В БД: npm run royal-mint:import → npm run data:export (или data:export:incremental).

——— [77/192] ———
 https://www.royalmint.com/shop/ancient-historic/trial-of-the-pyx/Star-Wars-Death-Star-ll-2024-UK-50p-Silver-Proof-Colour-Coin
Внимание: на странице не найден блок div.mod-section.specification — спеки взяты из остальных table (если есть).
__RM_JSON__ /Users/mihail/Desktop/Нумизматика сайт/omonete-app/data/royal-mint-star-wars-death-star-ll-2024-uk-50p-silver-proof-colour-coin.json

Готово: /Users/mihail/Desktop/Нумизматика сайт/omonete-app/data/royal-mint-star-wars-death-star-ll-2024-uk-50p-silver-proof-colour-coin.json
Исходная ссылка (listing): https://www.royalmint.com/shop/ancient-historic/trial-of-the-pyx/Star-Wars-Death-Star-ll-2024-UK-50p-Silver-Proof-Colour-Coin
Загрузка PDP: https://www.royalmint.com/invest/bullion/bullion-coins/silver-coins/Star-Wars-Death-Star-ll-2024-UK-50p-Silver-Proof-Colour-Coin/?listId=Silver_Coins&listName=Silver%20Coins
Классификация картинок: {
  "obverse": null,
  "reverse": null,
  "blister_obverse": null,
  "blister_reverse": null,
  "box": null,
  "certificate": null
}

────────── Как увидеть монету на сайте (localhost) ──────────
Быстро (парсинг + public/data в один заход): npm run royal-mint:preview
  (или уже есть JSON: npx tsx scripts/royal-mint-to-public-catalog.ts "/Users/mihail/Desktop/Нумизматика сайт/omonete-app/data/royal-mint-star-wars-death-star-ll-2024-uk-50p-silver-proof-colour-coin.json")
Потом: npm run dev → http://localhost:3000/coins/991001/ (или ROYAL_MINT_LOCAL_ID)
Картинки (если скачались): public/image/coins/foreign/ — пути уже в JSON монеты.
В БД: npm run royal-mint:import → npm run data:export (или data:export:incremental).

——— [78/192] ———
 https://www.royalmint.com/shop/ancient-historic/trial-of-the-pyx/Star-Wars-Han-Solo-and-Chewbacca-2024-UK-50p-Silver-Proof-Colour-Coin
Внимание: на странице не найден блок div.mod-section.specification — спеки взяты из остальных table (если есть).
__RM_JSON__ /Users/mihail/Desktop/Нумизматика сайт/omonete-app/data/royal-mint-star-wars-han-solo-and-chewbacca-2024-uk-50p-silver-proof-colour-coin.json

Готово: /Users/mihail/Desktop/Нумизматика сайт/omonete-app/data/royal-mint-star-wars-han-solo-and-chewbacca-2024-uk-50p-silver-proof-colour-coin.json
Исходная ссылка (listing): https://www.royalmint.com/shop/ancient-historic/trial-of-the-pyx/Star-Wars-Han-Solo-and-Chewbacca-2024-UK-50p-Silver-Proof-Colour-Coin
Загрузка PDP: https://www.royalmint.com/invest/bullion/bullion-coins/silver-coins/Star-Wars-Han-Solo-and-Chewbacca-2024-UK-50p-Silver-Proof-Colour-Coin/?listId=Silver_Coins&listName=Silver%20Coins
Классификация картинок: {
  "obverse": null,
  "reverse": null,
  "blister_obverse": null,
  "blister_reverse": null,
  "box": null,
  "certificate": null
}

────────── Как увидеть монету на сайте (localhost) ──────────
Быстро (парсинг + public/data в один заход): npm run royal-mint:preview
  (или уже есть JSON: npx tsx scripts/royal-mint-to-public-catalog.ts "/Users/mihail/Desktop/Нумизматика сайт/omonete-app/data/royal-mint-star-wars-han-solo-and-chewbacca-2024-uk-50p-silver-proof-colour-coin.json")
Потом: npm run dev → http://localhost:3000/coins/991001/ (или ROYAL_MINT_LOCAL_ID)
Картинки (если скачались): public/image/coins/foreign/ — пути уже в JSON монеты.
В БД: npm run royal-mint:import → npm run data:export (или data:export:incremental).

——— [79/192] ———
 https://www.royalmint.com/shop/ancient-historic/trial-of-the-pyx/Star-Wars-Millennium-Falcon-2024-UK-50p-Silver-Proof-Colour-Coin
Внимание: на странице не найден блок div.mod-section.specification — спеки взяты из остальных table (если есть).
__RM_JSON__ /Users/mihail/Desktop/Нумизматика сайт/omonete-app/data/royal-mint-star-wars-millennium-falcon-2024-uk-50p-silver-proof-colour-coin.json

Готово: /Users/mihail/Desktop/Нумизматика сайт/omonete-app/data/royal-mint-star-wars-millennium-falcon-2024-uk-50p-silver-proof-colour-coin.json
Исходная ссылка (listing): https://www.royalmint.com/shop/ancient-historic/trial-of-the-pyx/Star-Wars-Millennium-Falcon-2024-UK-50p-Silver-Proof-Colour-Coin
Загрузка PDP: https://www.royalmint.com/invest/bullion/bullion-coins/silver-coins/Star-Wars-Millennium-Falcon-2024-UK-50p-Silver-Proof-Colour-Coin/?listId=Silver_Coins&listName=Silver%20Coins
Классификация картинок: {
  "obverse": null,
  "reverse": null,
  "blister_obverse": null,
  "blister_reverse": null,
  "box": null,
  "certificate": null
}

────────── Как увидеть монету на сайте (localhost) ──────────
Быстро (парсинг + public/data в один заход): npm run royal-mint:preview
  (или уже есть JSON: npx tsx scripts/royal-mint-to-public-catalog.ts "/Users/mihail/Desktop/Нумизматика сайт/omonete-app/data/royal-mint-star-wars-millennium-falcon-2024-uk-50p-silver-proof-colour-coin.json")
Потом: npm run dev → http://localhost:3000/coins/991001/ (или ROYAL_MINT_LOCAL_ID)
Картинки (если скачались): public/image/coins/foreign/ — пути уже в JSON монеты.
В БД: npm run royal-mint:import → npm run data:export (или data:export:incremental).

——— [80/192] ———
 https://www.royalmint.com/shop/ancient-historic/trial-of-the-pyx/Star-Wars-TIE-Fighter-2024-UK-50p-Silver-Proof-Colour-oin
Внимание: на странице не найден блок div.mod-section.specification — спеки взяты из остальных table (если есть).
__RM_JSON__ /Users/mihail/Desktop/Нумизматика сайт/omonete-app/data/royal-mint-star-wars-tie-fighter-2024-uk-50p-silver-proof-colour-oin.json

Готово: /Users/mihail/Desktop/Нумизматика сайт/omonete-app/data/royal-mint-star-wars-tie-fighter-2024-uk-50p-silver-proof-colour-oin.json
Исходная ссылка (listing): https://www.royalmint.com/shop/ancient-historic/trial-of-the-pyx/Star-Wars-TIE-Fighter-2024-UK-50p-Silver-Proof-Colour-oin
Загрузка PDP: https://www.royalmint.com/invest/bullion/bullion-coins/silver-coins/Star-Wars-TIE-Fighter-2024-UK-50p-Silver-Proof-Colour-oin/?listId=Silver_Coins&listName=Silver%20Coins
Классификация картинок: {
  "obverse": null,
  "reverse": null,
  "blister_obverse": null,
  "blister_reverse": null,
  "box": null,
  "certificate": null
}

────────── Как увидеть монету на сайте (localhost) ──────────
Быстро (парсинг + public/data в один заход): npm run royal-mint:preview
  (или уже есть JSON: npx tsx scripts/royal-mint-to-public-catalog.ts "/Users/mihail/Desktop/Нумизматика сайт/omonete-app/data/royal-mint-star-wars-tie-fighter-2024-uk-50p-silver-proof-colour-oin.json")
Потом: npm run dev → http://localhost:3000/coins/991001/ (или ROYAL_MINT_LOCAL_ID)
Картинки (если скачались): public/image/coins/foreign/ — пути уже в JSON монеты.
В БД: npm run royal-mint:import → npm run data:export (или data:export:incremental).

——— [81/192] ———
 https://www.royalmint.com/shop/ancient-historic/trial-of-the-pyx/Star-Wars-X-Wing-2024-UK-50p-Silver-Proof-Colour-Coin
Внимание: на странице не найден блок div.mod-section.specification — спеки взяты из остальных table (если есть).
__RM_JSON__ /Users/mihail/Desktop/Нумизматика сайт/omonete-app/data/royal-mint-star-wars-x-wing-2024-uk-50p-silver-proof-colour-coin.json

Готово: /Users/mihail/Desktop/Нумизматика сайт/omonete-app/data/royal-mint-star-wars-x-wing-2024-uk-50p-silver-proof-colour-coin.json
Исходная ссылка (listing): https://www.royalmint.com/shop/ancient-historic/trial-of-the-pyx/Star-Wars-X-Wing-2024-UK-50p-Silver-Proof-Colour-Coin
Загрузка PDP: https://www.royalmint.com/invest/bullion/bullion-coins/silver-coins/Star-Wars-X-Wing-2024-UK-50p-Silver-Proof-Colour-Coin/?listId=Silver_Coins&listName=Silver%20Coins
Классификация картинок: {
  "obverse": null,
  "reverse": null,
  "blister_obverse": null,
  "blister_reverse": null,
  "box": null,
  "certificate": null
}

────────── Как увидеть монету на сайте (localhost) ──────────
Быстро (парсинг + public/data в один заход): npm run royal-mint:preview
  (или уже есть JSON: npx tsx scripts/royal-mint-to-public-catalog.ts "/Users/mihail/Desktop/Нумизматика сайт/omonete-app/data/royal-mint-star-wars-x-wing-2024-uk-50p-silver-proof-colour-coin.json")
Потом: npm run dev → http://localhost:3000/coins/991001/ (или ROYAL_MINT_LOCAL_ID)
Картинки (если скачались): public/image/coins/foreign/ — пути уже в JSON монеты.
В БД: npm run royal-mint:import → npm run data:export (или data:export:incremental).

——— [82/192] ———
 https://www.royalmint.com/shop/ancient-historic/trial-of-the-pyx/The-Lion-and-The-Eagle-2024-UK-1-10oz-Silver-Proof-Coin
Внимание: на странице не найден блок div.mod-section.specification — спеки взяты из остальных table (если есть).
__RM_JSON__ /Users/mihail/Desktop/Нумизматика сайт/omonete-app/data/royal-mint-the-lion-and-the-eagle-2024-uk-1-10oz-silver-proof-coin.json

Готово: /Users/mihail/Desktop/Нумизматика сайт/omonete-app/data/royal-mint-the-lion-and-the-eagle-2024-uk-1-10oz-silver-proof-coin.json
Исходная ссылка (listing): https://www.royalmint.com/shop/ancient-historic/trial-of-the-pyx/The-Lion-and-The-Eagle-2024-UK-1-10oz-Silver-Proof-Coin
Загрузка PDP: https://www.royalmint.com/invest/bullion/bullion-coins/silver-coins/The-Lion-and-The-Eagle-2024-UK-1-10oz-Silver-Proof-Coin/?listId=Silver_Coins&listName=Silver%20Coins
Классификация картинок: {
  "obverse": null,
  "reverse": null,
  "blister_obverse": null,
  "blister_reverse": null,
  "box": null,
  "certificate": null
}

────────── Как увидеть монету на сайте (localhost) ──────────
Быстро (парсинг + public/data в один заход): npm run royal-mint:preview
  (или уже есть JSON: npx tsx scripts/royal-mint-to-public-catalog.ts "/Users/mihail/Desktop/Нумизматика сайт/omonete-app/data/royal-mint-the-lion-and-the-eagle-2024-uk-1-10oz-silver-proof-coin.json")
Потом: npm run dev → http://localhost:3000/coins/991001/ (или ROYAL_MINT_LOCAL_ID)
Картинки (если скачались): public/image/coins/foreign/ — пути уже в JSON монеты.
В БД: npm run royal-mint:import → npm run data:export (или data:export:incremental).

——— [83/192] ———
 https://www.royalmint.com/shop/ancient-historic/trial-of-the-pyx/The-Lion-and-The-Eagle-2024-UK-1-4oz-Silver-Proof-Coin
Внимание: на странице не найден блок div.mod-section.specification — спеки взяты из остальных table (если есть).
__RM_JSON__ /Users/mihail/Desktop/Нумизматика сайт/omonete-app/data/royal-mint-the-lion-and-the-eagle-2024-uk-1-4oz-silver-proof-coin.json

Готово: /Users/mihail/Desktop/Нумизматика сайт/omonete-app/data/royal-mint-the-lion-and-the-eagle-2024-uk-1-4oz-silver-proof-coin.json
Исходная ссылка (listing): https://www.royalmint.com/shop/ancient-historic/trial-of-the-pyx/The-Lion-and-The-Eagle-2024-UK-1-4oz-Silver-Proof-Coin
Загрузка PDP: https://www.royalmint.com/invest/bullion/bullion-coins/silver-coins/The-Lion-and-The-Eagle-2024-UK-1-4oz-Silver-Proof-Coin/?listId=Silver_Coins&listName=Silver%20Coins
Классификация картинок: {
  "obverse": null,
  "reverse": null,
  "blister_obverse": null,
  "blister_reverse": null,
  "box": null,
  "certificate": null
}

────────── Как увидеть монету на сайте (localhost) ──────────
Быстро (парсинг + public/data в один заход): npm run royal-mint:preview
  (или уже есть JSON: npx tsx scripts/royal-mint-to-public-catalog.ts "/Users/mihail/Desktop/Нумизматика сайт/omonete-app/data/royal-mint-the-lion-and-the-eagle-2024-uk-1-4oz-silver-proof-coin.json")
Потом: npm run dev → http://localhost:3000/coins/991001/ (или ROYAL_MINT_LOCAL_ID)
Картинки (если скачались): public/image/coins/foreign/ — пути уже в JSON монеты.
В БД: npm run royal-mint:import → npm run data:export (или data:export:incremental).

——— [84/192] ———
 https://www.royalmint.com/shop/ancient-historic/trial-of-the-pyx/The-Lion-and-The-Eagle-2024-UK-1oz-Silver-Proof-Coin
Внимание: на странице не найден блок div.mod-section.specification — спеки взяты из остальных table (если есть).
__RM_JSON__ /Users/mihail/Desktop/Нумизматика сайт/omonete-app/data/royal-mint-the-lion-and-the-eagle-2024-uk-1oz-silver-proof-coin.json

Готово: /Users/mihail/Desktop/Нумизматика сайт/omonete-app/data/royal-mint-the-lion-and-the-eagle-2024-uk-1oz-silver-proof-coin.json
Исходная ссылка (listing): https://www.royalmint.com/shop/ancient-historic/trial-of-the-pyx/The-Lion-and-The-Eagle-2024-UK-1oz-Silver-Proof-Coin
Загрузка PDP: https://www.royalmint.com/invest/bullion/bullion-coins/silver-coins/The-Lion-and-The-Eagle-2024-UK-1oz-Silver-Proof-Coin/?listId=Silver_Coins&listName=Silver%20Coins
Классификация картинок: {
  "obverse": null,
  "reverse": null,
  "blister_obverse": null,
  "blister_reverse": null,
  "box": null,
  "certificate": null
}

────────── Как увидеть монету на сайте (localhost) ──────────
Быстро (парсинг + public/data в один заход): npm run royal-mint:preview
  (или уже есть JSON: npx tsx scripts/royal-mint-to-public-catalog.ts "/Users/mihail/Desktop/Нумизматика сайт/omonete-app/data/royal-mint-the-lion-and-the-eagle-2024-uk-1oz-silver-proof-coin.json")
Потом: npm run dev → http://localhost:3000/coins/991001/ (или ROYAL_MINT_LOCAL_ID)
Картинки (если скачались): public/image/coins/foreign/ — пути уже в JSON монеты.
В БД: npm run royal-mint:import → npm run data:export (или data:export:incremental).

——— [85/192] ———
 https://www.royalmint.com/shop/ancient-historic/trial-of-the-pyx/the-lion-and-the-eagle-2024-uk-1oz-silver-proof-coin-03060cf0
Внимание: на странице не найден блок div.mod-section.specification — спеки взяты из остальных table (если есть).
__RM_JSON__ /Users/mihail/Desktop/Нумизматика сайт/omonete-app/data/royal-mint-the-lion-and-the-eagle-2024-uk-1oz-silver-proof-coin-03060cf0.json

Готово: /Users/mihail/Desktop/Нумизматика сайт/omonete-app/data/royal-mint-the-lion-and-the-eagle-2024-uk-1oz-silver-proof-coin-03060cf0.json
Исходная ссылка (listing): https://www.royalmint.com/shop/ancient-historic/trial-of-the-pyx/the-lion-and-the-eagle-2024-uk-1oz-silver-proof-coin-03060cf0
Загрузка PDP: https://www.royalmint.com/invest/bullion/bullion-coins/silver-coins/the-lion-and-the-eagle-2024-uk-1oz-silver-proof-coin-03060cf0/?listId=Silver_Coins&listName=Silver%20Coins
Классификация картинок: {
  "obverse": null,
  "reverse": null,
  "blister_obverse": null,
  "blister_reverse": null,
  "box": null,
  "certificate": null
}

────────── Как увидеть монету на сайте (localhost) ──────────
Быстро (парсинг + public/data в один заход): npm run royal-mint:preview
  (или уже есть JSON: npx tsx scripts/royal-mint-to-public-catalog.ts "/Users/mihail/Desktop/Нумизматика сайт/omonete-app/data/royal-mint-the-lion-and-the-eagle-2024-uk-1oz-silver-proof-coin-03060cf0.json")
Потом: npm run dev → http://localhost:3000/coins/991001/ (или ROYAL_MINT_LOCAL_ID)
Картинки (если скачались): public/image/coins/foreign/ — пути уже в JSON монеты.
В БД: npm run royal-mint:import → npm run data:export (или data:export:incremental).

——— [86/192] ———
 https://www.royalmint.com/shop/ancient-historic/trial-of-the-pyx/The-Lion-and-The-Eagle-2024-UK-2oz-Silver-Proof-Coin
Внимание: на странице не найден блок div.mod-section.specification — спеки взяты из остальных table (если есть).
__RM_JSON__ /Users/mihail/Desktop/Нумизматика сайт/omonete-app/data/royal-mint-the-lion-and-the-eagle-2024-uk-2oz-silver-proof-coin.json

Готово: /Users/mihail/Desktop/Нумизматика сайт/omonete-app/data/royal-mint-the-lion-and-the-eagle-2024-uk-2oz-silver-proof-coin.json
Исходная ссылка (listing): https://www.royalmint.com/shop/ancient-historic/trial-of-the-pyx/The-Lion-and-The-Eagle-2024-UK-2oz-Silver-Proof-Coin
Загрузка PDP: https://www.royalmint.com/invest/bullion/bullion-coins/silver-coins/The-Lion-and-The-Eagle-2024-UK-2oz-Silver-Proof-Coin/?listId=Silver_Coins&listName=Silver%20Coins
Классификация картинок: {
  "obverse": null,
  "reverse": null,
  "blister_obverse": null,
  "blister_reverse": null,
  "box": null,
  "certificate": null
}

────────── Как увидеть монету на сайте (localhost) ──────────
Быстро (парсинг + public/data в один заход): npm run royal-mint:preview
  (или уже есть JSON: npx tsx scripts/royal-mint-to-public-catalog.ts "/Users/mihail/Desktop/Нумизматика сайт/omonete-app/data/royal-mint-the-lion-and-the-eagle-2024-uk-2oz-silver-proof-coin.json")
Потом: npm run dev → http://localhost:3000/coins/991001/ (или ROYAL_MINT_LOCAL_ID)
Картинки (если скачались): public/image/coins/foreign/ — пути уже в JSON монеты.
В БД: npm run royal-mint:import → npm run data:export (или data:export:incremental).

——— [87/192] ———
 https://www.royalmint.com/shop/ancient-historic/trial-of-the-pyx/The-Lion-and-The-Eagle-2024-UK-5oz-Silver-Proof-Coin
Внимание: на странице не найден блок div.mod-section.specification — спеки взяты из остальных table (если есть).
__RM_JSON__ /Users/mihail/Desktop/Нумизматика сайт/omonete-app/data/royal-mint-the-lion-and-the-eagle-2024-uk-5oz-silver-proof-coin.json

Готово: /Users/mihail/Desktop/Нумизматика сайт/omonete-app/data/royal-mint-the-lion-and-the-eagle-2024-uk-5oz-silver-proof-coin.json
Исходная ссылка (listing): https://www.royalmint.com/shop/ancient-historic/trial-of-the-pyx/The-Lion-and-The-Eagle-2024-UK-5oz-Silver-Proof-Coin
Загрузка PDP: https://www.royalmint.com/invest/bullion/bullion-coins/silver-coins/The-Lion-and-The-Eagle-2024-UK-5oz-Silver-Proof-Coin/?listId=Silver_Coins&listName=Silver%20Coins
Классификация картинок: {
  "obverse": null,
  "reverse": null,
  "blister_obverse": null,
  "blister_reverse": null,
  "box": null,
  "certificate": null
}

────────── Как увидеть монету на сайте (localhost) ──────────
Быстро (парсинг + public/data в один заход): npm run royal-mint:preview
  (или уже есть JSON: npx tsx scripts/royal-mint-to-public-catalog.ts "/Users/mihail/Desktop/Нумизматика сайт/omonete-app/data/royal-mint-the-lion-and-the-eagle-2024-uk-5oz-silver-proof-coin.json")
Потом: npm run dev → http://localhost:3000/coins/991001/ (или ROYAL_MINT_LOCAL_ID)
Картинки (если скачались): public/image/coins/foreign/ — пути уже в JSON монеты.
В БД: npm run royal-mint:import → npm run data:export (или data:export:incremental).

——— [88/192] ———
 https://www.royalmint.com/shop/ancient-historic/trial-of-the-pyx/The-Police-2023-UK-2oz-Silver-Proof-Coin
Внимание: на странице не найден блок div.mod-section.specification — спеки взяты из остальных table (если есть).
__RM_JSON__ /Users/mihail/Desktop/Нумизматика сайт/omonete-app/data/royal-mint-the-police-2023-uk-2oz-silver-proof-coin.json

Готово: /Users/mihail/Desktop/Нумизматика сайт/omonete-app/data/royal-mint-the-police-2023-uk-2oz-silver-proof-coin.json
Исходная ссылка (listing): https://www.royalmint.com/shop/ancient-historic/trial-of-the-pyx/The-Police-2023-UK-2oz-Silver-Proof-Coin
Загрузка PDP: https://www.royalmint.com/invest/bullion/bullion-coins/silver-coins/The-Police-2023-UK-2oz-Silver-Proof-Coin/?listId=Silver_Coins&listName=Silver%20Coins
Классификация картинок: {
  "obverse": null,
  "reverse": null,
  "blister_obverse": null,
  "blister_reverse": null,
  "box": null,
  "certificate": null
}

────────── Как увидеть монету на сайте (localhost) ──────────
Быстро (парсинг + public/data в один заход): npm run royal-mint:preview
  (или уже есть JSON: npx tsx scripts/royal-mint-to-public-catalog.ts "/Users/mihail/Desktop/Нумизматика сайт/omonete-app/data/royal-mint-the-police-2023-uk-2oz-silver-proof-coin.json")
Потом: npm run dev → http://localhost:3000/coins/991001/ (или ROYAL_MINT_LOCAL_ID)
Картинки (если скачались): public/image/coins/foreign/ — пути уже в JSON монеты.
В БД: npm run royal-mint:import → npm run data:export (или data:export:incremental).

——— [89/192] ———
 https://www.royalmint.com/shop/ancient-historic/trial-of-the-pyx/the-royal-arms-2024-1oz-silver-bullion-coin-73f522dc
Внимание: на странице не найден блок div.mod-section.specification — спеки взяты из остальных table (если есть).
__RM_JSON__ /Users/mihail/Desktop/Нумизматика сайт/omonete-app/data/royal-mint-the-royal-arms-2024-1oz-silver-bullion-coin-73f522dc.json

Готово: /Users/mihail/Desktop/Нумизматика сайт/omonete-app/data/royal-mint-the-royal-arms-2024-1oz-silver-bullion-coin-73f522dc.json
Исходная ссылка (listing): https://www.royalmint.com/shop/ancient-historic/trial-of-the-pyx/the-royal-arms-2024-1oz-silver-bullion-coin-73f522dc
Загрузка PDP: https://www.royalmint.com/invest/bullion/bullion-coins/silver-coins/the-royal-arms-2024-1oz-silver-bullion-coin-73f522dc/?listId=Silver_Coins&listName=Silver%20Coins
Классификация картинок: {
  "obverse": null,
  "reverse": null,
  "blister_obverse": null,
  "blister_reverse": null,
  "box": null,
  "certificate": null
}

────────── Как увидеть монету на сайте (localhost) ──────────
Быстро (парсинг + public/data в один заход): npm run royal-mint:preview
  (или уже есть JSON: npx tsx scripts/royal-mint-to-public-catalog.ts "/Users/mihail/Desktop/Нумизматика сайт/omonete-app/data/royal-mint-the-royal-arms-2024-1oz-silver-bullion-coin-73f522dc.json")
Потом: npm run dev → http://localhost:3000/coins/991001/ (или ROYAL_MINT_LOCAL_ID)
Картинки (если скачались): public/image/coins/foreign/ — пути уже в JSON монеты.
В БД: npm run royal-mint:import → npm run data:export (или data:export:incremental).

——— [90/192] ———
 https://www.royalmint.com/shop/ancient-historic/trial-of-the-pyx/The-Waterloo-Medal-Allied-Leaders-2024-UK-2oz-Silver-Proof-Coin
Внимание: на странице не найден блок div.mod-section.specification — спеки взяты из остальных table (если есть).
__RM_JSON__ /Users/mihail/Desktop/Нумизматика сайт/omonete-app/data/royal-mint-the-waterloo-medal-allied-leaders-2024-uk-2oz-silver-proof-coin.json

Готово: /Users/mihail/Desktop/Нумизматика сайт/omonete-app/data/royal-mint-the-waterloo-medal-allied-leaders-2024-uk-2oz-silver-proof-coin.json
Исходная ссылка (listing): https://www.royalmint.com/shop/ancient-historic/trial-of-the-pyx/The-Waterloo-Medal-Allied-Leaders-2024-UK-2oz-Silver-Proof-Coin
Загрузка PDP: https://www.royalmint.com/invest/bullion/bullion-coins/silver-coins/The-Waterloo-Medal-Allied-Leaders-2024-UK-2oz-Silver-Proof-Coin/?listId=Silver_Coins&listName=Silver%20Coins
Классификация картинок: {
  "obverse": null,
  "reverse": null,
  "blister_obverse": null,
  "blister_reverse": null,
  "box": null,
  "certificate": null
}

────────── Как увидеть монету на сайте (localhost) ──────────
Быстро (парсинг + public/data в один заход): npm run royal-mint:preview
  (или уже есть JSON: npx tsx scripts/royal-mint-to-public-catalog.ts "/Users/mihail/Desktop/Нумизматика сайт/omonete-app/data/royal-mint-the-waterloo-medal-allied-leaders-2024-uk-2oz-silver-proof-coin.json")
Потом: npm run dev → http://localhost:3000/coins/991001/ (или ROYAL_MINT_LOCAL_ID)
Картинки (если скачались): public/image/coins/foreign/ — пути уже в JSON монеты.
В БД: npm run royal-mint:import → npm run data:export (или data:export:incremental).

——— [91/192] ———
 https://www.royalmint.com/shop/ancient-historic/trial-of-the-pyx/The-Waterloo-Medal-Allied-Leaders-2024-UK-2oz-Silver-Proof-Coin-Matt
Внимание: на странице не найден блок div.mod-section.specification — спеки взяты из остальных table (если есть).
__RM_JSON__ /Users/mihail/Desktop/Нумизматика сайт/omonete-app/data/royal-mint-the-waterloo-medal-allied-leaders-2024-uk-2oz-silver-proof-coin-matt.json

Готово: /Users/mihail/Desktop/Нумизматика сайт/omonete-app/data/royal-mint-the-waterloo-medal-allied-leaders-2024-uk-2oz-silver-proof-coin-matt.json
Исходная ссылка (listing): https://www.royalmint.com/shop/ancient-historic/trial-of-the-pyx/The-Waterloo-Medal-Allied-Leaders-2024-UK-2oz-Silver-Proof-Coin-Matt
Загрузка PDP: https://www.royalmint.com/invest/bullion/bullion-coins/silver-coins/The-Waterloo-Medal-Allied-Leaders-2024-UK-2oz-Silver-Proof-Coin-Matt/?listId=Silver_Coins&listName=Silver%20Coins
Классификация картинок: {
  "obverse": null,
  "reverse": null,
  "blister_obverse": null,
  "blister_reverse": null,
  "box": null,
  "certificate": null
}

────────── Как увидеть монету на сайте (localhost) ──────────
Быстро (парсинг + public/data в один заход): npm run royal-mint:preview
  (или уже есть JSON: npx tsx scripts/royal-mint-to-public-catalog.ts "/Users/mihail/Desktop/Нумизматика сайт/omonete-app/data/royal-mint-the-waterloo-medal-allied-leaders-2024-uk-2oz-silver-proof-coin-matt.json")
Потом: npm run dev → http://localhost:3000/coins/991001/ (или ROYAL_MINT_LOCAL_ID)
Картинки (если скачались): public/image/coins/foreign/ — пути уже в JSON монеты.
В БД: npm run royal-mint:import → npm run data:export (или data:export:incremental).

——— [92/192] ———
 https://www.royalmint.com/shop/ancient-historic/trial-of-the-pyx/The-Waterloo-Medal-Allied-Leaders-2024-UK-5oz-Silver-Proof-Coin
Внимание: на странице не найден блок div.mod-section.specification — спеки взяты из остальных table (если есть).
__RM_JSON__ /Users/mihail/Desktop/Нумизматика сайт/omonete-app/data/royal-mint-the-waterloo-medal-allied-leaders-2024-uk-5oz-silver-proof-coin.json

Готово: /Users/mihail/Desktop/Нумизматика сайт/omonete-app/data/royal-mint-the-waterloo-medal-allied-leaders-2024-uk-5oz-silver-proof-coin.json
Исходная ссылка (listing): https://www.royalmint.com/shop/ancient-historic/trial-of-the-pyx/The-Waterloo-Medal-Allied-Leaders-2024-UK-5oz-Silver-Proof-Coin
Загрузка PDP: https://www.royalmint.com/invest/bullion/bullion-coins/silver-coins/The-Waterloo-Medal-Allied-Leaders-2024-UK-5oz-Silver-Proof-Coin/?listId=Silver_Coins&listName=Silver%20Coins
Классификация картинок: {
  "obverse": null,
  "reverse": null,
  "blister_obverse": null,
  "blister_reverse": null,
  "box": null,
  "certificate": null
}

────────── Как увидеть монету на сайте (localhost) ──────────
Быстро (парсинг + public/data в один заход): npm run royal-mint:preview
  (или уже есть JSON: npx tsx scripts/royal-mint-to-public-catalog.ts "/Users/mihail/Desktop/Нумизматика сайт/omonete-app/data/royal-mint-the-waterloo-medal-allied-leaders-2024-uk-5oz-silver-proof-coin.json")
Потом: npm run dev → http://localhost:3000/coins/991001/ (или ROYAL_MINT_LOCAL_ID)
Картинки (если скачались): public/image/coins/foreign/ — пути уже в JSON монеты.
В БД: npm run royal-mint:import → npm run data:export (или data:export:incremental).

——— [93/192] ———
 https://www.royalmint.com/shop/ancient-historic/trial-of-the-pyx/TP25PX110-Britannia-2024-UK-1-20oz-Silver-Proof-Coin
Внимание: на странице не найден блок div.mod-section.specification — спеки взяты из остальных table (если есть).
__RM_JSON__ /Users/mihail/Desktop/Нумизматика сайт/omonete-app/data/royal-mint-tp25px110-britannia-2024-uk-1-20oz-silver-proof-coin.json

Готово: /Users/mihail/Desktop/Нумизматика сайт/omonete-app/data/royal-mint-tp25px110-britannia-2024-uk-1-20oz-silver-proof-coin.json
Исходная ссылка (listing): https://www.royalmint.com/shop/ancient-historic/trial-of-the-pyx/TP25PX110-Britannia-2024-UK-1-20oz-Silver-Proof-Coin
Загрузка PDP: https://www.royalmint.com/invest/bullion/bullion-coins/silver-coins/TP25PX110-Britannia-2024-UK-1-20oz-Silver-Proof-Coin/?listId=Silver_Coins&listName=Silver%20Coins
Классификация картинок: {
  "obverse": null,
  "reverse": null,
  "blister_obverse": null,
  "blister_reverse": null,
  "box": null,
  "certificate": null
}

────────── Как увидеть монету на сайте (localhost) ──────────
Быстро (парсинг + public/data в один заход): npm run royal-mint:preview
  (или уже есть JSON: npx tsx scripts/royal-mint-to-public-catalog.ts "/Users/mihail/Desktop/Нумизматика сайт/omonete-app/data/royal-mint-tp25px110-britannia-2024-uk-1-20oz-silver-proof-coin.json")
Потом: npm run dev → http://localhost:3000/coins/991001/ (или ROYAL_MINT_LOCAL_ID)
Картинки (если скачались): public/image/coins/foreign/ — пути уже в JSON монеты.
В БД: npm run royal-mint:import → npm run data:export (или data:export:incremental).

——— [94/192] ———
 https://www.royalmint.com/shop/ancient-historic/trial-of-the-pyx/tp25px152
Внимание: на странице не найден блок div.mod-section.specification — спеки взяты из остальных table (если есть).
__RM_JSON__ /Users/mihail/Desktop/Нумизматика сайт/omonete-app/data/royal-mint-tp25px152.json

Готово: /Users/mihail/Desktop/Нумизматика сайт/omonete-app/data/royal-mint-tp25px152.json
Исходная ссылка (listing): https://www.royalmint.com/shop/ancient-historic/trial-of-the-pyx/tp25px152
Загрузка PDP: https://www.royalmint.com/invest/bullion/bullion-coins/gold-coins/tp25px152/?listId=Gold_Coins&listName=Gold%20Coins
Классификация картинок: {
  "obverse": null,
  "reverse": null,
  "blister_obverse": null,
  "blister_reverse": null,
  "box": null,
  "certificate": null
}

────────── Как увидеть монету на сайте (localhost) ──────────
Быстро (парсинг + public/data в один заход): npm run royal-mint:preview
  (или уже есть JSON: npx tsx scripts/royal-mint-to-public-catalog.ts "/Users/mihail/Desktop/Нумизматика сайт/omonete-app/data/royal-mint-tp25px152.json")
Потом: npm run dev → http://localhost:3000/coins/991001/ (или ROYAL_MINT_LOCAL_ID)
Картинки (если скачались): public/image/coins/foreign/ — пути уже в JSON монеты.
В БД: npm run royal-mint:import → npm run data:export (или data:export:incremental).

——— [95/192] ———
 https://www.royalmint.com/shop/coin-sets/2001-Britannia-Silver-Proof-Set
Внимание: на странице не найден блок div.mod-section.specification — спеки взяты из остальных table (если есть).
__RM_JSON__ /Users/mihail/Desktop/Нумизматика сайт/omonete-app/data/royal-mint-2001-britannia-silver-proof-set.json

Готово: /Users/mihail/Desktop/Нумизматика сайт/omonete-app/data/royal-mint-2001-britannia-silver-proof-set.json
Исходная ссылка (listing): https://www.royalmint.com/shop/coin-sets/2001-Britannia-Silver-Proof-Set
Загрузка PDP: https://www.royalmint.com/invest/bullion/bullion-coins/silver-coins/2001-Britannia-Silver-Proof-Set/?listId=Silver_Coins&listName=Silver%20Coins
Классификация картинок: {
  "obverse": null,
  "reverse": null,
  "blister_obverse": null,
  "blister_reverse": null,
  "box": null,
  "certificate": null
}

────────── Как увидеть монету на сайте (localhost) ──────────
Быстро (парсинг + public/data в один заход): npm run royal-mint:preview
  (или уже есть JSON: npx tsx scripts/royal-mint-to-public-catalog.ts "/Users/mihail/Desktop/Нумизматика сайт/omonete-app/data/royal-mint-2001-britannia-silver-proof-set.json")
Потом: npm run dev → http://localhost:3000/coins/991001/ (или ROYAL_MINT_LOCAL_ID)
Картинки (если скачались): public/image/coins/foreign/ — пути уже в JSON монеты.
В БД: npm run royal-mint:import → npm run data:export (или data:export:incremental).

——— [96/192] ———
 https://www.royalmint.com/shop/coin-sets/Britannia-Silver-Set
Внимание: на странице не найден блок div.mod-section.specification — спеки взяты из остальных table (если есть).
__RM_JSON__ /Users/mihail/Desktop/Нумизматика сайт/omonete-app/data/royal-mint-britannia-silver-set.json

Готово: /Users/mihail/Desktop/Нумизматика сайт/omonete-app/data/royal-mint-britannia-silver-set.json
Исходная ссылка (listing): https://www.royalmint.com/shop/coin-sets/Britannia-Silver-Set
Загрузка PDP: https://www.royalmint.com/invest/bullion/bullion-coins/silver-coins/Britannia-Silver-Set/?listId=Silver_Coins&listName=Silver%20Coins
Классификация картинок: {
  "obverse": null,
  "reverse": null,
  "blister_obverse": null,
  "blister_reverse": null,
  "box": null,
  "certificate": null
}

────────── Как увидеть монету на сайте (localhost) ──────────
Быстро (парсинг + public/data в один заход): npm run royal-mint:preview
  (или уже есть JSON: npx tsx scripts/royal-mint-to-public-catalog.ts "/Users/mihail/Desktop/Нумизматика сайт/omonete-app/data/royal-mint-britannia-silver-set.json")
Потом: npm run dev → http://localhost:3000/coins/991001/ (или ROYAL_MINT_LOCAL_ID)
Картинки (если скачались): public/image/coins/foreign/ — пути уже в JSON монеты.
В БД: npm run royal-mint:import → npm run data:export (или data:export:incremental).

——— [97/192] ———
 https://www.royalmint.com/shop/coin-sets/dame-vera-lynn-1917-half-crown-and-2022-2-pound-silver-proof
Внимание: на странице не найден блок div.mod-section.specification — спеки взяты из остальных table (если есть).
__RM_JSON__ /Users/mihail/Desktop/Нумизматика сайт/omonete-app/data/royal-mint-dame-vera-lynn-1917-half-crown-and-2022-2-pound-silver-proof.json

Готово: /Users/mihail/Desktop/Нумизматика сайт/omonete-app/data/royal-mint-dame-vera-lynn-1917-half-crown-and-2022-2-pound-silver-proof.json
Исходная ссылка (listing): https://www.royalmint.com/shop/coin-sets/dame-vera-lynn-1917-half-crown-and-2022-2-pound-silver-proof
Загрузка PDP: https://www.royalmint.com/invest/bullion/bullion-coins/silver-coins/dame-vera-lynn-1917-half-crown-and-2022-2-pound-silver-proof/?listId=Silver_Coins&listName=Silver%20Coins
Классификация картинок: {
  "obverse": null,
  "reverse": null,
  "blister_obverse": null,
  "blister_reverse": null,
  "box": null,
  "certificate": null
}

────────── Как увидеть монету на сайте (localhost) ──────────
Быстро (парсинг + public/data в один заход): npm run royal-mint:preview
  (или уже есть JSON: npx tsx scripts/royal-mint-to-public-catalog.ts "/Users/mihail/Desktop/Нумизматика сайт/omonete-app/data/royal-mint-dame-vera-lynn-1917-half-crown-and-2022-2-pound-silver-proof.json")
Потом: npm run dev → http://localhost:3000/coins/991001/ (или ROYAL_MINT_LOCAL_ID)
Картинки (если скачались): public/image/coins/foreign/ — пути уже в JSON монеты.
В БД: npm run royal-mint:import → npm run data:export (или data:export:incremental).

——— [98/192] ———
 https://www.royalmint.com/shop/coin-sets/the-legacy-of-the-napoleonic-war-four-coin-set
Внимание: на странице не найден блок div.mod-section.specification — спеки взяты из остальных table (если есть).
__RM_JSON__ /Users/mihail/Desktop/Нумизматика сайт/omonete-app/data/royal-mint-the-legacy-of-the-napoleonic-war-four-coin-set.json

Готово: /Users/mihail/Desktop/Нумизматика сайт/omonete-app/data/royal-mint-the-legacy-of-the-napoleonic-war-four-coin-set.json
Исходная ссылка (listing): https://www.royalmint.com/shop/coin-sets/the-legacy-of-the-napoleonic-war-four-coin-set
Загрузка PDP: https://www.royalmint.com/invest/bullion/bullion-coins/gold-coins/the-legacy-of-the-napoleonic-war-four-coin-set/?listId=Gold_Coins&listName=Gold%20Coins
Классификация картинок: {
  "obverse": null,
  "reverse": null,
  "blister_obverse": null,
  "blister_reverse": null,
  "box": null,
  "certificate": null
}

────────── Как увидеть монету на сайте (localhost) ──────────
Быстро (парсинг + public/data в один заход): npm run royal-mint:preview
  (или уже есть JSON: npx tsx scripts/royal-mint-to-public-catalog.ts "/Users/mihail/Desktop/Нумизматика сайт/omonete-app/data/royal-mint-the-legacy-of-the-napoleonic-war-four-coin-set.json")
Потом: npm run dev → http://localhost:3000/coins/991001/ (или ROYAL_MINT_LOCAL_ID)
Картинки (если скачались): public/image/coins/foreign/ — пути уже в JSON монеты.
В БД: npm run royal-mint:import → npm run data:export (или data:export:incremental).

——— [99/192] ———
 https://www.royalmint.com/shop/commemorative/childhood-characters/the-snowman/the-snowman-2025-50p-silver-proof-colour-coin
Внимание: на странице не найден блок div.mod-section.specification — спеки взяты из остальных table (если есть).
__RM_JSON__ /Users/mihail/Desktop/Нумизматика сайт/omonete-app/data/royal-mint-the-snowman-2025-50p-silver-proof-colour-coin.json

Готово: /Users/mihail/Desktop/Нумизматика сайт/omonete-app/data/royal-mint-the-snowman-2025-50p-silver-proof-colour-coin.json
Исходная ссылка (listing): https://www.royalmint.com/shop/commemorative/childhood-characters/the-snowman/the-snowman-2025-50p-silver-proof-colour-coin
Загрузка PDP: https://www.royalmint.com/invest/bullion/bullion-coins/silver-coins/the-snowman-2025-50p-silver-proof-colour-coin/?listId=Silver_Coins&listName=Silver%20Coins
Классификация картинок: {
  "obverse": null,
  "reverse": null,
  "blister_obverse": null,
  "blister_reverse": null,
  "box": null,
  "certificate": null
}

────────── Как увидеть монету на сайте (localhost) ──────────
Быстро (парсинг + public/data в один заход): npm run royal-mint:preview
  (или уже есть JSON: npx tsx scripts/royal-mint-to-public-catalog.ts "/Users/mihail/Desktop/Нумизматика сайт/omonete-app/data/royal-mint-the-snowman-2025-50p-silver-proof-colour-coin.json")
Потом: npm run dev → http://localhost:3000/coins/991001/ (или ROYAL_MINT_LOCAL_ID)
Картинки (если скачались): public/image/coins/foreign/ — пути уже в JSON монеты.
В БД: npm run royal-mint:import → npm run data:export (или data:export:incremental).

——— [100/192] ———
 https://www.royalmint.com/shop/limited-editions/100th-anniversary-of-the-birth-of-queen-elizabeth-ii/100th-anniversary-of-the-birth-of-qeii-two-coin-silver-proof-set
Внимание: на странице не найден блок div.mod-section.specification — спеки взяты из остальных table (если есть).
__RM_JSON__ /Users/mihail/Desktop/Нумизматика сайт/omonete-app/data/royal-mint-100th-anniversary-of-the-birth-of-qeii-two-coin-silver-proof-set.json

Готово: /Users/mihail/Desktop/Нумизматика сайт/omonete-app/data/royal-mint-100th-anniversary-of-the-birth-of-qeii-two-coin-silver-proof-set.json
Исходная ссылка (listing): https://www.royalmint.com/shop/limited-editions/100th-anniversary-of-the-birth-of-queen-elizabeth-ii/100th-anniversary-of-the-birth-of-qeii-two-coin-silver-proof-set
Загрузка PDP: https://www.royalmint.com/invest/bullion/bullion-coins/silver-coins/100th-anniversary-of-the-birth-of-qeii-two-coin-silver-proof-set/?listId=Silver_Coins&listName=Silver%20Coins
Классификация картинок: {
  "obverse": null,
  "reverse": null,
  "blister_obverse": null,
  "blister_reverse": null,
  "box": null,
  "certificate": null
}

────────── Как увидеть монету на сайте (localhost) ──────────
Быстро (парсинг + public/data в один заход): npm run royal-mint:preview
  (или уже есть JSON: npx tsx scripts/royal-mint-to-public-catalog.ts "/Users/mihail/Desktop/Нумизматика сайт/omonete-app/data/royal-mint-100th-anniversary-of-the-birth-of-qeii-two-coin-silver-proof-set.json")
Потом: npm run dev → http://localhost:3000/coins/991001/ (или ROYAL_MINT_LOCAL_ID)
Картинки (если скачались): public/image/coins/foreign/ — пути уже в JSON монеты.
В БД: npm run royal-mint:import → npm run data:export (или data:export:incremental).

——— [101/192] ———
 https://www.royalmint.com/shop/limited-editions/100th-anniversary-of-the-birth-of-queen-elizabeth-ii/100th-anniversary-of-the-birth-of-queen-elizabeth-ii-2026-1kg-silver-proof-coin
Внимание: на странице не найден блок div.mod-section.specification — спеки взяты из остальных table (если есть).
__RM_JSON__ /Users/mihail/Desktop/Нумизматика сайт/omonete-app/data/royal-mint-100th-anniversary-of-the-birth-of-queen-elizabeth-ii-2026-1kg-silver-proof-coin.json

Готово: /Users/mihail/Desktop/Нумизматика сайт/omonete-app/data/royal-mint-100th-anniversary-of-the-birth-of-queen-elizabeth-ii-2026-1kg-silver-proof-coin.json
Исходная ссылка (listing): https://www.royalmint.com/shop/limited-editions/100th-anniversary-of-the-birth-of-queen-elizabeth-ii/100th-anniversary-of-the-birth-of-queen-elizabeth-ii-2026-1kg-silver-proof-coin
Загрузка PDP: https://www.royalmint.com/invest/bullion/bullion-coins/silver-coins/100th-anniversary-of-the-birth-of-queen-elizabeth-ii-2026-1kg-silver-proof-coin/?listId=Silver_Coins&listName=Silver%20Coins
Классификация картинок: {
  "obverse": null,
  "reverse": null,
  "blister_obverse": null,
  "blister_reverse": null,
  "box": null,
  "certificate": null
}

────────── Как увидеть монету на сайте (localhost) ──────────
Быстро (парсинг + public/data в один заход): npm run royal-mint:preview
  (или уже есть JSON: npx tsx scripts/royal-mint-to-public-catalog.ts "/Users/mihail/Desktop/Нумизматика сайт/omonete-app/data/royal-mint-100th-anniversary-of-the-birth-of-queen-elizabeth-ii-2026-1kg-silver-proof-coin.json")
Потом: npm run dev → http://localhost:3000/coins/991001/ (или ROYAL_MINT_LOCAL_ID)
Картинки (если скачались): public/image/coins/foreign/ — пути уже в JSON монеты.
В БД: npm run royal-mint:import → npm run data:export (или data:export:incremental).

——— [102/192] ———
 https://www.royalmint.com/shop/limited-editions/100th-anniversary-of-the-birth-of-queen-elizabeth-ii/100th-anniversary-of-the-birth-of-queen-elizabeth-ii-2026-silver-proof-coin
Внимание: на странице не найден блок div.mod-section.specification — спеки взяты из остальных table (если есть).
__RM_JSON__ /Users/mihail/Desktop/Нумизматика сайт/omonete-app/data/royal-mint-100th-anniversary-of-the-birth-of-queen-elizabeth-ii-2026-silver-proof-coin.json

Готово: /Users/mihail/Desktop/Нумизматика сайт/omonete-app/data/royal-mint-100th-anniversary-of-the-birth-of-queen-elizabeth-ii-2026-silver-proof-coin.json
Исходная ссылка (listing): https://www.royalmint.com/shop/limited-editions/100th-anniversary-of-the-birth-of-queen-elizabeth-ii/100th-anniversary-of-the-birth-of-queen-elizabeth-ii-2026-silver-proof-coin
Загрузка PDP: https://www.royalmint.com/invest/bullion/bullion-coins/silver-coins/100th-anniversary-of-the-birth-of-queen-elizabeth-ii-2026-silver-proof-coin/?listId=Silver_Coins&listName=Silver%20Coins
Классификация картинок: {
  "obverse": null,
  "reverse": null,
  "blister_obverse": null,
  "blister_reverse": null,
  "box": null,
  "certificate": null
}

────────── Как увидеть монету на сайте (localhost) ──────────
Быстро (парсинг + public/data в один заход): npm run royal-mint:preview
  (или уже есть JSON: npx tsx scripts/royal-mint-to-public-catalog.ts "/Users/mihail/Desktop/Нумизматика сайт/omonete-app/data/royal-mint-100th-anniversary-of-the-birth-of-queen-elizabeth-ii-2026-silver-proof-coin.json")
Потом: npm run dev → http://localhost:3000/coins/991001/ (или ROYAL_MINT_LOCAL_ID)
Картинки (если скачались): public/image/coins/foreign/ — пути уже в JSON монеты.
В БД: npm run royal-mint:import → npm run data:export (или data:export:incremental).

——— [103/192] ———
 https://www.royalmint.com/shop/limited-editions/100th-anniversary-of-the-birth-of-queen-elizabeth-ii/100th-anniversary-of-the-birth-of-queen-elizabeth-ii-2026-silver-proof-piedfort-coin
Внимание: на странице не найден блок div.mod-section.specification — спеки взяты из остальных table (если есть).
__RM_JSON__ /Users/mihail/Desktop/Нумизматика сайт/omonete-app/data/royal-mint-100th-anniversary-of-the-birth-of-queen-elizabeth-ii-2026-silver-proof-piedfort-coin.json

Готово: /Users/mihail/Desktop/Нумизматика сайт/omonete-app/data/royal-mint-100th-anniversary-of-the-birth-of-queen-elizabeth-ii-2026-silver-proof-piedfort-coin.json
Исходная ссылка (listing): https://www.royalmint.com/shop/limited-editions/100th-anniversary-of-the-birth-of-queen-elizabeth-ii/100th-anniversary-of-the-birth-of-queen-elizabeth-ii-2026-silver-proof-piedfort-coin
Загрузка PDP: https://www.royalmint.com/invest/bullion/bullion-coins/silver-coins/100th-anniversary-of-the-birth-of-queen-elizabeth-ii-2026-silver-proof-piedfort-coin/?listId=Silver_Coins&listName=Silver%20Coins
Классификация картинок: {
  "obverse": null,
  "reverse": null,
  "blister_obverse": null,
  "blister_reverse": null,
  "box": null,
  "certificate": null
}

────────── Как увидеть монету на сайте (localhost) ──────────
Быстро (парсинг + public/data в один заход): npm run royal-mint:preview
  (или уже есть JSON: npx tsx scripts/royal-mint-to-public-catalog.ts "/Users/mihail/Desktop/Нумизматика сайт/omonete-app/data/royal-mint-100th-anniversary-of-the-birth-of-queen-elizabeth-ii-2026-silver-proof-piedfort-coin.json")
Потом: npm run dev → http://localhost:3000/coins/991001/ (или ROYAL_MINT_LOCAL_ID)
Картинки (если скачались): public/image/coins/foreign/ — пути уже в JSON монеты.
В БД: npm run royal-mint:import → npm run data:export (или data:export:incremental).

——— [104/192] ———
 https://www.royalmint.com/shop/limited-editions/150-years-of-liberty/150-years-of-liberty-2025-silver-proof-colour-coin
Внимание: на странице не найден блок div.mod-section.specification — спеки взяты из остальных table (если есть).
__RM_JSON__ /Users/mihail/Desktop/Нумизматика сайт/omonete-app/data/royal-mint-150-years-of-liberty-2025-silver-proof-colour-coin.json

Готово: /Users/mihail/Desktop/Нумизматика сайт/omonete-app/data/royal-mint-150-years-of-liberty-2025-silver-proof-colour-coin.json
Исходная ссылка (listing): https://www.royalmint.com/shop/limited-editions/150-years-of-liberty/150-years-of-liberty-2025-silver-proof-colour-coin
Загрузка PDP: https://www.royalmint.com/invest/bullion/bullion-coins/silver-coins/150-years-of-liberty-2025-silver-proof-colour-coin/?listId=Silver_Coins&listName=Silver%20Coins
Классификация картинок: {
  "obverse": null,
  "reverse": null,
  "blister_obverse": null,
  "blister_reverse": null,
  "box": null,
  "certificate": null
}

────────── Как увидеть монету на сайте (localhost) ──────────
Быстро (парсинг + public/data в один заход): npm run royal-mint:preview
  (или уже есть JSON: npx tsx scripts/royal-mint-to-public-catalog.ts "/Users/mihail/Desktop/Нумизматика сайт/omonete-app/data/royal-mint-150-years-of-liberty-2025-silver-proof-colour-coin.json")
Потом: npm run dev → http://localhost:3000/coins/991001/ (или ROYAL_MINT_LOCAL_ID)
Картинки (если скачались): public/image/coins/foreign/ — пути уже в JSON монеты.
В БД: npm run royal-mint:import → npm run data:export (или data:export:incremental).

——— [105/192] ———
 https://www.royalmint.com/shop/limited-editions/200-years-of-the-modern-railway/200-years-of-the-modern-railway-2025-silver-proof-coin
Внимание: на странице не найден блок div.mod-section.specification — спеки взяты из остальных table (если есть).
__RM_JSON__ /Users/mihail/Desktop/Нумизматика сайт/omonete-app/data/royal-mint-200-years-of-the-modern-railway-2025-silver-proof-coin.json

Готово: /Users/mihail/Desktop/Нумизматика сайт/omonete-app/data/royal-mint-200-years-of-the-modern-railway-2025-silver-proof-coin.json
Исходная ссылка (listing): https://www.royalmint.com/shop/limited-editions/200-years-of-the-modern-railway/200-years-of-the-modern-railway-2025-silver-proof-coin
Загрузка PDP: https://www.royalmint.com/invest/bullion/bullion-coins/silver-coins/200-years-of-the-modern-railway-2025-silver-proof-coin/?listId=Silver_Coins&listName=Silver%20Coins
Классификация картинок: {
  "obverse": null,
  "reverse": null,
  "blister_obverse": null,
  "blister_reverse": null,
  "box": null,
  "certificate": null
}

────────── Как увидеть монету на сайте (localhost) ──────────
Быстро (парсинг + public/data в один заход): npm run royal-mint:preview
  (или уже есть JSON: npx tsx scripts/royal-mint-to-public-catalog.ts "/Users/mihail/Desktop/Нумизматика сайт/omonete-app/data/royal-mint-200-years-of-the-modern-railway-2025-silver-proof-coin.json")
Потом: npm run dev → http://localhost:3000/coins/991001/ (или ROYAL_MINT_LOCAL_ID)
Картинки (если скачались): public/image/coins/foreign/ — пути уже в JSON монеты.
В БД: npm run royal-mint:import → npm run data:export (или data:export:incremental).

——— [106/192] ———
 https://www.royalmint.com/shop/limited-editions/200-years-of-the-modern-railway/200-years-of-the-modern-railway-2025-silver-proof-piedfort-coin
Внимание: на странице не найден блок div.mod-section.specification — спеки взяты из остальных table (если есть).
__RM_JSON__ /Users/mihail/Desktop/Нумизматика сайт/omonete-app/data/royal-mint-200-years-of-the-modern-railway-2025-silver-proof-piedfort-coin.json

Готово: /Users/mihail/Desktop/Нумизматика сайт/omonete-app/data/royal-mint-200-years-of-the-modern-railway-2025-silver-proof-piedfort-coin.json
Исходная ссылка (listing): https://www.royalmint.com/shop/limited-editions/200-years-of-the-modern-railway/200-years-of-the-modern-railway-2025-silver-proof-piedfort-coin
Загрузка PDP: https://www.royalmint.com/invest/bullion/bullion-coins/silver-coins/200-years-of-the-modern-railway-2025-silver-proof-piedfort-coin/?listId=Silver_Coins&listName=Silver%20Coins
Классификация картинок: {
  "obverse": null,
  "reverse": null,
  "blister_obverse": null,
  "blister_reverse": null,
  "box": null,
  "certificate": null
}

────────── Как увидеть монету на сайте (localhost) ──────────
Быстро (парсинг + public/data в один заход): npm run royal-mint:preview
  (или уже есть JSON: npx tsx scripts/royal-mint-to-public-catalog.ts "/Users/mihail/Desktop/Нумизматика сайт/omonete-app/data/royal-mint-200-years-of-the-modern-railway-2025-silver-proof-piedfort-coin.json")
Потом: npm run dev → http://localhost:3000/coins/991001/ (или ROYAL_MINT_LOCAL_ID)
Картинки (если скачались): public/image/coins/foreign/ — пути уже в JSON монеты.
В БД: npm run royal-mint:import → npm run data:export (или data:export:incremental).

——— [107/192] ———
 https://www.royalmint.com/shop/limited-editions/200-years-of-the-modern-railway/200-years-of-the-modern-railway-collector-set
Внимание: на странице не найден блок div.mod-section.specification — спеки взяты из остальных table (если есть).
__RM_JSON__ /Users/mihail/Desktop/Нумизматика сайт/omonete-app/data/royal-mint-200-years-of-the-modern-railway-collector-set.json

Готово: /Users/mihail/Desktop/Нумизматика сайт/omonete-app/data/royal-mint-200-years-of-the-modern-railway-collector-set.json
Исходная ссылка (listing): https://www.royalmint.com/shop/limited-editions/200-years-of-the-modern-railway/200-years-of-the-modern-railway-collector-set
Загрузка PDP: https://www.royalmint.com/invest/bullion/bullion-coins/gold-coins/200-years-of-the-modern-railway-collector-set/?listId=Gold_Coins&listName=Gold%20Coins
Классификация картинок: {
  "obverse": null,
  "reverse": null,
  "blister_obverse": null,
  "blister_reverse": null,
  "box": null,
  "certificate": null
}

────────── Как увидеть монету на сайте (localhost) ──────────
Быстро (парсинг + public/data в один заход): npm run royal-mint:preview
  (или уже есть JSON: npx tsx scripts/royal-mint-to-public-catalog.ts "/Users/mihail/Desktop/Нумизматика сайт/omonete-app/data/royal-mint-200-years-of-the-modern-railway-collector-set.json")
Потом: npm run dev → http://localhost:3000/coins/991001/ (или ROYAL_MINT_LOCAL_ID)
Картинки (если скачались): public/image/coins/foreign/ — пути уже в JSON монеты.
В БД: npm run royal-mint:import → npm run data:export (или data:export:incremental).

——— [108/192] ———
 https://www.royalmint.com/shop/limited-editions/concorde/50th-anniversary-of-the-first-flight-of-concorde-silver-set
Внимание: на странице не найден блок div.mod-section.specification — спеки взяты из остальных table (если есть).
__RM_JSON__ /Users/mihail/Desktop/Нумизматика сайт/omonete-app/data/royal-mint-50th-anniversary-of-the-first-flight-of-concorde-silver-set.json

Готово: /Users/mihail/Desktop/Нумизматика сайт/omonete-app/data/royal-mint-50th-anniversary-of-the-first-flight-of-concorde-silver-set.json
Исходная ссылка (listing): https://www.royalmint.com/shop/limited-editions/concorde/50th-anniversary-of-the-first-flight-of-concorde-silver-set
Загрузка PDP: https://www.royalmint.com/invest/bullion/bullion-coins/silver-coins/50th-anniversary-of-the-first-flight-of-concorde-silver-set/?listId=Silver_Coins&listName=Silver%20Coins
Классификация картинок: {
  "obverse": null,
  "reverse": null,
  "blister_obverse": null,
  "blister_reverse": null,
  "box": null,
  "certificate": null
}

────────── Как увидеть монету на сайте (localhost) ──────────
Быстро (парсинг + public/data в один заход): npm run royal-mint:preview
  (или уже есть JSON: npx tsx scripts/royal-mint-to-public-catalog.ts "/Users/mihail/Desktop/Нумизматика сайт/omonete-app/data/royal-mint-50th-anniversary-of-the-first-flight-of-concorde-silver-set.json")
Потом: npm run dev → http://localhost:3000/coins/991001/ (или ROYAL_MINT_LOCAL_ID)
Картинки (если скачались): public/image/coins/foreign/ — пути уже в JSON монеты.
В БД: npm run royal-mint:import → npm run data:export (или data:export:incremental).

——— [109/192] ———
 https://www.royalmint.com/shop/limited-editions/concorde/concorde-2026-50p-silver-proof-coin
Внимание: на странице не найден блок div.mod-section.specification — спеки взяты из остальных table (если есть).
__RM_JSON__ /Users/mihail/Desktop/Нумизматика сайт/omonete-app/data/royal-mint-concorde-2026-50p-silver-proof-coin.json

Готово: /Users/mihail/Desktop/Нумизматика сайт/omonete-app/data/royal-mint-concorde-2026-50p-silver-proof-coin.json
Исходная ссылка (listing): https://www.royalmint.com/shop/limited-editions/concorde/concorde-2026-50p-silver-proof-coin
Загрузка PDP: https://www.royalmint.com/invest/bullion/bullion-coins/silver-coins/concorde-2026-50p-silver-proof-coin/?listId=Silver_Coins&listName=Silver%20Coins
Классификация картинок: {
  "obverse": null,
  "reverse": null,
  "blister_obverse": null,
  "blister_reverse": null,
  "box": null,
  "certificate": null
}

────────── Как увидеть монету на сайте (localhost) ──────────
Быстро (парсинг + public/data в один заход): npm run royal-mint:preview
  (или уже есть JSON: npx tsx scripts/royal-mint-to-public-catalog.ts "/Users/mihail/Desktop/Нумизматика сайт/omonete-app/data/royal-mint-concorde-2026-50p-silver-proof-coin.json")
Потом: npm run dev → http://localhost:3000/coins/991001/ (или ROYAL_MINT_LOCAL_ID)
Картинки (если скачались): public/image/coins/foreign/ — пути уже в JSON монеты.
В БД: npm run royal-mint:import → npm run data:export (или data:export:incremental).

——— [110/192] ———
 https://www.royalmint.com/shop/limited-editions/dennis-the-menace/75-years-of-dennis-the-menace-2026-1kg-silver-proof-coin
Внимание: на странице не найден блок div.mod-section.specification — спеки взяты из остальных table (если есть).
__RM_JSON__ /Users/mihail/Desktop/Нумизматика сайт/omonete-app/data/royal-mint-75-years-of-dennis-the-menace-2026-1kg-silver-proof-coin.json

Готово: /Users/mihail/Desktop/Нумизматика сайт/omonete-app/data/royal-mint-75-years-of-dennis-the-menace-2026-1kg-silver-proof-coin.json
Исходная ссылка (listing): https://www.royalmint.com/shop/limited-editions/dennis-the-menace/75-years-of-dennis-the-menace-2026-1kg-silver-proof-coin
Загрузка PDP: https://www.royalmint.com/invest/bullion/bullion-coins/silver-coins/75-years-of-dennis-the-menace-2026-1kg-silver-proof-coin/?listId=Silver_Coins&listName=Silver%20Coins
Классификация картинок: {
  "obverse": null,
  "reverse": null,
  "blister_obverse": null,
  "blister_reverse": null,
  "box": null,
  "certificate": null
}

────────── Как увидеть монету на сайте (localhost) ──────────
Быстро (парсинг + public/data в один заход): npm run royal-mint:preview
  (или уже есть JSON: npx tsx scripts/royal-mint-to-public-catalog.ts "/Users/mihail/Desktop/Нумизматика сайт/omonete-app/data/royal-mint-75-years-of-dennis-the-menace-2026-1kg-silver-proof-coin.json")
Потом: npm run dev → http://localhost:3000/coins/991001/ (или ROYAL_MINT_LOCAL_ID)
Картинки (если скачались): public/image/coins/foreign/ — пути уже в JSON монеты.
В БД: npm run royal-mint:import → npm run data:export (или data:export:incremental).

——— [111/192] ———
 https://www.royalmint.com/shop/limited-editions/dennis-the-menace/75-years-of-dennis-the-menace-2026-50p-silver-proof-colour-coin
Внимание: на странице не найден блок div.mod-section.specification — спеки взяты из остальных table (если есть).
__RM_JSON__ /Users/mihail/Desktop/Нумизматика сайт/omonete-app/data/royal-mint-75-years-of-dennis-the-menace-2026-50p-silver-proof-colour-coin.json

Готово: /Users/mihail/Desktop/Нумизматика сайт/omonete-app/data/royal-mint-75-years-of-dennis-the-menace-2026-50p-silver-proof-colour-coin.json
Исходная ссылка (listing): https://www.royalmint.com/shop/limited-editions/dennis-the-menace/75-years-of-dennis-the-menace-2026-50p-silver-proof-colour-coin
Загрузка PDP: https://www.royalmint.com/invest/bullion/bullion-coins/silver-coins/75-years-of-dennis-the-menace-2026-50p-silver-proof-colour-coin/?listId=Silver_Coins&listName=Silver%20Coins
Классификация картинок: {
  "obverse": null,
  "reverse": null,
  "blister_obverse": null,
  "blister_reverse": null,
  "box": null,
  "certificate": null
}

────────── Как увидеть монету на сайте (localhost) ──────────
Быстро (парсинг + public/data в один заход): npm run royal-mint:preview
  (или уже есть JSON: npx tsx scripts/royal-mint-to-public-catalog.ts "/Users/mihail/Desktop/Нумизматика сайт/omonete-app/data/royal-mint-75-years-of-dennis-the-menace-2026-50p-silver-proof-colour-coin.json")
Потом: npm run dev → http://localhost:3000/coins/991001/ (или ROYAL_MINT_LOCAL_ID)
Картинки (если скачались): public/image/coins/foreign/ — пути уже в JSON монеты.
В БД: npm run royal-mint:import → npm run data:export (или data:export:incremental).

——— [112/192] ———
 https://www.royalmint.com/shop/limited-editions/dinosaurs-iconic-specimens/diplodocus/diplodocus-2024-50p-silver-proof-colour-coin
Внимание: на странице не найден блок div.mod-section.specification — спеки взяты из остальных table (если есть).
__RM_JSON__ /Users/mihail/Desktop/Нумизматика сайт/omonete-app/data/royal-mint-diplodocus-2024-50p-silver-proof-colour-coin.json

Готово: /Users/mihail/Desktop/Нумизматика сайт/omonete-app/data/royal-mint-diplodocus-2024-50p-silver-proof-colour-coin.json
Исходная ссылка (listing): https://www.royalmint.com/shop/limited-editions/dinosaurs-iconic-specimens/diplodocus/diplodocus-2024-50p-silver-proof-colour-coin
Загрузка PDP: https://www.royalmint.com/invest/bullion/bullion-coins/silver-coins/diplodocus-2024-50p-silver-proof-colour-coin/?listId=Silver_Coins&listName=Silver%20Coins
Классификация картинок: {
  "obverse": null,
  "reverse": null,
  "blister_obverse": null,
  "blister_reverse": null,
  "box": null,
  "certificate": null
}

────────── Как увидеть монету на сайте (localhost) ──────────
Быстро (парсинг + public/data в один заход): npm run royal-mint:preview
  (или уже есть JSON: npx tsx scripts/royal-mint-to-public-catalog.ts "/Users/mihail/Desktop/Нумизматика сайт/omonete-app/data/royal-mint-diplodocus-2024-50p-silver-proof-colour-coin.json")
Потом: npm run dev → http://localhost:3000/coins/991001/ (или ROYAL_MINT_LOCAL_ID)
Картинки (если скачались): public/image/coins/foreign/ — пути уже в JSON монеты.
В БД: npm run royal-mint:import → npm run data:export (или data:export:incremental).

——— [113/192] ———
 https://www.royalmint.com/shop/limited-editions/dinosaurs-iconic-specimens/stegosaurus/stegosaurus-2024-50p-silver-proof-colour-coin
Внимание: на странице не найден блок div.mod-section.specification — спеки взяты из остальных table (если есть).
__RM_JSON__ /Users/mihail/Desktop/Нумизматика сайт/omonete-app/data/royal-mint-stegosaurus-2024-50p-silver-proof-colour-coin.json

Готово: /Users/mihail/Desktop/Нумизматика сайт/omonete-app/data/royal-mint-stegosaurus-2024-50p-silver-proof-colour-coin.json
Исходная ссылка (listing): https://www.royalmint.com/shop/limited-editions/dinosaurs-iconic-specimens/stegosaurus/stegosaurus-2024-50p-silver-proof-colour-coin
Загрузка PDP: https://www.royalmint.com/invest/bullion/bullion-coins/silver-coins/stegosaurus-2024-50p-silver-proof-colour-coin/?listId=Silver_Coins&listName=Silver%20Coins
Классификация картинок: {
  "obverse": null,
  "reverse": null,
  "blister_obverse": null,
  "blister_reverse": null,
  "box": null,
  "certificate": null
}

────────── Как увидеть монету на сайте (localhost) ──────────
Быстро (парсинг + public/data в один заход): npm run royal-mint:preview
  (или уже есть JSON: npx tsx scripts/royal-mint-to-public-catalog.ts "/Users/mihail/Desktop/Нумизматика сайт/omonete-app/data/royal-mint-stegosaurus-2024-50p-silver-proof-colour-coin.json")
Потом: npm run dev → http://localhost:3000/coins/991001/ (или ROYAL_MINT_LOCAL_ID)
Картинки (если скачались): public/image/coins/foreign/ — пути уже в JSON монеты.
В БД: npm run royal-mint:import → npm run data:export (или data:export:incremental).

——— [114/192] ———
 https://www.royalmint.com/shop/limited-editions/george-orwell/george-orwell-2025-2-pound-silver-proof-coin
Внимание: на странице не найден блок div.mod-section.specification — спеки взяты из остальных table (если есть).
__RM_JSON__ /Users/mihail/Desktop/Нумизматика сайт/omonete-app/data/royal-mint-george-orwell-2025-2-pound-silver-proof-coin.json

Готово: /Users/mihail/Desktop/Нумизматика сайт/omonete-app/data/royal-mint-george-orwell-2025-2-pound-silver-proof-coin.json
Исходная ссылка (listing): https://www.royalmint.com/shop/limited-editions/george-orwell/george-orwell-2025-2-pound-silver-proof-coin
Загрузка PDP: https://www.royalmint.com/invest/bullion/bullion-coins/silver-coins/george-orwell-2025-2-pound-silver-proof-coin/?listId=Silver_Coins&listName=Silver%20Coins
Классификация картинок: {
  "obverse": null,
  "reverse": null,
  "blister_obverse": null,
  "blister_reverse": null,
  "box": null,
  "certificate": null
}

────────── Как увидеть монету на сайте (localhost) ──────────
Быстро (парсинг + public/data в один заход): npm run royal-mint:preview
  (или уже есть JSON: npx tsx scripts/royal-mint-to-public-catalog.ts "/Users/mihail/Desktop/Нумизматика сайт/omonete-app/data/royal-mint-george-orwell-2025-2-pound-silver-proof-coin.json")
Потом: npm run dev → http://localhost:3000/coins/991001/ (или ROYAL_MINT_LOCAL_ID)
Картинки (если скачались): public/image/coins/foreign/ — пути уже в JSON монеты.
В БД: npm run royal-mint:import → npm run data:export (или data:export:incremental).

——— [115/192] ———
 https://www.royalmint.com/shop/limited-editions/harry-potter/harry-potter-the-flying-car/the-flying-car-2025-50p-coloured-silver-proof-colour-coin
Внимание: на странице не найден блок div.mod-section.specification — спеки взяты из остальных table (если есть).
__RM_JSON__ /Users/mihail/Desktop/Нумизматика сайт/omonete-app/data/royal-mint-the-flying-car-2025-50p-coloured-silver-proof-colour-coin.json

Готово: /Users/mihail/Desktop/Нумизматика сайт/omonete-app/data/royal-mint-the-flying-car-2025-50p-coloured-silver-proof-colour-coin.json
Исходная ссылка (listing): https://www.royalmint.com/shop/limited-editions/harry-potter/harry-potter-the-flying-car/the-flying-car-2025-50p-coloured-silver-proof-colour-coin
Загрузка PDP: https://www.royalmint.com/invest/bullion/bullion-coins/silver-coins/the-flying-car-2025-50p-coloured-silver-proof-colour-coin/?listId=Silver_Coins&listName=Silver%20Coins
Классификация картинок: {
  "obverse": null,
  "reverse": null,
  "blister_obverse": null,
  "blister_reverse": null,
  "box": null,
  "certificate": null
}

────────── Как увидеть монету на сайте (localhost) ──────────
Быстро (парсинг + public/data в один заход): npm run royal-mint:preview
  (или уже есть JSON: npx tsx scripts/royal-mint-to-public-catalog.ts "/Users/mihail/Desktop/Нумизматика сайт/omonete-app/data/royal-mint-the-flying-car-2025-50p-coloured-silver-proof-colour-coin.json")
Потом: npm run dev → http://localhost:3000/coins/991001/ (или ROYAL_MINT_LOCAL_ID)
Картинки (если скачались): public/image/coins/foreign/ — пути уже в JSON монеты.
В БД: npm run royal-mint:import → npm run data:export (или data:export:incremental).

——— [116/192] ———
 https://www.royalmint.com/shop/limited-editions/harry-potter/the-patronus/harry-potter-the-patronus-2025-fifty-pence-silver-proof-colour-coin
Внимание: на странице не найден блок div.mod-section.specification — спеки взяты из остальных table (если есть).
__RM_JSON__ /Users/mihail/Desktop/Нумизматика сайт/omonete-app/data/royal-mint-harry-potter-the-patronus-2025-fifty-pence-silver-proof-colour-coin.json

Готово: /Users/mihail/Desktop/Нумизматика сайт/omonete-app/data/royal-mint-harry-potter-the-patronus-2025-fifty-pence-silver-proof-colour-coin.json
Исходная ссылка (listing): https://www.royalmint.com/shop/limited-editions/harry-potter/the-patronus/harry-potter-the-patronus-2025-fifty-pence-silver-proof-colour-coin
Загрузка PDP: https://www.royalmint.com/invest/bullion/bullion-coins/silver-coins/harry-potter-the-patronus-2025-fifty-pence-silver-proof-colour-coin/?listId=Silver_Coins&listName=Silver%20Coins
Классификация картинок: {
  "obverse": null,
  "reverse": null,
  "blister_obverse": null,
  "blister_reverse": null,
  "box": null,
  "certificate": null
}

────────── Как увидеть монету на сайте (localhost) ──────────
Быстро (парсинг + public/data в один заход): npm run royal-mint:preview
  (или уже есть JSON: npx tsx scripts/royal-mint-to-public-catalog.ts "/Users/mihail/Desktop/Нумизматика сайт/omonete-app/data/royal-mint-harry-potter-the-patronus-2025-fifty-pence-silver-proof-colour-coin.json")
Потом: npm run dev → http://localhost:3000/coins/991001/ (или ROYAL_MINT_LOCAL_ID)
Картинки (если скачались): public/image/coins/foreign/ — пути уже в JSON монеты.
В БД: npm run royal-mint:import → npm run data:export (или data:export:incremental).

——— [117/192] ———
 https://www.royalmint.com/shop/limited-editions/hms-belfast/hms-belfast-2025-uk-2-pound-silver-proof-coin
Внимание: на странице не найден блок div.mod-section.specification — спеки взяты из остальных table (если есть).
__RM_JSON__ /Users/mihail/Desktop/Нумизматика сайт/omonete-app/data/royal-mint-hms-belfast-2025-uk-2-pound-silver-proof-coin.json

Готово: /Users/mihail/Desktop/Нумизматика сайт/omonete-app/data/royal-mint-hms-belfast-2025-uk-2-pound-silver-proof-coin.json
Исходная ссылка (listing): https://www.royalmint.com/shop/limited-editions/hms-belfast/hms-belfast-2025-uk-2-pound-silver-proof-coin
Загрузка PDP: https://www.royalmint.com/invest/bullion/bullion-coins/silver-coins/hms-belfast-2025-uk-2-pound-silver-proof-coin/?listId=Silver_Coins&listName=Silver%20Coins
Классификация картинок: {
  "obverse": null,
  "reverse": null,
  "blister_obverse": null,
  "blister_reverse": null,
  "box": null,
  "certificate": null
}

────────── Как увидеть монету на сайте (localhost) ──────────
Быстро (парсинг + public/data в один заход): npm run royal-mint:preview
  (или уже есть JSON: npx tsx scripts/royal-mint-to-public-catalog.ts "/Users/mihail/Desktop/Нумизматика сайт/omonete-app/data/royal-mint-hms-belfast-2025-uk-2-pound-silver-proof-coin.json")
Потом: npm run dev → http://localhost:3000/coins/991001/ (или ROYAL_MINT_LOCAL_ID)
Картинки (если скачались): public/image/coins/foreign/ — пути уже в JSON монеты.
В БД: npm run royal-mint:import → npm run data:export (или data:export:incremental).

——— [118/192] ———
 https://www.royalmint.com/shop/limited-editions/ice-age-giants/the-giant-deer/giant-deer-2024-50p-silver-proof-colour-coin
Внимание: на странице не найден блок div.mod-section.specification — спеки взяты из остальных table (если есть).
__RM_JSON__ /Users/mihail/Desktop/Нумизматика сайт/omonete-app/data/royal-mint-giant-deer-2024-50p-silver-proof-colour-coin.json

Готово: /Users/mihail/Desktop/Нумизматика сайт/omonete-app/data/royal-mint-giant-deer-2024-50p-silver-proof-colour-coin.json
Исходная ссылка (listing): https://www.royalmint.com/shop/limited-editions/ice-age-giants/the-giant-deer/giant-deer-2024-50p-silver-proof-colour-coin
Загрузка PDP: https://www.royalmint.com/invest/bullion/bullion-coins/silver-coins/giant-deer-2024-50p-silver-proof-colour-coin/?listId=Silver_Coins&listName=Silver%20Coins
Классификация картинок: {
  "obverse": null,
  "reverse": null,
  "blister_obverse": null,
  "blister_reverse": null,
  "box": null,
  "certificate": null
}

────────── Как увидеть монету на сайте (localhost) ──────────
Быстро (парсинг + public/data в один заход): npm run royal-mint:preview
  (или уже есть JSON: npx tsx scripts/royal-mint-to-public-catalog.ts "/Users/mihail/Desktop/Нумизматика сайт/omonete-app/data/royal-mint-giant-deer-2024-50p-silver-proof-colour-coin.json")
Потом: npm run dev → http://localhost:3000/coins/991001/ (или ROYAL_MINT_LOCAL_ID)
Картинки (если скачались): public/image/coins/foreign/ — пути уже в JSON монеты.
В БД: npm run royal-mint:import → npm run data:export (или data:export:incremental).

——— [119/192] ———
 https://www.royalmint.com/shop/limited-editions/ice-age-giants/the-great-mammoth/steppe-mammoth-2024-50p-silver-proof-colour-coin
Внимание: на странице не найден блок div.mod-section.specification — спеки взяты из остальных table (если есть).
__RM_JSON__ /Users/mihail/Desktop/Нумизматика сайт/omonete-app/data/royal-mint-steppe-mammoth-2024-50p-silver-proof-colour-coin.json

Готово: /Users/mihail/Desktop/Нумизматика сайт/omonete-app/data/royal-mint-steppe-mammoth-2024-50p-silver-proof-colour-coin.json
Исходная ссылка (listing): https://www.royalmint.com/shop/limited-editions/ice-age-giants/the-great-mammoth/steppe-mammoth-2024-50p-silver-proof-colour-coin
Загрузка PDP: https://www.royalmint.com/invest/bullion/bullion-coins/silver-coins/steppe-mammoth-2024-50p-silver-proof-colour-coin/?listId=Silver_Coins&listName=Silver%20Coins
Классификация картинок: {
  "obverse": null,
  "reverse": null,
  "blister_obverse": null,
  "blister_reverse": null,
  "box": null,
  "certificate": null
}

────────── Как увидеть монету на сайте (localhost) ──────────
Быстро (парсинг + public/data в один заход): npm run royal-mint:preview
  (или уже есть JSON: npx tsx scripts/royal-mint-to-public-catalog.ts "/Users/mihail/Desktop/Нумизматика сайт/omonete-app/data/royal-mint-steppe-mammoth-2024-50p-silver-proof-colour-coin.json")
Потом: npm run dev → http://localhost:3000/coins/991001/ (или ROYAL_MINT_LOCAL_ID)
Картинки (если скачались): public/image/coins/foreign/ — пути уже в JSON монеты.
В БД: npm run royal-mint:import → npm run data:export (или data:export:incremental).

——— [120/192] ———
 https://www.royalmint.com/shop/limited-editions/mary-poppins/mary-poppins-2025-50p-silver-proof-colour-coin
Внимание: на странице не найден блок div.mod-section.specification — спеки взяты из остальных table (если есть).
__RM_JSON__ /Users/mihail/Desktop/Нумизматика сайт/omonete-app/data/royal-mint-mary-poppins-2025-50p-silver-proof-colour-coin.json

Готово: /Users/mihail/Desktop/Нумизматика сайт/omonete-app/data/royal-mint-mary-poppins-2025-50p-silver-proof-colour-coin.json
Исходная ссылка (listing): https://www.royalmint.com/shop/limited-editions/mary-poppins/mary-poppins-2025-50p-silver-proof-colour-coin
Загрузка PDP: https://www.royalmint.com/invest/bullion/bullion-coins/silver-coins/mary-poppins-2025-50p-silver-proof-colour-coin/?listId=Silver_Coins&listName=Silver%20Coins
Классификация картинок: {
  "obverse": null,
  "reverse": null,
  "blister_obverse": null,
  "blister_reverse": null,
  "box": null,
  "certificate": null
}

────────── Как увидеть монету на сайте (localhost) ──────────
Быстро (парсинг + public/data в один заход): npm run royal-mint:preview
  (или уже есть JSON: npx tsx scripts/royal-mint-to-public-catalog.ts "/Users/mihail/Desktop/Нумизматика сайт/omonete-app/data/royal-mint-mary-poppins-2025-50p-silver-proof-colour-coin.json")
Потом: npm run dev → http://localhost:3000/coins/991001/ (или ROYAL_MINT_LOCAL_ID)
Картинки (если скачались): public/image/coins/foreign/ — пути уже в JSON монеты.
В БД: npm run royal-mint:import → npm run data:export (или data:export:incremental).

——— [121/192] ———
 https://www.royalmint.com/shop/limited-editions/music-legends/iron-maiden/iron-maiden-2025-2oz-silver-proof-coin
Внимание: на странице не найден блок div.mod-section.specification — спеки взяты из остальных table (если есть).
__RM_JSON__ /Users/mihail/Desktop/Нумизматика сайт/omonete-app/data/royal-mint-iron-maiden-2025-2oz-silver-proof-coin.json

Готово: /Users/mihail/Desktop/Нумизматика сайт/omonete-app/data/royal-mint-iron-maiden-2025-2oz-silver-proof-coin.json
Исходная ссылка (listing): https://www.royalmint.com/shop/limited-editions/music-legends/iron-maiden/iron-maiden-2025-2oz-silver-proof-coin
Загрузка PDP: https://www.royalmint.com/invest/bullion/bullion-coins/silver-coins/iron-maiden-2025-2oz-silver-proof-coin/?listId=Silver_Coins&listName=Silver%20Coins
Классификация картинок: {
  "obverse": null,
  "reverse": null,
  "blister_obverse": null,
  "blister_reverse": null,
  "box": null,
  "certificate": null
}

────────── Как увидеть монету на сайте (localhost) ──────────
Быстро (парсинг + public/data в один заход): npm run royal-mint:preview
  (или уже есть JSON: npx tsx scripts/royal-mint-to-public-catalog.ts "/Users/mihail/Desktop/Нумизматика сайт/omonete-app/data/royal-mint-iron-maiden-2025-2oz-silver-proof-coin.json")
Потом: npm run dev → http://localhost:3000/coins/991001/ (или ROYAL_MINT_LOCAL_ID)
Картинки (если скачались): public/image/coins/foreign/ — пути уже в JSON монеты.
В БД: npm run royal-mint:import → npm run data:export (или data:export:incremental).

——— [122/192] ———
 https://www.royalmint.com/shop/limited-editions/music-legends/john-lennon/john-lennon-2025-1kg-silver-proof-coin
Внимание: на странице не найден блок div.mod-section.specification — спеки взяты из остальных table (если есть).
__RM_JSON__ /Users/mihail/Desktop/Нумизматика сайт/omonete-app/data/royal-mint-john-lennon-2025-1kg-silver-proof-coin.json

Готово: /Users/mihail/Desktop/Нумизматика сайт/omonete-app/data/royal-mint-john-lennon-2025-1kg-silver-proof-coin.json
Исходная ссылка (listing): https://www.royalmint.com/shop/limited-editions/music-legends/john-lennon/john-lennon-2025-1kg-silver-proof-coin
Загрузка PDP: https://www.royalmint.com/invest/bullion/bullion-coins/silver-coins/john-lennon-2025-1kg-silver-proof-coin/?listId=Silver_Coins&listName=Silver%20Coins
Классификация картинок: {
  "obverse": null,
  "reverse": null,
  "blister_obverse": null,
  "blister_reverse": null,
  "box": null,
  "certificate": null
}

────────── Как увидеть монету на сайте (localhost) ──────────
Быстро (парсинг + public/data в один заход): npm run royal-mint:preview
  (или уже есть JSON: npx tsx scripts/royal-mint-to-public-catalog.ts "/Users/mihail/Desktop/Нумизматика сайт/omonete-app/data/royal-mint-john-lennon-2025-1kg-silver-proof-coin.json")
Потом: npm run dev → http://localhost:3000/coins/991001/ (или ROYAL_MINT_LOCAL_ID)
Картинки (если скачались): public/image/coins/foreign/ — пути уже в JSON монеты.
В БД: npm run royal-mint:import → npm run data:export (или data:export:incremental).

——— [123/192] ———
 https://www.royalmint.com/shop/limited-editions/music-legends/spice-girls/the-spice-girl-2026-UK-1oz-silver-proof-colour-coin
Внимание: на странице не найден блок div.mod-section.specification — спеки взяты из остальных table (если есть).
__RM_JSON__ /Users/mihail/Desktop/Нумизматика сайт/omonete-app/data/royal-mint-the-spice-girl-2026-uk-1oz-silver-proof-colour-coin.json

Готово: /Users/mihail/Desktop/Нумизматика сайт/omonete-app/data/royal-mint-the-spice-girl-2026-uk-1oz-silver-proof-colour-coin.json
Исходная ссылка (listing): https://www.royalmint.com/shop/limited-editions/music-legends/spice-girls/the-spice-girl-2026-UK-1oz-silver-proof-colour-coin
Загрузка PDP: https://www.royalmint.com/invest/bullion/bullion-coins/silver-coins/the-spice-girl-2026-UK-1oz-silver-proof-colour-coin/?listId=Silver_Coins&listName=Silver%20Coins
Классификация картинок: {
  "obverse": null,
  "reverse": null,
  "blister_obverse": null,
  "blister_reverse": null,
  "box": null,
  "certificate": null
}

────────── Как увидеть монету на сайте (localhost) ──────────
Быстро (парсинг + public/data в один заход): npm run royal-mint:preview
  (или уже есть JSON: npx tsx scripts/royal-mint-to-public-catalog.ts "/Users/mihail/Desktop/Нумизматика сайт/omonete-app/data/royal-mint-the-spice-girl-2026-uk-1oz-silver-proof-colour-coin.json")
Потом: npm run dev → http://localhost:3000/coins/991001/ (или ROYAL_MINT_LOCAL_ID)
Картинки (если скачались): public/image/coins/foreign/ — пути уже в JSON монеты.
В БД: npm run royal-mint:import → npm run data:export (или data:export:incremental).

——— [124/192] ———
 https://www.royalmint.com/shop/limited-editions/music-legends/spice-girls/the-spice-girls-2026-UK-2oz-silver-proof-coin
Внимание: на странице не найден блок div.mod-section.specification — спеки взяты из остальных table (если есть).
__RM_JSON__ /Users/mihail/Desktop/Нумизматика сайт/omonete-app/data/royal-mint-the-spice-girls-2026-uk-2oz-silver-proof-coin.json

Готово: /Users/mihail/Desktop/Нумизматика сайт/omonete-app/data/royal-mint-the-spice-girls-2026-uk-2oz-silver-proof-coin.json
Исходная ссылка (listing): https://www.royalmint.com/shop/limited-editions/music-legends/spice-girls/the-spice-girls-2026-UK-2oz-silver-proof-coin
Загрузка PDP: https://www.royalmint.com/invest/bullion/bullion-coins/silver-coins/the-spice-girls-2026-UK-2oz-silver-proof-coin/?listId=Silver_Coins&listName=Silver%20Coins
Классификация картинок: {
  "obverse": null,
  "reverse": null,
  "blister_obverse": null,
  "blister_reverse": null,
  "box": null,
  "certificate": null
}

────────── Как увидеть монету на сайте (localhost) ──────────
Быстро (парсинг + public/data в один заход): npm run royal-mint:preview
  (или уже есть JSON: npx tsx scripts/royal-mint-to-public-catalog.ts "/Users/mihail/Desktop/Нумизматика сайт/omonete-app/data/royal-mint-the-spice-girls-2026-uk-2oz-silver-proof-coin.json")
Потом: npm run dev → http://localhost:3000/coins/991001/ (или ROYAL_MINT_LOCAL_ID)
Картинки (если скачались): public/image/coins/foreign/ — пути уже в JSON монеты.
В БД: npm run royal-mint:import → npm run data:export (или data:export:incremental).

——— [125/192] ———
 https://www.royalmint.com/shop/limited-editions/music-legends/spice-girls/the-spice-girls-2026-UK-5oz-silver-proof-coin
Внимание: на странице не найден блок div.mod-section.specification — спеки взяты из остальных table (если есть).
__RM_JSON__ /Users/mihail/Desktop/Нумизматика сайт/omonete-app/data/royal-mint-the-spice-girls-2026-uk-5oz-silver-proof-coin.json

Готово: /Users/mihail/Desktop/Нумизматика сайт/omonete-app/data/royal-mint-the-spice-girls-2026-uk-5oz-silver-proof-coin.json
Исходная ссылка (listing): https://www.royalmint.com/shop/limited-editions/music-legends/spice-girls/the-spice-girls-2026-UK-5oz-silver-proof-coin
Загрузка PDP: https://www.royalmint.com/invest/bullion/bullion-coins/silver-coins/the-spice-girls-2026-UK-5oz-silver-proof-coin/?listId=Silver_Coins&listName=Silver%20Coins
Классификация картинок: {
  "obverse": null,
  "reverse": null,
  "blister_obverse": null,
  "blister_reverse": null,
  "box": null,
  "certificate": null
}

────────── Как увидеть монету на сайте (localhost) ──────────
Быстро (парсинг + public/data в один заход): npm run royal-mint:preview
  (или уже есть JSON: npx tsx scripts/royal-mint-to-public-catalog.ts "/Users/mihail/Desktop/Нумизматика сайт/omonete-app/data/royal-mint-the-spice-girls-2026-uk-5oz-silver-proof-coin.json")
Потом: npm run dev → http://localhost:3000/coins/991001/ (или ROYAL_MINT_LOCAL_ID)
Картинки (если скачались): public/image/coins/foreign/ — пути уже в JSON монеты.
В БД: npm run royal-mint:import → npm run data:export (или data:export:incremental).

——— [126/192] ———
 https://www.royalmint.com/shop/limited-editions/national-gallery/national-gallery-2024-2-pound-silver-proof-piedfort-coin
Внимание: на странице не найден блок div.mod-section.specification — спеки взяты из остальных table (если есть).
__RM_JSON__ /Users/mihail/Desktop/Нумизматика сайт/omonete-app/data/royal-mint-national-gallery-2024-2-pound-silver-proof-piedfort-coin.json

Готово: /Users/mihail/Desktop/Нумизматика сайт/omonete-app/data/royal-mint-national-gallery-2024-2-pound-silver-proof-piedfort-coin.json
Исходная ссылка (listing): https://www.royalmint.com/shop/limited-editions/national-gallery/national-gallery-2024-2-pound-silver-proof-piedfort-coin
Загрузка PDP: https://www.royalmint.com/invest/bullion/bullion-coins/silver-coins/national-gallery-2024-2-pound-silver-proof-piedfort-coin/?listId=Silver_Coins&listName=Silver%20Coins
Классификация картинок: {
  "obverse": null,
  "reverse": null,
  "blister_obverse": null,
  "blister_reverse": null,
  "box": null,
  "certificate": null
}

────────── Как увидеть монету на сайте (localhost) ──────────
Быстро (парсинг + public/data в один заход): npm run royal-mint:preview
  (или уже есть JSON: npx tsx scripts/royal-mint-to-public-catalog.ts "/Users/mihail/Desktop/Нумизматика сайт/omonete-app/data/royal-mint-national-gallery-2024-2-pound-silver-proof-piedfort-coin.json")
Потом: npm run dev → http://localhost:3000/coins/991001/ (или ROYAL_MINT_LOCAL_ID)
Картинки (если скачались): public/image/coins/foreign/ — пути уже в JSON монеты.
В БД: npm run royal-mint:import → npm run data:export (или data:export:incremental).

——— [127/192] ———
 https://www.royalmint.com/shop/limited-editions/portraits-of-a-queen/the-fifth-effigy/portraits-of-a-queen-elizabeth-ii-the-fifth-effigy-2026-silver-proof-piedfort-coin
Внимание: на странице не найден блок div.mod-section.specification — спеки взяты из остальных table (если есть).
__RM_JSON__ /Users/mihail/Desktop/Нумизматика сайт/omonete-app/data/royal-mint-portraits-of-a-queen-elizabeth-ii-the-fifth-effigy-2026-silver-proof-piedfort-coin.json

Готово: /Users/mihail/Desktop/Нумизматика сайт/omonete-app/data/royal-mint-portraits-of-a-queen-elizabeth-ii-the-fifth-effigy-2026-silver-proof-piedfort-coin.json
Исходная ссылка (listing): https://www.royalmint.com/shop/limited-editions/portraits-of-a-queen/the-fifth-effigy/portraits-of-a-queen-elizabeth-ii-the-fifth-effigy-2026-silver-proof-piedfort-coin
Загрузка PDP: https://www.royalmint.com/invest/bullion/bullion-coins/silver-coins/portraits-of-a-queen-elizabeth-ii-the-fifth-effigy-2026-silver-proof-piedfort-coin/?listId=Silver_Coins&listName=Silver%20Coins
Классификация картинок: {
  "obverse": null,
  "reverse": null,
  "blister_obverse": null,
  "blister_reverse": null,
  "box": null,
  "certificate": null
}

────────── Как увидеть монету на сайте (localhost) ──────────
Быстро (парсинг + public/data в один заход): npm run royal-mint:preview
  (или уже есть JSON: npx tsx scripts/royal-mint-to-public-catalog.ts "/Users/mihail/Desktop/Нумизматика сайт/omonete-app/data/royal-mint-portraits-of-a-queen-elizabeth-ii-the-fifth-effigy-2026-silver-proof-piedfort-coin.json")
Потом: npm run dev → http://localhost:3000/coins/991001/ (или ROYAL_MINT_LOCAL_ID)
Картинки (если скачались): public/image/coins/foreign/ — пути уже в JSON монеты.
В БД: npm run royal-mint:import → npm run data:export (или data:export:incremental).

——— [128/192] ———
 https://www.royalmint.com/shop/limited-editions/portraits-of-a-queen/the-fifth-effigy/portraits-of-a-queen-elizabeth-the-fifth-effigy-2026-silver-proof-coin
Внимание: на странице не найден блок div.mod-section.specification — спеки взяты из остальных table (если есть).
__RM_JSON__ /Users/mihail/Desktop/Нумизматика сайт/omonete-app/data/royal-mint-portraits-of-a-queen-elizabeth-the-fifth-effigy-2026-silver-proof-coin.json

Готово: /Users/mihail/Desktop/Нумизматика сайт/omonete-app/data/royal-mint-portraits-of-a-queen-elizabeth-the-fifth-effigy-2026-silver-proof-coin.json
Исходная ссылка (listing): https://www.royalmint.com/shop/limited-editions/portraits-of-a-queen/the-fifth-effigy/portraits-of-a-queen-elizabeth-the-fifth-effigy-2026-silver-proof-coin
Загрузка PDP: https://www.royalmint.com/invest/bullion/bullion-coins/silver-coins/portraits-of-a-queen-elizabeth-the-fifth-effigy-2026-silver-proof-coin/?listId=Silver_Coins&listName=Silver%20Coins
Классификация картинок: {
  "obverse": null,
  "reverse": null,
  "blister_obverse": null,
  "blister_reverse": null,
  "box": null,
  "certificate": null
}

────────── Как увидеть монету на сайте (localhost) ──────────
Быстро (парсинг + public/data в один заход): npm run royal-mint:preview
  (или уже есть JSON: npx tsx scripts/royal-mint-to-public-catalog.ts "/Users/mihail/Desktop/Нумизматика сайт/omonete-app/data/royal-mint-portraits-of-a-queen-elizabeth-the-fifth-effigy-2026-silver-proof-coin.json")
Потом: npm run dev → http://localhost:3000/coins/991001/ (или ROYAL_MINT_LOCAL_ID)
Картинки (если скачались): public/image/coins/foreign/ — пути уже в JSON монеты.
В БД: npm run royal-mint:import → npm run data:export (или data:export:incremental).

——— [129/192] ———
 https://www.royalmint.com/shop/limited-editions/portraits-of-a-queen/the-first-effigy/elizabeth-ii-the-first-effigy-2026-silver-proof-piedfort-coin
Внимание: на странице не найден блок div.mod-section.specification — спеки взяты из остальных table (если есть).
__RM_JSON__ /Users/mihail/Desktop/Нумизматика сайт/omonete-app/data/royal-mint-elizabeth-ii-the-first-effigy-2026-silver-proof-piedfort-coin.json

Готово: /Users/mihail/Desktop/Нумизматика сайт/omonete-app/data/royal-mint-elizabeth-ii-the-first-effigy-2026-silver-proof-piedfort-coin.json
Исходная ссылка (listing): https://www.royalmint.com/shop/limited-editions/portraits-of-a-queen/the-first-effigy/elizabeth-ii-the-first-effigy-2026-silver-proof-piedfort-coin
Загрузка PDP: https://www.royalmint.com/invest/bullion/bullion-coins/silver-coins/elizabeth-ii-the-first-effigy-2026-silver-proof-piedfort-coin/?listId=Silver_Coins&listName=Silver%20Coins
Классификация картинок: {
  "obverse": null,
  "reverse": null,
  "blister_obverse": null,
  "blister_reverse": null,
  "box": null,
  "certificate": null
}

────────── Как увидеть монету на сайте (localhost) ──────────
Быстро (парсинг + public/data в один заход): npm run royal-mint:preview
  (или уже есть JSON: npx tsx scripts/royal-mint-to-public-catalog.ts "/Users/mihail/Desktop/Нумизматика сайт/omonete-app/data/royal-mint-elizabeth-ii-the-first-effigy-2026-silver-proof-piedfort-coin.json")
Потом: npm run dev → http://localhost:3000/coins/991001/ (или ROYAL_MINT_LOCAL_ID)
Картинки (если скачались): public/image/coins/foreign/ — пути уже в JSON монеты.
В БД: npm run royal-mint:import → npm run data:export (или data:export:incremental).

——— [130/192] ———
 https://www.royalmint.com/shop/limited-editions/portraits-of-a-queen/the-fourth-effigy/portraits-of-a-queen-elizabeth-ii-the-fourth-effigy-2026-silver-proof-coin
Внимание: на странице не найден блок div.mod-section.specification — спеки взяты из остальных table (если есть).
__RM_JSON__ /Users/mihail/Desktop/Нумизматика сайт/omonete-app/data/royal-mint-portraits-of-a-queen-elizabeth-ii-the-fourth-effigy-2026-silver-proof-coin.json

Готово: /Users/mihail/Desktop/Нумизматика сайт/omonete-app/data/royal-mint-portraits-of-a-queen-elizabeth-ii-the-fourth-effigy-2026-silver-proof-coin.json
Исходная ссылка (listing): https://www.royalmint.com/shop/limited-editions/portraits-of-a-queen/the-fourth-effigy/portraits-of-a-queen-elizabeth-ii-the-fourth-effigy-2026-silver-proof-coin
Загрузка PDP: https://www.royalmint.com/invest/bullion/bullion-coins/silver-coins/portraits-of-a-queen-elizabeth-ii-the-fourth-effigy-2026-silver-proof-coin/?listId=Silver_Coins&listName=Silver%20Coins
Классификация картинок: {
  "obverse": null,
  "reverse": null,
  "blister_obverse": null,
  "blister_reverse": null,
  "box": null,
  "certificate": null
}

────────── Как увидеть монету на сайте (localhost) ──────────
Быстро (парсинг + public/data в один заход): npm run royal-mint:preview
  (или уже есть JSON: npx tsx scripts/royal-mint-to-public-catalog.ts "/Users/mihail/Desktop/Нумизматика сайт/omonete-app/data/royal-mint-portraits-of-a-queen-elizabeth-ii-the-fourth-effigy-2026-silver-proof-coin.json")
Потом: npm run dev → http://localhost:3000/coins/991001/ (или ROYAL_MINT_LOCAL_ID)
Картинки (если скачались): public/image/coins/foreign/ — пути уже в JSON монеты.
В БД: npm run royal-mint:import → npm run data:export (или data:export:incremental).

——— [131/192] ———
 https://www.royalmint.com/shop/limited-editions/portraits-of-a-queen/the-fourth-effigy/portraits-of-a-queen-elizabeth-ii-the-fourth-effigy-2026-silver-proof-piedfort-coin
Внимание: на странице не найден блок div.mod-section.specification — спеки взяты из остальных table (если есть).
__RM_JSON__ /Users/mihail/Desktop/Нумизматика сайт/omonete-app/data/royal-mint-portraits-of-a-queen-elizabeth-ii-the-fourth-effigy-2026-silver-proof-piedfort-coin.json

Готово: /Users/mihail/Desktop/Нумизматика сайт/omonete-app/data/royal-mint-portraits-of-a-queen-elizabeth-ii-the-fourth-effigy-2026-silver-proof-piedfort-coin.json
Исходная ссылка (listing): https://www.royalmint.com/shop/limited-editions/portraits-of-a-queen/the-fourth-effigy/portraits-of-a-queen-elizabeth-ii-the-fourth-effigy-2026-silver-proof-piedfort-coin
Загрузка PDP: https://www.royalmint.com/invest/bullion/bullion-coins/silver-coins/portraits-of-a-queen-elizabeth-ii-the-fourth-effigy-2026-silver-proof-piedfort-coin/?listId=Silver_Coins&listName=Silver%20Coins
Классификация картинок: {
  "obverse": null,
  "reverse": null,
  "blister_obverse": null,
  "blister_reverse": null,
  "box": null,
  "certificate": null
}

────────── Как увидеть монету на сайте (localhost) ──────────
Быстро (парсинг + public/data в один заход): npm run royal-mint:preview
  (или уже есть JSON: npx tsx scripts/royal-mint-to-public-catalog.ts "/Users/mihail/Desktop/Нумизматика сайт/omonete-app/data/royal-mint-portraits-of-a-queen-elizabeth-ii-the-fourth-effigy-2026-silver-proof-piedfort-coin.json")
Потом: npm run dev → http://localhost:3000/coins/991001/ (или ROYAL_MINT_LOCAL_ID)
Картинки (если скачались): public/image/coins/foreign/ — пути уже в JSON монеты.
В БД: npm run royal-mint:import → npm run data:export (или data:export:incremental).

——— [132/192] ———
 https://www.royalmint.com/shop/limited-editions/portraits-of-a-queen/the-second-effigy/elizabeth-ii-the-second-effigy-2026-silver-proof-coin
Внимание: на странице не найден блок div.mod-section.specification — спеки взяты из остальных table (если есть).
__RM_JSON__ /Users/mihail/Desktop/Нумизматика сайт/omonete-app/data/royal-mint-elizabeth-ii-the-second-effigy-2026-silver-proof-coin.json

Готово: /Users/mihail/Desktop/Нумизматика сайт/omonete-app/data/royal-mint-elizabeth-ii-the-second-effigy-2026-silver-proof-coin.json
Исходная ссылка (listing): https://www.royalmint.com/shop/limited-editions/portraits-of-a-queen/the-second-effigy/elizabeth-ii-the-second-effigy-2026-silver-proof-coin
Загрузка PDP: https://www.royalmint.com/invest/bullion/bullion-coins/silver-coins/elizabeth-ii-the-second-effigy-2026-silver-proof-coin/?listId=Silver_Coins&listName=Silver%20Coins
Классификация картинок: {
  "obverse": null,
  "reverse": null,
  "blister_obverse": null,
  "blister_reverse": null,
  "box": null,
  "certificate": null
}

────────── Как увидеть монету на сайте (localhost) ──────────
Быстро (парсинг + public/data в один заход): npm run royal-mint:preview
  (или уже есть JSON: npx tsx scripts/royal-mint-to-public-catalog.ts "/Users/mihail/Desktop/Нумизматика сайт/omonete-app/data/royal-mint-elizabeth-ii-the-second-effigy-2026-silver-proof-coin.json")
Потом: npm run dev → http://localhost:3000/coins/991001/ (или ROYAL_MINT_LOCAL_ID)
Картинки (если скачались): public/image/coins/foreign/ — пути уже в JSON монеты.
В БД: npm run royal-mint:import → npm run data:export (или data:export:incremental).

——— [133/192] ———
 https://www.royalmint.com/shop/limited-editions/portraits-of-a-queen/the-second-effigy/elizabeth-ii-the-second-effigy-2026-silver-proof-piedfort-coin
Внимание: на странице не найден блок div.mod-section.specification — спеки взяты из остальных table (если есть).
__RM_JSON__ /Users/mihail/Desktop/Нумизматика сайт/omonete-app/data/royal-mint-elizabeth-ii-the-second-effigy-2026-silver-proof-piedfort-coin.json

Готово: /Users/mihail/Desktop/Нумизматика сайт/omonete-app/data/royal-mint-elizabeth-ii-the-second-effigy-2026-silver-proof-piedfort-coin.json
Исходная ссылка (listing): https://www.royalmint.com/shop/limited-editions/portraits-of-a-queen/the-second-effigy/elizabeth-ii-the-second-effigy-2026-silver-proof-piedfort-coin
Загрузка PDP: https://www.royalmint.com/invest/bullion/bullion-coins/silver-coins/elizabeth-ii-the-second-effigy-2026-silver-proof-piedfort-coin/?listId=Silver_Coins&listName=Silver%20Coins
Классификация картинок: {
  "obverse": null,
  "reverse": null,
  "blister_obverse": null,
  "blister_reverse": null,
  "box": null,
  "certificate": null
}

────────── Как увидеть монету на сайте (localhost) ──────────
Быстро (парсинг + public/data в один заход): npm run royal-mint:preview
  (или уже есть JSON: npx tsx scripts/royal-mint-to-public-catalog.ts "/Users/mihail/Desktop/Нумизматика сайт/omonete-app/data/royal-mint-elizabeth-ii-the-second-effigy-2026-silver-proof-piedfort-coin.json")
Потом: npm run dev → http://localhost:3000/coins/991001/ (или ROYAL_MINT_LOCAL_ID)
Картинки (если скачались): public/image/coins/foreign/ — пути уже в JSON монеты.
В БД: npm run royal-mint:import → npm run data:export (или data:export:incremental).

——— [134/192] ———
 https://www.royalmint.com/shop/limited-editions/portraits-of-a-queen/the-third-effigy/portraits-of-a-queen-elizabeth-ii-the-third-effigy-2026-silver-proof-coin
Внимание: на странице не найден блок div.mod-section.specification — спеки взяты из остальных table (если есть).
__RM_JSON__ /Users/mihail/Desktop/Нумизматика сайт/omonete-app/data/royal-mint-portraits-of-a-queen-elizabeth-ii-the-third-effigy-2026-silver-proof-coin.json

Готово: /Users/mihail/Desktop/Нумизматика сайт/omonete-app/data/royal-mint-portraits-of-a-queen-elizabeth-ii-the-third-effigy-2026-silver-proof-coin.json
Исходная ссылка (listing): https://www.royalmint.com/shop/limited-editions/portraits-of-a-queen/the-third-effigy/portraits-of-a-queen-elizabeth-ii-the-third-effigy-2026-silver-proof-coin
Загрузка PDP: https://www.royalmint.com/invest/bullion/bullion-coins/silver-coins/portraits-of-a-queen-elizabeth-ii-the-third-effigy-2026-silver-proof-coin/?listId=Silver_Coins&listName=Silver%20Coins
Классификация картинок: {
  "obverse": null,
  "reverse": null,
  "blister_obverse": null,
  "blister_reverse": null,
  "box": null,
  "certificate": null
}

────────── Как увидеть монету на сайте (localhost) ──────────
Быстро (парсинг + public/data в один заход): npm run royal-mint:preview
  (или уже есть JSON: npx tsx scripts/royal-mint-to-public-catalog.ts "/Users/mihail/Desktop/Нумизматика сайт/omonete-app/data/royal-mint-portraits-of-a-queen-elizabeth-ii-the-third-effigy-2026-silver-proof-coin.json")
Потом: npm run dev → http://localhost:3000/coins/991001/ (или ROYAL_MINT_LOCAL_ID)
Картинки (если скачались): public/image/coins/foreign/ — пути уже в JSON монеты.
В БД: npm run royal-mint:import → npm run data:export (или data:export:incremental).

——— [135/192] ———
 https://www.royalmint.com/shop/limited-editions/portraits-of-a-queen/the-third-effigy/portraits-of-a-queen-elizabeth-ii-the-third-effigy-2026-silver-proof-piedfort-coin
Внимание: на странице не найден блок div.mod-section.specification — спеки взяты из остальных table (если есть).
__RM_JSON__ /Users/mihail/Desktop/Нумизматика сайт/omonete-app/data/royal-mint-portraits-of-a-queen-elizabeth-ii-the-third-effigy-2026-silver-proof-piedfort-coin.json

Готово: /Users/mihail/Desktop/Нумизматика сайт/omonete-app/data/royal-mint-portraits-of-a-queen-elizabeth-ii-the-third-effigy-2026-silver-proof-piedfort-coin.json
Исходная ссылка (listing): https://www.royalmint.com/shop/limited-editions/portraits-of-a-queen/the-third-effigy/portraits-of-a-queen-elizabeth-ii-the-third-effigy-2026-silver-proof-piedfort-coin
Загрузка PDP: https://www.royalmint.com/invest/bullion/bullion-coins/silver-coins/portraits-of-a-queen-elizabeth-ii-the-third-effigy-2026-silver-proof-piedfort-coin/?listId=Silver_Coins&listName=Silver%20Coins
Классификация картинок: {
  "obverse": null,
  "reverse": null,
  "blister_obverse": null,
  "blister_reverse": null,
  "box": null,
  "certificate": null
}

────────── Как увидеть монету на сайте (localhost) ──────────
Быстро (парсинг + public/data в один заход): npm run royal-mint:preview
  (или уже есть JSON: npx tsx scripts/royal-mint-to-public-catalog.ts "/Users/mihail/Desktop/Нумизматика сайт/omonete-app/data/royal-mint-portraits-of-a-queen-elizabeth-ii-the-third-effigy-2026-silver-proof-piedfort-coin.json")
Потом: npm run dev → http://localhost:3000/coins/991001/ (или ROYAL_MINT_LOCAL_ID)
Картинки (если скачались): public/image/coins/foreign/ — пути уже в JSON монеты.
В БД: npm run royal-mint:import → npm run data:export (или data:export:incremental).

——— [136/192] ———
 https://www.royalmint.com/shop/limited-editions/red-arrows/red-arrows-2025-50p-silver-proof-colour-coin
Внимание: на странице не найден блок div.mod-section.specification — спеки взяты из остальных table (если есть).
__RM_JSON__ /Users/mihail/Desktop/Нумизматика сайт/omonete-app/data/royal-mint-red-arrows-2025-50p-silver-proof-colour-coin.json

Готово: /Users/mihail/Desktop/Нумизматика сайт/omonete-app/data/royal-mint-red-arrows-2025-50p-silver-proof-colour-coin.json
Исходная ссылка (listing): https://www.royalmint.com/shop/limited-editions/red-arrows/red-arrows-2025-50p-silver-proof-colour-coin
Загрузка PDP: https://www.royalmint.com/invest/bullion/bullion-coins/silver-coins/red-arrows-2025-50p-silver-proof-colour-coin/?listId=Silver_Coins&listName=Silver%20Coins
Классификация картинок: {
  "obverse": null,
  "reverse": null,
  "blister_obverse": null,
  "blister_reverse": null,
  "box": null,
  "certificate": null
}

────────── Как увидеть монету на сайте (localhost) ──────────
Быстро (парсинг + public/data в один заход): npm run royal-mint:preview
  (или уже есть JSON: npx tsx scripts/royal-mint-to-public-catalog.ts "/Users/mihail/Desktop/Нумизматика сайт/omonete-app/data/royal-mint-red-arrows-2025-50p-silver-proof-colour-coin.json")
Потом: npm run dev → http://localhost:3000/coins/991001/ (или ROYAL_MINT_LOCAL_ID)
Картинки (если скачались): public/image/coins/foreign/ — пути уже в JSON монеты.
В БД: npm run royal-mint:import → npm run data:export (или data:export:incremental).

——— [137/192] ———
 https://www.royalmint.com/shop/limited-editions/red-arrows/red-arrows-2025-50p-silver-proof-piedfort-colour-coin
Внимание: на странице не найден блок div.mod-section.specification — спеки взяты из остальных table (если есть).
__RM_JSON__ /Users/mihail/Desktop/Нумизматика сайт/omonete-app/data/royal-mint-red-arrows-2025-50p-silver-proof-piedfort-colour-coin.json

Готово: /Users/mihail/Desktop/Нумизматика сайт/omonete-app/data/royal-mint-red-arrows-2025-50p-silver-proof-piedfort-colour-coin.json
Исходная ссылка (listing): https://www.royalmint.com/shop/limited-editions/red-arrows/red-arrows-2025-50p-silver-proof-piedfort-colour-coin
Загрузка PDP: https://www.royalmint.com/invest/bullion/bullion-coins/silver-coins/red-arrows-2025-50p-silver-proof-piedfort-colour-coin/?listId=Silver_Coins&listName=Silver%20Coins
Классификация картинок: {
  "obverse": null,
  "reverse": null,
  "blister_obverse": null,
  "blister_reverse": null,
  "box": null,
  "certificate": null
}

────────── Как увидеть монету на сайте (localhost) ──────────
Быстро (парсинг + public/data в один заход): npm run royal-mint:preview
  (или уже есть JSON: npx tsx scripts/royal-mint-to-public-catalog.ts "/Users/mihail/Desktop/Нумизматика сайт/omonete-app/data/royal-mint-red-arrows-2025-50p-silver-proof-piedfort-colour-coin.json")
Потом: npm run dev → http://localhost:3000/coins/991001/ (или ROYAL_MINT_LOCAL_ID)
Картинки (если скачались): public/image/coins/foreign/ — пути уже в JSON монеты.
В БД: npm run royal-mint:import → npm run data:export (или data:export:incremental).

——— [138/192] ———
 https://www.royalmint.com/shop/limited-editions/red-arrows/The-Red-Arrows-Collector-Coin-Set
Внимание: на странице не найден блок div.mod-section.specification — спеки взяты из остальных table (если есть).
__RM_JSON__ /Users/mihail/Desktop/Нумизматика сайт/omonete-app/data/royal-mint-the-red-arrows-collector-coin-set.json

Готово: /Users/mihail/Desktop/Нумизматика сайт/omonete-app/data/royal-mint-the-red-arrows-collector-coin-set.json
Исходная ссылка (listing): https://www.royalmint.com/shop/limited-editions/red-arrows/The-Red-Arrows-Collector-Coin-Set
Загрузка PDP: https://www.royalmint.com/invest/bullion/bullion-coins/gold-coins/The-Red-Arrows-Collector-Coin-Set/?listId=Gold_Coins&listName=Gold%20Coins
Классификация картинок: {
  "obverse": null,
  "reverse": null,
  "blister_obverse": null,
  "blister_reverse": null,
  "box": null,
  "certificate": null
}

────────── Как увидеть монету на сайте (localhost) ──────────
Быстро (парсинг + public/data в один заход): npm run royal-mint:preview
  (или уже есть JSON: npx tsx scripts/royal-mint-to-public-catalog.ts "/Users/mihail/Desktop/Нумизматика сайт/omonete-app/data/royal-mint-the-red-arrows-collector-coin-set.json")
Потом: npm run dev → http://localhost:3000/coins/991001/ (или ROYAL_MINT_LOCAL_ID)
Картинки (если скачались): public/image/coins/foreign/ — пути уже в JSON монеты.
В БД: npm run royal-mint:import → npm run data:export (или data:export:incremental).

——— [139/192] ———
 https://www.royalmint.com/shop/limited-editions/rrs-discovery/rrs-discovery-2025-2-pound-silver-proof-coin
Внимание: на странице не найден блок div.mod-section.specification — спеки взяты из остальных table (если есть).
__RM_JSON__ /Users/mihail/Desktop/Нумизматика сайт/omonete-app/data/royal-mint-rrs-discovery-2025-2-pound-silver-proof-coin.json

Готово: /Users/mihail/Desktop/Нумизматика сайт/omonete-app/data/royal-mint-rrs-discovery-2025-2-pound-silver-proof-coin.json
Исходная ссылка (listing): https://www.royalmint.com/shop/limited-editions/rrs-discovery/rrs-discovery-2025-2-pound-silver-proof-coin
Загрузка PDP: https://www.royalmint.com/invest/bullion/bullion-coins/silver-coins/rrs-discovery-2025-2-pound-silver-proof-coin/?listId=Silver_Coins&listName=Silver%20Coins
Классификация картинок: {
  "obverse": null,
  "reverse": null,
  "blister_obverse": null,
  "blister_reverse": null,
  "box": null,
  "certificate": null
}

────────── Как увидеть монету на сайте (localhost) ──────────
Быстро (парсинг + public/data в один заход): npm run royal-mint:preview
  (или уже есть JSON: npx tsx scripts/royal-mint-to-public-catalog.ts "/Users/mihail/Desktop/Нумизматика сайт/omonete-app/data/royal-mint-rrs-discovery-2025-2-pound-silver-proof-coin.json")
Потом: npm run dev → http://localhost:3000/coins/991001/ (или ROYAL_MINT_LOCAL_ID)
Картинки (если скачались): public/image/coins/foreign/ — пути уже в JSON монеты.
В БД: npm run royal-mint:import → npm run data:export (или data:export:incremental).

——— [140/192] ———
 https://www.royalmint.com/shop/limited-editions/rrs-discovery/rrs-discovery-2025-2-silver-proof-piedfort-coin
Внимание: на странице не найден блок div.mod-section.specification — спеки взяты из остальных table (если есть).
__RM_JSON__ /Users/mihail/Desktop/Нумизматика сайт/omonete-app/data/royal-mint-rrs-discovery-2025-2-silver-proof-piedfort-coin.json

Готово: /Users/mihail/Desktop/Нумизматика сайт/omonete-app/data/royal-mint-rrs-discovery-2025-2-silver-proof-piedfort-coin.json
Исходная ссылка (listing): https://www.royalmint.com/shop/limited-editions/rrs-discovery/rrs-discovery-2025-2-silver-proof-piedfort-coin
Загрузка PDP: https://www.royalmint.com/invest/bullion/bullion-coins/silver-coins/rrs-discovery-2025-2-silver-proof-piedfort-coin/?listId=Silver_Coins&listName=Silver%20Coins
Классификация картинок: {
  "obverse": null,
  "reverse": null,
  "blister_obverse": null,
  "blister_reverse": null,
  "box": null,
  "certificate": null
}

────────── Как увидеть монету на сайте (localhost) ──────────
Быстро (парсинг + public/data в один заход): npm run royal-mint:preview
  (или уже есть JSON: npx tsx scripts/royal-mint-to-public-catalog.ts "/Users/mihail/Desktop/Нумизматика сайт/omonete-app/data/royal-mint-rrs-discovery-2025-2-silver-proof-piedfort-coin.json")
Потом: npm run dev → http://localhost:3000/coins/991001/ (или ROYAL_MINT_LOCAL_ID)
Картинки (если скачались): public/image/coins/foreign/ — пути уже в JSON монеты.
В БД: npm run royal-mint:import → npm run data:export (или data:export:incremental).

——— [141/192] ———
 https://www.royalmint.com/shop/limited-editions/stories-of-the-second-world-war/stories-of-the-second-world-war-2025-50p-silver-piedfort-proof-coin
Внимание: на странице не найден блок div.mod-section.specification — спеки взяты из остальных table (если есть).
__RM_JSON__ /Users/mihail/Desktop/Нумизматика сайт/omonete-app/data/royal-mint-stories-of-the-second-world-war-2025-50p-silver-piedfort-proof-coin.json

Готово: /Users/mihail/Desktop/Нумизматика сайт/omonete-app/data/royal-mint-stories-of-the-second-world-war-2025-50p-silver-piedfort-proof-coin.json
Исходная ссылка (listing): https://www.royalmint.com/shop/limited-editions/stories-of-the-second-world-war/stories-of-the-second-world-war-2025-50p-silver-piedfort-proof-coin
Загрузка PDP: https://www.royalmint.com/invest/bullion/bullion-coins/silver-coins/stories-of-the-second-world-war-2025-50p-silver-piedfort-proof-coin/?listId=Silver_Coins&listName=Silver%20Coins
Классификация картинок: {
  "obverse": null,
  "reverse": null,
  "blister_obverse": null,
  "blister_reverse": null,
  "box": null,
  "certificate": null
}

────────── Как увидеть монету на сайте (localhost) ──────────
Быстро (парсинг + public/data в один заход): npm run royal-mint:preview
  (или уже есть JSON: npx tsx scripts/royal-mint-to-public-catalog.ts "/Users/mihail/Desktop/Нумизматика сайт/omonete-app/data/royal-mint-stories-of-the-second-world-war-2025-50p-silver-piedfort-proof-coin.json")
Потом: npm run dev → http://localhost:3000/coins/991001/ (или ROYAL_MINT_LOCAL_ID)
Картинки (если скачались): public/image/coins/foreign/ — пути уже в JSON монеты.
В БД: npm run royal-mint:import → npm run data:export (или data:export:incremental).

——— [142/192] ———
 https://www.royalmint.com/shop/limited-editions/stories-of-the-second-world-war/stories-of-the-second-world-war-2025-50p-silver-proof-coin
Внимание: на странице не найден блок div.mod-section.specification — спеки взяты из остальных table (если есть).
__RM_JSON__ /Users/mihail/Desktop/Нумизматика сайт/omonete-app/data/royal-mint-stories-of-the-second-world-war-2025-50p-silver-proof-coin.json

Готово: /Users/mihail/Desktop/Нумизматика сайт/omonete-app/data/royal-mint-stories-of-the-second-world-war-2025-50p-silver-proof-coin.json
Исходная ссылка (listing): https://www.royalmint.com/shop/limited-editions/stories-of-the-second-world-war/stories-of-the-second-world-war-2025-50p-silver-proof-coin
Загрузка PDP: https://www.royalmint.com/invest/bullion/bullion-coins/silver-coins/stories-of-the-second-world-war-2025-50p-silver-proof-coin/?listId=Silver_Coins&listName=Silver%20Coins
Классификация картинок: {
  "obverse": null,
  "reverse": null,
  "blister_obverse": null,
  "blister_reverse": null,
  "box": null,
  "certificate": null
}

────────── Как увидеть монету на сайте (localhost) ──────────
Быстро (парсинг + public/data в один заход): npm run royal-mint:preview
  (или уже есть JSON: npx tsx scripts/royal-mint-to-public-catalog.ts "/Users/mihail/Desktop/Нумизматика сайт/omonete-app/data/royal-mint-stories-of-the-second-world-war-2025-50p-silver-proof-coin.json")
Потом: npm run dev → http://localhost:3000/coins/991001/ (или ROYAL_MINT_LOCAL_ID)
Картинки (если скачались): public/image/coins/foreign/ — пути уже в JSON монеты.
В БД: npm run royal-mint:import → npm run data:export (или data:export:incremental).

——— [143/192] ———
 https://www.royalmint.com/shop/limited-editions/team-gb-2024/team-gb-and-paralympicsgb-2024-50p-silver-proof-colour-coin
Внимание: на странице не найден блок div.mod-section.specification — спеки взяты из остальных table (если есть).
__RM_JSON__ /Users/mihail/Desktop/Нумизматика сайт/omonete-app/data/royal-mint-team-gb-and-paralympicsgb-2024-50p-silver-proof-colour-coin.json

Готово: /Users/mihail/Desktop/Нумизматика сайт/omonete-app/data/royal-mint-team-gb-and-paralympicsgb-2024-50p-silver-proof-colour-coin.json
Исходная ссылка (listing): https://www.royalmint.com/shop/limited-editions/team-gb-2024/team-gb-and-paralympicsgb-2024-50p-silver-proof-colour-coin
Загрузка PDP: https://www.royalmint.com/invest/bullion/bullion-coins/silver-coins/team-gb-and-paralympicsgb-2024-50p-silver-proof-colour-coin/?listId=Silver_Coins&listName=Silver%20Coins
Классификация картинок: {
  "obverse": null,
  "reverse": null,
  "blister_obverse": null,
  "blister_reverse": null,
  "box": null,
  "certificate": null
}

────────── Как увидеть монету на сайте (localhost) ──────────
Быстро (парсинг + public/data в один заход): npm run royal-mint:preview
  (или уже есть JSON: npx tsx scripts/royal-mint-to-public-catalog.ts "/Users/mihail/Desktop/Нумизматика сайт/omonete-app/data/royal-mint-team-gb-and-paralympicsgb-2024-50p-silver-proof-colour-coin.json")
Потом: npm run dev → http://localhost:3000/coins/991001/ (или ROYAL_MINT_LOCAL_ID)
Картинки (если скачались): public/image/coins/foreign/ — пути уже в JSON монеты.
В БД: npm run royal-mint:import → npm run data:export (или data:export:incremental).

——— [144/192] ———
 https://www.royalmint.com/shop/limited-editions/the-angel/the-angel-2026-1oz-silver-proof-coin
Внимание: на странице не найден блок div.mod-section.specification — спеки взяты из остальных table (если есть).
__RM_JSON__ /Users/mihail/Desktop/Нумизматика сайт/omonete-app/data/royal-mint-the-angel-2026-1oz-silver-proof-coin.json

Готово: /Users/mihail/Desktop/Нумизматика сайт/omonete-app/data/royal-mint-the-angel-2026-1oz-silver-proof-coin.json
Исходная ссылка (listing): https://www.royalmint.com/shop/limited-editions/the-angel/the-angel-2026-1oz-silver-proof-coin
Загрузка PDP: https://www.royalmint.com/invest/bullion/bullion-coins/silver-coins/the-angel-2026-1oz-silver-proof-coin/?listId=Silver_Coins&listName=Silver%20Coins
Классификация картинок: {
  "obverse": null,
  "reverse": null,
  "blister_obverse": null,
  "blister_reverse": null,
  "box": null,
  "certificate": null
}

────────── Как увидеть монету на сайте (localhost) ──────────
Быстро (парсинг + public/data в один заход): npm run royal-mint:preview
  (или уже есть JSON: npx tsx scripts/royal-mint-to-public-catalog.ts "/Users/mihail/Desktop/Нумизматика сайт/omonete-app/data/royal-mint-the-angel-2026-1oz-silver-proof-coin.json")
Потом: npm run dev → http://localhost:3000/coins/991001/ (или ROYAL_MINT_LOCAL_ID)
Картинки (если скачались): public/image/coins/foreign/ — пути уже в JSON монеты.
В БД: npm run royal-mint:import → npm run data:export (или data:export:incremental).

——— [145/192] ———
 https://www.royalmint.com/shop/limited-editions/the-angel/the-angel-2026-2oz-silver-proof-coin
Внимание: на странице не найден блок div.mod-section.specification — спеки взяты из остальных table (если есть).
__RM_JSON__ /Users/mihail/Desktop/Нумизматика сайт/omonete-app/data/royal-mint-the-angel-2026-2oz-silver-proof-coin.json

Готово: /Users/mihail/Desktop/Нумизматика сайт/omonete-app/data/royal-mint-the-angel-2026-2oz-silver-proof-coin.json
Исходная ссылка (listing): https://www.royalmint.com/shop/limited-editions/the-angel/the-angel-2026-2oz-silver-proof-coin
Загрузка PDP: https://www.royalmint.com/invest/bullion/bullion-coins/silver-coins/the-angel-2026-2oz-silver-proof-coin/?listId=Silver_Coins&listName=Silver%20Coins
Классификация картинок: {
  "obverse": null,
  "reverse": null,
  "blister_obverse": null,
  "blister_reverse": null,
  "box": null,
  "certificate": null
}

────────── Как увидеть монету на сайте (localhost) ──────────
Быстро (парсинг + public/data в один заход): npm run royal-mint:preview
  (или уже есть JSON: npx tsx scripts/royal-mint-to-public-catalog.ts "/Users/mihail/Desktop/Нумизматика сайт/omonete-app/data/royal-mint-the-angel-2026-2oz-silver-proof-coin.json")
Потом: npm run dev → http://localhost:3000/coins/991001/ (или ROYAL_MINT_LOCAL_ID)
Картинки (если скачались): public/image/coins/foreign/ — пути уже в JSON монеты.
В БД: npm run royal-mint:import → npm run data:export (или data:export:incremental).

——— [146/192] ———
 https://www.royalmint.com/shop/limited-editions/the-battles-of-lexington-and-concord/the-battles-of-lexington-and-concord-2025-uk-1oz-silver-proof-coin
Внимание: на странице не найден блок div.mod-section.specification — спеки взяты из остальных table (если есть).
__RM_JSON__ /Users/mihail/Desktop/Нумизматика сайт/omonete-app/data/royal-mint-the-battles-of-lexington-and-concord-2025-uk-1oz-silver-proof-coin.json

Готово: /Users/mihail/Desktop/Нумизматика сайт/omonete-app/data/royal-mint-the-battles-of-lexington-and-concord-2025-uk-1oz-silver-proof-coin.json
Исходная ссылка (listing): https://www.royalmint.com/shop/limited-editions/the-battles-of-lexington-and-concord/the-battles-of-lexington-and-concord-2025-uk-1oz-silver-proof-coin
Загрузка PDP: https://www.royalmint.com/invest/bullion/bullion-coins/silver-coins/the-battles-of-lexington-and-concord-2025-uk-1oz-silver-proof-coin/?listId=Silver_Coins&listName=Silver%20Coins
Классификация картинок: {
  "obverse": null,
  "reverse": null,
  "blister_obverse": null,
  "blister_reverse": null,
  "box": null,
  "certificate": null
}

────────── Как увидеть монету на сайте (localhost) ──────────
Быстро (парсинг + public/data в один заход): npm run royal-mint:preview
  (или уже есть JSON: npx tsx scripts/royal-mint-to-public-catalog.ts "/Users/mihail/Desktop/Нумизматика сайт/omonete-app/data/royal-mint-the-battles-of-lexington-and-concord-2025-uk-1oz-silver-proof-coin.json")
Потом: npm run dev → http://localhost:3000/coins/991001/ (или ROYAL_MINT_LOCAL_ID)
Картинки (если скачались): public/image/coins/foreign/ — пути уже в JSON монеты.
В БД: npm run royal-mint:import → npm run data:export (или data:export:incremental).

——— [147/192] ———
 https://www.royalmint.com/shop/limited-editions/the-battles-of-lexington-and-concord/the-battles-of-lexington-and-concord-2025-uk-2oz-silver-proof-coin
Внимание: на странице не найден блок div.mod-section.specification — спеки взяты из остальных table (если есть).
__RM_JSON__ /Users/mihail/Desktop/Нумизматика сайт/omonete-app/data/royal-mint-the-battles-of-lexington-and-concord-2025-uk-2oz-silver-proof-coin.json

Готово: /Users/mihail/Desktop/Нумизматика сайт/omonete-app/data/royal-mint-the-battles-of-lexington-and-concord-2025-uk-2oz-silver-proof-coin.json
Исходная ссылка (listing): https://www.royalmint.com/shop/limited-editions/the-battles-of-lexington-and-concord/the-battles-of-lexington-and-concord-2025-uk-2oz-silver-proof-coin
Загрузка PDP: https://www.royalmint.com/invest/bullion/bullion-coins/silver-coins/the-battles-of-lexington-and-concord-2025-uk-2oz-silver-proof-coin/?listId=Silver_Coins&listName=Silver%20Coins
Классификация картинок: {
  "obverse": null,
  "reverse": null,
  "blister_obverse": null,
  "blister_reverse": null,
  "box": null,
  "certificate": null
}

────────── Как увидеть монету на сайте (localhost) ──────────
Быстро (парсинг + public/data в один заход): npm run royal-mint:preview
  (или уже есть JSON: npx tsx scripts/royal-mint-to-public-catalog.ts "/Users/mihail/Desktop/Нумизматика сайт/omonete-app/data/royal-mint-the-battles-of-lexington-and-concord-2025-uk-2oz-silver-proof-coin.json")
Потом: npm run dev → http://localhost:3000/coins/991001/ (или ROYAL_MINT_LOCAL_ID)
Картинки (если скачались): public/image/coins/foreign/ — пути уже в JSON монеты.
В БД: npm run royal-mint:import → npm run data:export (или data:export:incremental).

——— [148/192] ———
 https://www.royalmint.com/shop/limited-editions/the-great-british-treasure-hunt/the-penny-drops-2026-silver-proof-coin
Внимание: на странице не найден блок div.mod-section.specification — спеки взяты из остальных table (если есть).
__RM_JSON__ /Users/mihail/Desktop/Нумизматика сайт/omonete-app/data/royal-mint-the-penny-drops-2026-silver-proof-coin.json

Готово: /Users/mihail/Desktop/Нумизматика сайт/omonete-app/data/royal-mint-the-penny-drops-2026-silver-proof-coin.json
Исходная ссылка (listing): https://www.royalmint.com/shop/limited-editions/the-great-british-treasure-hunt/the-penny-drops-2026-silver-proof-coin
Загрузка PDP: https://www.royalmint.com/invest/bullion/bullion-coins/silver-coins/the-penny-drops-2026-silver-proof-coin/?listId=Silver_Coins&listName=Silver%20Coins
Классификация картинок: {
  "obverse": null,
  "reverse": null,
  "blister_obverse": null,
  "blister_reverse": null,
  "box": null,
  "certificate": null
}

────────── Как увидеть монету на сайте (localhost) ──────────
Быстро (парсинг + public/data в один заход): npm run royal-mint:preview
  (или уже есть JSON: npx tsx scripts/royal-mint-to-public-catalog.ts "/Users/mihail/Desktop/Нумизматика сайт/omonete-app/data/royal-mint-the-penny-drops-2026-silver-proof-coin.json")
Потом: npm run dev → http://localhost:3000/coins/991001/ (или ROYAL_MINT_LOCAL_ID)
Картинки (если скачались): public/image/coins/foreign/ — пути уже в JSON монеты.
В БД: npm run royal-mint:import → npm run data:export (или data:export:incremental).

——— [149/192] ———
 https://www.royalmint.com/shop/limited-editions/the-life-of-queen-victoria/the-life-of-queen-victoria-2026-5-pound-silver-piedfort-proof-coin
Внимание: на странице не найден блок div.mod-section.specification — спеки взяты из остальных table (если есть).
__RM_JSON__ /Users/mihail/Desktop/Нумизматика сайт/omonete-app/data/royal-mint-the-life-of-queen-victoria-2026-5-pound-silver-piedfort-proof-coin.json

Готово: /Users/mihail/Desktop/Нумизматика сайт/omonete-app/data/royal-mint-the-life-of-queen-victoria-2026-5-pound-silver-piedfort-proof-coin.json
Исходная ссылка (listing): https://www.royalmint.com/shop/limited-editions/the-life-of-queen-victoria/the-life-of-queen-victoria-2026-5-pound-silver-piedfort-proof-coin
Загрузка PDP: https://www.royalmint.com/invest/bullion/bullion-coins/silver-coins/the-life-of-queen-victoria-2026-5-pound-silver-piedfort-proof-coin/?listId=Silver_Coins&listName=Silver%20Coins
Классификация картинок: {
  "obverse": null,
  "reverse": null,
  "blister_obverse": null,
  "blister_reverse": null,
  "box": null,
  "certificate": null
}

────────── Как увидеть монету на сайте (localhost) ──────────
Быстро (парсинг + public/data в один заход): npm run royal-mint:preview
  (или уже есть JSON: npx tsx scripts/royal-mint-to-public-catalog.ts "/Users/mihail/Desktop/Нумизматика сайт/omonete-app/data/royal-mint-the-life-of-queen-victoria-2026-5-pound-silver-piedfort-proof-coin.json")
Потом: npm run dev → http://localhost:3000/coins/991001/ (или ROYAL_MINT_LOCAL_ID)
Картинки (если скачались): public/image/coins/foreign/ — пути уже в JSON монеты.
В БД: npm run royal-mint:import → npm run data:export (или data:export:incremental).

——— [150/192] ———
 https://www.royalmint.com/shop/limited-editions/the-life-of-queen-victoria/the-life-of-queen-victoria-2026-5-pound-silver-proof-coin
Внимание: на странице не найден блок div.mod-section.specification — спеки взяты из остальных table (если есть).
__RM_JSON__ /Users/mihail/Desktop/Нумизматика сайт/omonete-app/data/royal-mint-the-life-of-queen-victoria-2026-5-pound-silver-proof-coin.json

Готово: /Users/mihail/Desktop/Нумизматика сайт/omonete-app/data/royal-mint-the-life-of-queen-victoria-2026-5-pound-silver-proof-coin.json
Исходная ссылка (listing): https://www.royalmint.com/shop/limited-editions/the-life-of-queen-victoria/the-life-of-queen-victoria-2026-5-pound-silver-proof-coin
Загрузка PDP: https://www.royalmint.com/invest/bullion/bullion-coins/silver-coins/the-life-of-queen-victoria-2026-5-pound-silver-proof-coin/?listId=Silver_Coins&listName=Silver%20Coins
Классификация картинок: {
  "obverse": null,
  "reverse": null,
  "blister_obverse": null,
  "blister_reverse": null,
  "box": null,
  "certificate": null
}

────────── Как увидеть монету на сайте (localhost) ──────────
Быстро (парсинг + public/data в один заход): npm run royal-mint:preview
  (или уже есть JSON: npx tsx scripts/royal-mint-to-public-catalog.ts "/Users/mihail/Desktop/Нумизматика сайт/omonete-app/data/royal-mint-the-life-of-queen-victoria-2026-5-pound-silver-proof-coin.json")
Потом: npm run dev → http://localhost:3000/coins/991001/ (или ROYAL_MINT_LOCAL_ID)
Картинки (если скачались): public/image/coins/foreign/ — пути уже в JSON монеты.
В БД: npm run royal-mint:import → npm run data:export (или data:export:incremental).

——— [151/192] ———
 https://www.royalmint.com/shop/limited-editions/the-life-of-queen-victoria/The-Life-of-Queen-Victoria-Silver-Set
Внимание: на странице не найден блок div.mod-section.specification — спеки взяты из остальных table (если есть).
__RM_JSON__ /Users/mihail/Desktop/Нумизматика сайт/omonete-app/data/royal-mint-the-life-of-queen-victoria-silver-set.json

Готово: /Users/mihail/Desktop/Нумизматика сайт/omonete-app/data/royal-mint-the-life-of-queen-victoria-silver-set.json
Исходная ссылка (listing): https://www.royalmint.com/shop/limited-editions/the-life-of-queen-victoria/The-Life-of-Queen-Victoria-Silver-Set
Загрузка PDP: https://www.royalmint.com/invest/bullion/bullion-coins/silver-coins/The-Life-of-Queen-Victoria-Silver-Set/?listId=Silver_Coins&listName=Silver%20Coins
Классификация картинок: {
  "obverse": null,
  "reverse": null,
  "blister_obverse": null,
  "blister_reverse": null,
  "box": null,
  "certificate": null
}

────────── Как увидеть монету на сайте (localhost) ──────────
Быстро (парсинг + public/data в один заход): npm run royal-mint:preview
  (или уже есть JSON: npx tsx scripts/royal-mint-to-public-catalog.ts "/Users/mihail/Desktop/Нумизматика сайт/omonete-app/data/royal-mint-the-life-of-queen-victoria-silver-set.json")
Потом: npm run dev → http://localhost:3000/coins/991001/ (или ROYAL_MINT_LOCAL_ID)
Картинки (если скачались): public/image/coins/foreign/ — пути уже в JSON монеты.
В БД: npm run royal-mint:import → npm run data:export (или data:export:incremental).

——— [152/192] ———
 https://www.royalmint.com/shop/limited-editions/the-lion-and-eagle/bullion-range/the-lion-and-the-eagle-2026-1-2oz-silver-bullion-coin
Блок характеристик: div.mod-section.specification — найден, полей в specs: 11
  ✓ the-lion-and-the-eagle-2026-1-2oz-silver-bullion-coin-obv.webp
  ✓ the-lion-and-the-eagle-2026-1-2oz-silver-bullion-coin-rev.webp
  ✓ the-lion-and-the-eagle-2026-1-2oz-silver-bullion-coin-blister-obv.webp
  ✓ the-lion-and-the-eagle-2026-1-2oz-silver-bullion-coin-blister-rev.webp
__RM_JSON__ /Users/mihail/Desktop/Нумизматика сайт/omonete-app/data/royal-mint-the-lion-and-the-eagle-2026-1-2oz-silver-bullion-coin.json

Готово: /Users/mihail/Desktop/Нумизматика сайт/omonete-app/data/royal-mint-the-lion-and-the-eagle-2026-1-2oz-silver-bullion-coin.json
Исходная ссылка (listing): https://www.royalmint.com/shop/limited-editions/the-lion-and-eagle/bullion-range/the-lion-and-the-eagle-2026-1-2oz-silver-bullion-coin
Загрузка PDP: https://www.royalmint.com/invest/bullion/bullion-coins/silver-coins/the-lion-and-the-eagle-2026-1-2oz-silver-bullion-coin/?listId=Silver_Coins&listName=Silver%20Coins
Классификация картинок: {
  "obverse": "https://www.royalmint.com/globalassets/_ecommerce/invest/launches/2026/lion-and-eagle/product-images/le26sh---2026-bullion-the-lion-and-the-eagle-1-2oz-silver-coin-obverse-edge.jpg",
  "reverse": "https://www.royalmint.com/globalassets/_ecommerce/invest/launches/2026/lion-and-eagle/product-images/le26sh---2026-bullion-the-lion-and-the-eagle-1-2oz-silver-coin-reverse-edge.jpg",
  "blister_obverse": "https://www.royalmint.com/globalassets/_ecommerce/invest/launches/2026/lion-and-eagle/product-images/le26sh---2026-bullion-the-lion-and-the-eagle-1-2oz-silver-coin-obverse-capsule.jpg",
  "blister_reverse": "https://www.royalmint.com/globalassets/_ecommerce/invest/launches/2026/lion-and-eagle/product-images/le26sh---2026-bullion-the-lion-and-the-eagle-1-2oz-silver-coin-reverse-capsule.jpg",
  "box": null,
  "certificate": null
}

────────── Как увидеть монету на сайте (localhost) ──────────
Быстро (парсинг + public/data в один заход): npm run royal-mint:preview
  (или уже есть JSON: npx tsx scripts/royal-mint-to-public-catalog.ts "/Users/mihail/Desktop/Нумизматика сайт/omonete-app/data/royal-mint-the-lion-and-the-eagle-2026-1-2oz-silver-bullion-coin.json")
Потом: npm run dev → http://localhost:3000/coins/991001/ (или ROYAL_MINT_LOCAL_ID)
Картинки (если скачались): public/image/coins/foreign/ — пути уже в JSON монеты.
В БД: npm run royal-mint:import → npm run data:export (или data:export:incremental).

——— [153/192] ———
 https://www.royalmint.com/shop/limited-editions/the-lion-and-eagle/bullion-range/the-lion-and-the-eagle-2026-1oz-silver-bullion-coin
Блок характеристик: div.mod-section.specification — найден, полей в specs: 11
  ✓ the-lion-and-the-eagle-2026-1oz-silver-bullion-coin-obv.webp
  ✓ the-lion-and-the-eagle-2026-1oz-silver-bullion-coin-rev.webp
  ✓ the-lion-and-the-eagle-2026-1oz-silver-bullion-coin-blister-obv.webp
  ✓ the-lion-and-the-eagle-2026-1oz-silver-bullion-coin-blister-rev.webp
__RM_JSON__ /Users/mihail/Desktop/Нумизматика сайт/omonete-app/data/royal-mint-the-lion-and-the-eagle-2026-1oz-silver-bullion-coin.json

Готово: /Users/mihail/Desktop/Нумизматика сайт/omonete-app/data/royal-mint-the-lion-and-the-eagle-2026-1oz-silver-bullion-coin.json
Исходная ссылка (listing): https://www.royalmint.com/shop/limited-editions/the-lion-and-eagle/bullion-range/the-lion-and-the-eagle-2026-1oz-silver-bullion-coin
Загрузка PDP: https://www.royalmint.com/invest/bullion/bullion-coins/silver-coins/the-lion-and-the-eagle-2026-1oz-silver-bullion-coin/?listId=Silver_Coins&listName=Silver%20Coins
Классификация картинок: {
  "obverse": "https://www.royalmint.com/globalassets/_ecommerce/invest/launches/2026/lion-and-eagle/product-images/le26s1---2026-bullion-the-lion-and-the-eagle-1oz-silver-coin-obverse-edge.jpg",
  "reverse": "https://www.royalmint.com/globalassets/_ecommerce/invest/launches/2026/lion-and-eagle/product-images/le26s1---2026-bullion-the-lion-and-the-eagle-1oz-silver-coin-reverse-edge.jpg",
  "blister_obverse": "https://www.royalmint.com/globalassets/_ecommerce/invest/launches/2026/lion-and-eagle/product-images/le26s1---2026-bullion-the-lion-and-the-eagle-1oz-silver-coin-obverse-capsule.jpg",
  "blister_reverse": "https://www.royalmint.com/globalassets/_ecommerce/invest/launches/2026/lion-and-eagle/product-images/le26s1---2026-bullion-the-lion-and-the-eagle-1oz-silver-coin-reverse-capsule.jpg",
  "box": null,
  "certificate": null
}

────────── Как увидеть монету на сайте (localhost) ──────────
Быстро (парсинг + public/data в один заход): npm run royal-mint:preview
  (или уже есть JSON: npx tsx scripts/royal-mint-to-public-catalog.ts "/Users/mihail/Desktop/Нумизматика сайт/omonete-app/data/royal-mint-the-lion-and-the-eagle-2026-1oz-silver-bullion-coin.json")
Потом: npm run dev → http://localhost:3000/coins/991001/ (или ROYAL_MINT_LOCAL_ID)
Картинки (если скачались): public/image/coins/foreign/ — пути уже в JSON монеты.
В БД: npm run royal-mint:import → npm run data:export (или data:export:incremental).

——— [154/192] ———
 https://www.royalmint.com/shop/limited-editions/the-lion-and-eagle/commemorative/the-lion-and-the-eagle-2026-1oz-silver-proof-coin
Внимание: на странице не найден блок div.mod-section.specification — спеки взяты из остальных table (если есть).
__RM_JSON__ /Users/mihail/Desktop/Нумизматика сайт/omonete-app/data/royal-mint-the-lion-and-the-eagle-2026-1oz-silver-proof-coin.json

Готово: /Users/mihail/Desktop/Нумизматика сайт/omonete-app/data/royal-mint-the-lion-and-the-eagle-2026-1oz-silver-proof-coin.json
Исходная ссылка (listing): https://www.royalmint.com/shop/limited-editions/the-lion-and-eagle/commemorative/the-lion-and-the-eagle-2026-1oz-silver-proof-coin
Загрузка PDP: https://www.royalmint.com/invest/bullion/bullion-coins/silver-coins/the-lion-and-the-eagle-2026-1oz-silver-proof-coin/?listId=Silver_Coins&listName=Silver%20Coins
Классификация картинок: {
  "obverse": null,
  "reverse": null,
  "blister_obverse": null,
  "blister_reverse": null,
  "box": null,
  "certificate": null
}

────────── Как увидеть монету на сайте (localhost) ──────────
Быстро (парсинг + public/data в один заход): npm run royal-mint:preview
  (или уже есть JSON: npx tsx scripts/royal-mint-to-public-catalog.ts "/Users/mihail/Desktop/Нумизматика сайт/omonete-app/data/royal-mint-the-lion-and-the-eagle-2026-1oz-silver-proof-coin.json")
Потом: npm run dev → http://localhost:3000/coins/991001/ (или ROYAL_MINT_LOCAL_ID)
Картинки (если скачались): public/image/coins/foreign/ — пути уже в JSON монеты.
В БД: npm run royal-mint:import → npm run data:export (или data:export:incremental).

——— [155/192] ———
 https://www.royalmint.com/shop/limited-editions/the-lion-and-eagle/commemorative/the-lion-and-the-eagle-2026-2oz-silver-proof-coin
Внимание: на странице не найден блок div.mod-section.specification — спеки взяты из остальных table (если есть).
__RM_JSON__ /Users/mihail/Desktop/Нумизматика сайт/omonete-app/data/royal-mint-the-lion-and-the-eagle-2026-2oz-silver-proof-coin.json

Готово: /Users/mihail/Desktop/Нумизматика сайт/omonete-app/data/royal-mint-the-lion-and-the-eagle-2026-2oz-silver-proof-coin.json
Исходная ссылка (listing): https://www.royalmint.com/shop/limited-editions/the-lion-and-eagle/commemorative/the-lion-and-the-eagle-2026-2oz-silver-proof-coin
Загрузка PDP: https://www.royalmint.com/invest/bullion/bullion-coins/silver-coins/the-lion-and-the-eagle-2026-2oz-silver-proof-coin/?listId=Silver_Coins&listName=Silver%20Coins
Классификация картинок: {
  "obverse": null,
  "reverse": null,
  "blister_obverse": null,
  "blister_reverse": null,
  "box": null,
  "certificate": null
}

────────── Как увидеть монету на сайте (localhost) ──────────
Быстро (парсинг + public/data в один заход): npm run royal-mint:preview
  (или уже есть JSON: npx tsx scripts/royal-mint-to-public-catalog.ts "/Users/mihail/Desktop/Нумизматика сайт/omonete-app/data/royal-mint-the-lion-and-the-eagle-2026-2oz-silver-proof-coin.json")
Потом: npm run dev → http://localhost:3000/coins/991001/ (или ROYAL_MINT_LOCAL_ID)
Картинки (если скачались): public/image/coins/foreign/ — пути уже в JSON монеты.
В БД: npm run royal-mint:import → npm run data:export (или data:export:incremental).

——— [156/192] ———
 https://www.royalmint.com/shop/limited-editions/the-lion-and-eagle/commemorative/the-lion-and-the-eagle-2026-5oz-silver-proof-coin
Внимание: на странице не найден блок div.mod-section.specification — спеки взяты из остальных table (если есть).
__RM_JSON__ /Users/mihail/Desktop/Нумизматика сайт/omonete-app/data/royal-mint-the-lion-and-the-eagle-2026-5oz-silver-proof-coin.json

Готово: /Users/mihail/Desktop/Нумизматика сайт/omonete-app/data/royal-mint-the-lion-and-the-eagle-2026-5oz-silver-proof-coin.json
Исходная ссылка (listing): https://www.royalmint.com/shop/limited-editions/the-lion-and-eagle/commemorative/the-lion-and-the-eagle-2026-5oz-silver-proof-coin
Загрузка PDP: https://www.royalmint.com/invest/bullion/bullion-coins/silver-coins/the-lion-and-the-eagle-2026-5oz-silver-proof-coin/?listId=Silver_Coins&listName=Silver%20Coins
Классификация картинок: {
  "obverse": null,
  "reverse": null,
  "blister_obverse": null,
  "blister_reverse": null,
  "box": null,
  "certificate": null
}

────────── Как увидеть монету на сайте (localhost) ──────────
Быстро (парсинг + public/data в один заход): npm run royal-mint:preview
  (или уже есть JSON: npx tsx scripts/royal-mint-to-public-catalog.ts "/Users/mihail/Desktop/Нумизматика сайт/omonete-app/data/royal-mint-the-lion-and-the-eagle-2026-5oz-silver-proof-coin.json")
Потом: npm run dev → http://localhost:3000/coins/991001/ (или ROYAL_MINT_LOCAL_ID)
Картинки (если скачались): public/image/coins/foreign/ — пути уже в JSON монеты.
В БД: npm run royal-mint:import → npm run data:export (или data:export:incremental).

——— [157/192] ———
 https://www.royalmint.com/shop/limited-editions/the-lion-and-eagle/the-lion-and-the-eagle-2024-10oz-silver-proof-coin
Внимание: на странице не найден блок div.mod-section.specification — спеки взяты из остальных table (если есть).
__RM_JSON__ /Users/mihail/Desktop/Нумизматика сайт/omonete-app/data/royal-mint-the-lion-and-the-eagle-2024-10oz-silver-proof-coin.json

Готово: /Users/mihail/Desktop/Нумизматика сайт/omonete-app/data/royal-mint-the-lion-and-the-eagle-2024-10oz-silver-proof-coin.json
Исходная ссылка (listing): https://www.royalmint.com/shop/limited-editions/the-lion-and-eagle/the-lion-and-the-eagle-2024-10oz-silver-proof-coin
Загрузка PDP: https://www.royalmint.com/invest/bullion/bullion-coins/silver-coins/the-lion-and-the-eagle-2024-10oz-silver-proof-coin/?listId=Silver_Coins&listName=Silver%20Coins
Классификация картинок: {
  "obverse": null,
  "reverse": null,
  "blister_obverse": null,
  "blister_reverse": null,
  "box": null,
  "certificate": null
}

────────── Как увидеть монету на сайте (localhost) ──────────
Быстро (парсинг + public/data в один заход): npm run royal-mint:preview
  (или уже есть JSON: npx tsx scripts/royal-mint-to-public-catalog.ts "/Users/mihail/Desktop/Нумизматика сайт/omonete-app/data/royal-mint-the-lion-and-the-eagle-2024-10oz-silver-proof-coin.json")
Потом: npm run dev → http://localhost:3000/coins/991001/ (или ROYAL_MINT_LOCAL_ID)
Картинки (если скачались): public/image/coins/foreign/ — пути уже в JSON монеты.
В БД: npm run royal-mint:import → npm run data:export (или data:export:incremental).

——— [158/192] ———
 https://www.royalmint.com/shop/limited-editions/the-lion-and-eagle/the-lion-and-the-eagle-2024-5oz-silver-proof-coin
Внимание: на странице не найден блок div.mod-section.specification — спеки взяты из остальных table (если есть).
__RM_JSON__ /Users/mihail/Desktop/Нумизматика сайт/omonete-app/data/royal-mint-the-lion-and-the-eagle-2024-5oz-silver-proof-coin.json

Готово: /Users/mihail/Desktop/Нумизматика сайт/omonete-app/data/royal-mint-the-lion-and-the-eagle-2024-5oz-silver-proof-coin.json
Исходная ссылка (listing): https://www.royalmint.com/shop/limited-editions/the-lion-and-eagle/the-lion-and-the-eagle-2024-5oz-silver-proof-coin
Загрузка PDP: https://www.royalmint.com/invest/bullion/bullion-coins/silver-coins/the-lion-and-the-eagle-2024-5oz-silver-proof-coin/?listId=Silver_Coins&listName=Silver%20Coins
Классификация картинок: {
  "obverse": null,
  "reverse": null,
  "blister_obverse": null,
  "blister_reverse": null,
  "box": null,
  "certificate": null
}

────────── Как увидеть монету на сайте (localhost) ──────────
Быстро (парсинг + public/data в один заход): npm run royal-mint:preview
  (или уже есть JSON: npx tsx scripts/royal-mint-to-public-catalog.ts "/Users/mihail/Desktop/Нумизматика сайт/omonete-app/data/royal-mint-the-lion-and-the-eagle-2024-5oz-silver-proof-coin.json")
Потом: npm run dev → http://localhost:3000/coins/991001/ (или ROYAL_MINT_LOCAL_ID)
Картинки (если скачались): public/image/coins/foreign/ — пути уже в JSON монеты.
В БД: npm run royal-mint:import → npm run data:export (или data:export:incremental).

——— [159/192] ———
 https://www.royalmint.com/shop/limited-editions/the-princess-royal/the-75th-birthday-of-hrh-the-princess-royal-2025-5-pound-silver-proof-coin
Внимание: на странице не найден блок div.mod-section.specification — спеки взяты из остальных table (если есть).
__RM_JSON__ /Users/mihail/Desktop/Нумизматика сайт/omonete-app/data/royal-mint-the-75th-birthday-of-hrh-the-princess-royal-2025-5-pound-silver-proof-coin.json

Готово: /Users/mihail/Desktop/Нумизматика сайт/omonete-app/data/royal-mint-the-75th-birthday-of-hrh-the-princess-royal-2025-5-pound-silver-proof-coin.json
Исходная ссылка (listing): https://www.royalmint.com/shop/limited-editions/the-princess-royal/the-75th-birthday-of-hrh-the-princess-royal-2025-5-pound-silver-proof-coin
Загрузка PDP: https://www.royalmint.com/invest/bullion/bullion-coins/silver-coins/the-75th-birthday-of-hrh-the-princess-royal-2025-5-pound-silver-proof-coin/?listId=Silver_Coins&listName=Silver%20Coins
Классификация картинок: {
  "obverse": null,
  "reverse": null,
  "blister_obverse": null,
  "blister_reverse": null,
  "box": null,
  "certificate": null
}

────────── Как увидеть монету на сайте (localhost) ──────────
Быстро (парсинг + public/data в один заход): npm run royal-mint:preview
  (или уже есть JSON: npx tsx scripts/royal-mint-to-public-catalog.ts "/Users/mihail/Desktop/Нумизматика сайт/omonete-app/data/royal-mint-the-75th-birthday-of-hrh-the-princess-royal-2025-5-pound-silver-proof-coin.json")
Потом: npm run dev → http://localhost:3000/coins/991001/ (или ROYAL_MINT_LOCAL_ID)
Картинки (если скачались): public/image/coins/foreign/ — пути уже в JSON монеты.
В БД: npm run royal-mint:import → npm run data:export (или data:export:incremental).

——— [160/192] ———
 https://www.royalmint.com/shop/limited-editions/the-princess-royal/the-75th-birthday-of-hrh-the-princess-royal-collector-coin-set
Внимание: на странице не найден блок div.mod-section.specification — спеки взяты из остальных table (если есть).
__RM_JSON__ /Users/mihail/Desktop/Нумизматика сайт/omonete-app/data/royal-mint-the-75th-birthday-of-hrh-the-princess-royal-collector-coin-set.json

Готово: /Users/mihail/Desktop/Нумизматика сайт/omonete-app/data/royal-mint-the-75th-birthday-of-hrh-the-princess-royal-collector-coin-set.json
Исходная ссылка (listing): https://www.royalmint.com/shop/limited-editions/the-princess-royal/the-75th-birthday-of-hrh-the-princess-royal-collector-coin-set
Загрузка PDP: https://www.royalmint.com/invest/bullion/bullion-coins/gold-coins/the-75th-birthday-of-hrh-the-princess-royal-collector-coin-set/?listId=Gold_Coins&listName=Gold%20Coins
Классификация картинок: {
  "obverse": null,
  "reverse": null,
  "blister_obverse": null,
  "blister_reverse": null,
  "box": null,
  "certificate": null
}

────────── Как увидеть монету на сайте (localhost) ──────────
Быстро (парсинг + public/data в один заход): npm run royal-mint:preview
  (или уже есть JSON: npx tsx scripts/royal-mint-to-public-catalog.ts "/Users/mihail/Desktop/Нумизматика сайт/omonete-app/data/royal-mint-the-75th-birthday-of-hrh-the-princess-royal-collector-coin-set.json")
Потом: npm run dev → http://localhost:3000/coins/991001/ (или ROYAL_MINT_LOCAL_ID)
Картинки (если скачались): public/image/coins/foreign/ — пути уже в JSON монеты.
В БД: npm run royal-mint:import → npm run data:export (или data:export:incremental).

——— [161/192] ———
 https://www.royalmint.com/shop/limited-editions/the-royal-observatory/350-years-of-the-royal-observatory-greenwich-2025-silver-proof-coin
Внимание: на странице не найден блок div.mod-section.specification — спеки взяты из остальных table (если есть).
__RM_JSON__ /Users/mihail/Desktop/Нумизматика сайт/omonete-app/data/royal-mint-350-years-of-the-royal-observatory-greenwich-2025-silver-proof-coin.json

Готово: /Users/mihail/Desktop/Нумизматика сайт/omonete-app/data/royal-mint-350-years-of-the-royal-observatory-greenwich-2025-silver-proof-coin.json
Исходная ссылка (listing): https://www.royalmint.com/shop/limited-editions/the-royal-observatory/350-years-of-the-royal-observatory-greenwich-2025-silver-proof-coin
Загрузка PDP: https://www.royalmint.com/invest/bullion/bullion-coins/silver-coins/350-years-of-the-royal-observatory-greenwich-2025-silver-proof-coin/?listId=Silver_Coins&listName=Silver%20Coins
Классификация картинок: {
  "obverse": null,
  "reverse": null,
  "blister_obverse": null,
  "blister_reverse": null,
  "box": null,
  "certificate": null
}

────────── Как увидеть монету на сайте (localhost) ──────────
Быстро (парсинг + public/data в один заход): npm run royal-mint:preview
  (или уже есть JSON: npx tsx scripts/royal-mint-to-public-catalog.ts "/Users/mihail/Desktop/Нумизматика сайт/omonete-app/data/royal-mint-350-years-of-the-royal-observatory-greenwich-2025-silver-proof-coin.json")
Потом: npm run dev → http://localhost:3000/coins/991001/ (или ROYAL_MINT_LOCAL_ID)
Картинки (если скачались): public/image/coins/foreign/ — пути уже в JSON монеты.
В БД: npm run royal-mint:import → npm run data:export (или data:export:incremental).

——— [162/192] ———
 https://www.royalmint.com/shop/limited-editions/ve-day/the-80th-anniversary-of-ve-day-2025-50p-silver-proof-coin
Внимание: на странице не найден блок div.mod-section.specification — спеки взяты из остальных table (если есть).
__RM_JSON__ /Users/mihail/Desktop/Нумизматика сайт/omonete-app/data/royal-mint-the-80th-anniversary-of-ve-day-2025-50p-silver-proof-coin.json

Готово: /Users/mihail/Desktop/Нумизматика сайт/omonete-app/data/royal-mint-the-80th-anniversary-of-ve-day-2025-50p-silver-proof-coin.json
Исходная ссылка (listing): https://www.royalmint.com/shop/limited-editions/ve-day/the-80th-anniversary-of-ve-day-2025-50p-silver-proof-coin
Загрузка PDP: https://www.royalmint.com/invest/bullion/bullion-coins/silver-coins/the-80th-anniversary-of-ve-day-2025-50p-silver-proof-coin/?listId=Silver_Coins&listName=Silver%20Coins
Классификация картинок: {
  "obverse": null,
  "reverse": null,
  "blister_obverse": null,
  "blister_reverse": null,
  "box": null,
  "certificate": null
}

────────── Как увидеть монету на сайте (localhost) ──────────
Быстро (парсинг + public/data в один заход): npm run royal-mint:preview
  (или уже есть JSON: npx tsx scripts/royal-mint-to-public-catalog.ts "/Users/mihail/Desktop/Нумизматика сайт/omonete-app/data/royal-mint-the-80th-anniversary-of-ve-day-2025-50p-silver-proof-coin.json")
Потом: npm run dev → http://localhost:3000/coins/991001/ (или ROYAL_MINT_LOCAL_ID)
Картинки (если скачались): public/image/coins/foreign/ — пути уже в JSON монеты.
В БД: npm run royal-mint:import → npm run data:export (или data:export:incremental).

——— [163/192] ———
 https://www.royalmint.com/shop/limited-editions/ve-day/the-80th-anniversary-of-ve-day-2025-50p-silver-proof-piedfort-coin
Внимание: на странице не найден блок div.mod-section.specification — спеки взяты из остальных table (если есть).
__RM_JSON__ /Users/mihail/Desktop/Нумизматика сайт/omonete-app/data/royal-mint-the-80th-anniversary-of-ve-day-2025-50p-silver-proof-piedfort-coin.json

Готово: /Users/mihail/Desktop/Нумизматика сайт/omonete-app/data/royal-mint-the-80th-anniversary-of-ve-day-2025-50p-silver-proof-piedfort-coin.json
Исходная ссылка (listing): https://www.royalmint.com/shop/limited-editions/ve-day/the-80th-anniversary-of-ve-day-2025-50p-silver-proof-piedfort-coin
Загрузка PDP: https://www.royalmint.com/invest/bullion/bullion-coins/silver-coins/the-80th-anniversary-of-ve-day-2025-50p-silver-proof-piedfort-coin/?listId=Silver_Coins&listName=Silver%20Coins
Классификация картинок: {
  "obverse": null,
  "reverse": null,
  "blister_obverse": null,
  "blister_reverse": null,
  "box": null,
  "certificate": null
}

────────── Как увидеть монету на сайте (localhost) ──────────
Быстро (парсинг + public/data в один заход): npm run royal-mint:preview
  (или уже есть JSON: npx tsx scripts/royal-mint-to-public-catalog.ts "/Users/mihail/Desktop/Нумизматика сайт/omonete-app/data/royal-mint-the-80th-anniversary-of-ve-day-2025-50p-silver-proof-piedfort-coin.json")
Потом: npm run dev → http://localhost:3000/coins/991001/ (или ROYAL_MINT_LOCAL_ID)
Картинки (если скачались): public/image/coins/foreign/ — пути уже в JSON монеты.
В БД: npm run royal-mint:import → npm run data:export (или data:export:incremental).

——— [164/192] ———
 https://www.royalmint.com/shop/limited-editions/ve-day/The-80th-Anniversary-of-VE-Day-Collector-Two-Coin-Set
Внимание: на странице не найден блок div.mod-section.specification — спеки взяты из остальных table (если есть).
__RM_JSON__ /Users/mihail/Desktop/Нумизматика сайт/omonete-app/data/royal-mint-the-80th-anniversary-of-ve-day-collector-two-coin-set.json

Готово: /Users/mihail/Desktop/Нумизматика сайт/omonete-app/data/royal-mint-the-80th-anniversary-of-ve-day-collector-two-coin-set.json
Исходная ссылка (listing): https://www.royalmint.com/shop/limited-editions/ve-day/The-80th-Anniversary-of-VE-Day-Collector-Two-Coin-Set
Загрузка PDP: https://www.royalmint.com/invest/bullion/bullion-coins/gold-coins/The-80th-Anniversary-of-VE-Day-Collector-Two-Coin-Set/?listId=Gold_Coins&listName=Gold%20Coins
Классификация картинок: {
  "obverse": null,
  "reverse": null,
  "blister_obverse": null,
  "blister_reverse": null,
  "box": null,
  "certificate": null
}

────────── Как увидеть монету на сайте (localhost) ──────────
Быстро (парсинг + public/data в один заход): npm run royal-mint:preview
  (или уже есть JSON: npx tsx scripts/royal-mint-to-public-catalog.ts "/Users/mihail/Desktop/Нумизматика сайт/omonete-app/data/royal-mint-the-80th-anniversary-of-ve-day-collector-two-coin-set.json")
Потом: npm run dev → http://localhost:3000/coins/991001/ (или ROYAL_MINT_LOCAL_ID)
Картинки (если скачались): public/image/coins/foreign/ — пути уже в JSON монеты.
В БД: npm run royal-mint:import → npm run data:export (или data:export:incremental).

——— [165/192] ———
 https://www.royalmint.com/shop/limited-editions/winnie-the-pooh/collection/100-years-of-winnie-the-pooh-2026-50p-silver-proof-colour-three-coin-collection
Внимание: на странице не найден блок div.mod-section.specification — спеки взяты из остальных table (если есть).
__RM_JSON__ /Users/mihail/Desktop/Нумизматика сайт/omonete-app/data/royal-mint-100-years-of-winnie-the-pooh-2026-50p-silver-proof-colour-three-coin-collection.json

Готово: /Users/mihail/Desktop/Нумизматика сайт/omonete-app/data/royal-mint-100-years-of-winnie-the-pooh-2026-50p-silver-proof-colour-three-coin-collection.json
Исходная ссылка (listing): https://www.royalmint.com/shop/limited-editions/winnie-the-pooh/collection/100-years-of-winnie-the-pooh-2026-50p-silver-proof-colour-three-coin-collection
Загрузка PDP: https://www.royalmint.com/invest/bullion/bullion-coins/silver-coins/100-years-of-winnie-the-pooh-2026-50p-silver-proof-colour-three-coin-collection/?listId=Silver_Coins&listName=Silver%20Coins
Классификация картинок: {
  "obverse": null,
  "reverse": null,
  "blister_obverse": null,
  "blister_reverse": null,
  "box": null,
  "certificate": null
}

────────── Как увидеть монету на сайте (localhost) ──────────
Быстро (парсинг + public/data в один заход): npm run royal-mint:preview
  (или уже есть JSON: npx tsx scripts/royal-mint-to-public-catalog.ts "/Users/mihail/Desktop/Нумизматика сайт/omonete-app/data/royal-mint-100-years-of-winnie-the-pooh-2026-50p-silver-proof-colour-three-coin-collection.json")
Потом: npm run dev → http://localhost:3000/coins/991001/ (или ROYAL_MINT_LOCAL_ID)
Картинки (если скачались): public/image/coins/foreign/ — пути уже в JSON монеты.
В БД: npm run royal-mint:import → npm run data:export (или data:export:incremental).

——— [166/192] ———
 https://www.royalmint.com/shop/limited-editions/winnie-the-pooh/kindness/100-years-of-winnie-the-pooh-kindness-2026-50p-silver-proof-colour-coin
Внимание: на странице не найден блок div.mod-section.specification — спеки взяты из остальных table (если есть).
__RM_JSON__ /Users/mihail/Desktop/Нумизматика сайт/omonete-app/data/royal-mint-100-years-of-winnie-the-pooh-kindness-2026-50p-silver-proof-colour-coin.json

Готово: /Users/mihail/Desktop/Нумизматика сайт/omonete-app/data/royal-mint-100-years-of-winnie-the-pooh-kindness-2026-50p-silver-proof-colour-coin.json
Исходная ссылка (listing): https://www.royalmint.com/shop/limited-editions/winnie-the-pooh/kindness/100-years-of-winnie-the-pooh-kindness-2026-50p-silver-proof-colour-coin
Загрузка PDP: https://www.royalmint.com/invest/bullion/bullion-coins/silver-coins/100-years-of-winnie-the-pooh-kindness-2026-50p-silver-proof-colour-coin/?listId=Silver_Coins&listName=Silver%20Coins
Классификация картинок: {
  "obverse": null,
  "reverse": null,
  "blister_obverse": null,
  "blister_reverse": null,
  "box": null,
  "certificate": null
}

────────── Как увидеть монету на сайте (localhost) ──────────
Быстро (парсинг + public/data в один заход): npm run royal-mint:preview
  (или уже есть JSON: npx tsx scripts/royal-mint-to-public-catalog.ts "/Users/mihail/Desktop/Нумизматика сайт/omonete-app/data/royal-mint-100-years-of-winnie-the-pooh-kindness-2026-50p-silver-proof-colour-coin.json")
Потом: npm run dev → http://localhost:3000/coins/991001/ (или ROYAL_MINT_LOCAL_ID)
Картинки (если скачались): public/image/coins/foreign/ — пути уже в JSON монеты.
В БД: npm run royal-mint:import → npm run data:export (или data:export:incremental).

——— [167/192] ———
 https://www.royalmint.com/shop/limited-editions/zog/zog-2025-50p-silver-proof-colour-coin
Внимание: на странице не найден блок div.mod-section.specification — спеки взяты из остальных table (если есть).
__RM_JSON__ /Users/mihail/Desktop/Нумизматика сайт/omonete-app/data/royal-mint-zog-2025-50p-silver-proof-colour-coin.json

Готово: /Users/mihail/Desktop/Нумизматика сайт/omonete-app/data/royal-mint-zog-2025-50p-silver-proof-colour-coin.json
Исходная ссылка (listing): https://www.royalmint.com/shop/limited-editions/zog/zog-2025-50p-silver-proof-colour-coin
Загрузка PDP: https://www.royalmint.com/invest/bullion/bullion-coins/silver-coins/zog-2025-50p-silver-proof-colour-coin/?listId=Silver_Coins&listName=Silver%20Coins
Классификация картинок: {
  "obverse": null,
  "reverse": null,
  "blister_obverse": null,
  "blister_reverse": null,
  "box": null,
  "certificate": null
}

────────── Как увидеть монету на сайте (localhost) ──────────
Быстро (парсинг + public/data в один заход): npm run royal-mint:preview
  (или уже есть JSON: npx tsx scripts/royal-mint-to-public-catalog.ts "/Users/mihail/Desktop/Нумизматика сайт/omonete-app/data/royal-mint-zog-2025-50p-silver-proof-colour-coin.json")
Потом: npm run dev → http://localhost:3000/coins/991001/ (или ROYAL_MINT_LOCAL_ID)
Картинки (если скачались): public/image/coins/foreign/ — пути уже в JSON монеты.
В БД: npm run royal-mint:import → npm run data:export (или data:export:incremental).

——— [168/192] ———
 https://www.royalmint.com/shop/monarch/queen-elizabeth-ii/2009-Sir-Isaac-Newton-Silver-5-Celebration-Of-Britain
Внимание: на странице не найден блок div.mod-section.specification — спеки взяты из остальных table (если есть).
__RM_JSON__ /Users/mihail/Desktop/Нумизматика сайт/omonete-app/data/royal-mint-2009-sir-isaac-newton-silver-5-celebration-of-britain.json

Готово: /Users/mihail/Desktop/Нумизматика сайт/omonete-app/data/royal-mint-2009-sir-isaac-newton-silver-5-celebration-of-britain.json
Исходная ссылка (listing): https://www.royalmint.com/shop/monarch/queen-elizabeth-ii/2009-Sir-Isaac-Newton-Silver-5-Celebration-Of-Britain
Загрузка PDP: https://www.royalmint.com/invest/bullion/bullion-coins/silver-coins/2009-Sir-Isaac-Newton-Silver-5-Celebration-Of-Britain/?listId=Silver_Coins&listName=Silver%20Coins
Классификация картинок: {
  "obverse": null,
  "reverse": null,
  "blister_obverse": null,
  "blister_reverse": null,
  "box": null,
  "certificate": null
}

────────── Как увидеть монету на сайте (localhost) ──────────
Быстро (парсинг + public/data в один заход): npm run royal-mint:preview
  (или уже есть JSON: npx tsx scripts/royal-mint-to-public-catalog.ts "/Users/mihail/Desktop/Нумизматика сайт/omonete-app/data/royal-mint-2009-sir-isaac-newton-silver-5-celebration-of-britain.json")
Потом: npm run dev → http://localhost:3000/coins/991001/ (или ROYAL_MINT_LOCAL_ID)
Картинки (если скачались): public/image/coins/foreign/ — пути уже в JSON монеты.
В БД: npm run royal-mint:import → npm run data:export (или data:export:incremental).

——— [169/192] ———
 https://www.royalmint.com/shop/monarch/queen-elizabeth-ii/2017-A-Life-of-Service-Prince-Philip-Silver-5-Crown
Внимание: на странице не найден блок div.mod-section.specification — спеки взяты из остальных table (если есть).
__RM_JSON__ /Users/mihail/Desktop/Нумизматика сайт/omonete-app/data/royal-mint-2017-a-life-of-service-prince-philip-silver-5-crown.json

Готово: /Users/mihail/Desktop/Нумизматика сайт/omonete-app/data/royal-mint-2017-a-life-of-service-prince-philip-silver-5-crown.json
Исходная ссылка (listing): https://www.royalmint.com/shop/monarch/queen-elizabeth-ii/2017-A-Life-of-Service-Prince-Philip-Silver-5-Crown
Загрузка PDP: https://www.royalmint.com/invest/bullion/bullion-coins/silver-coins/2017-A-Life-of-Service-Prince-Philip-Silver-5-Crown/?listId=Silver_Coins&listName=Silver%20Coins
Классификация картинок: {
  "obverse": null,
  "reverse": null,
  "blister_obverse": null,
  "blister_reverse": null,
  "box": null,
  "certificate": null
}

────────── Как увидеть монету на сайте (localhost) ──────────
Быстро (парсинг + public/data в один заход): npm run royal-mint:preview
  (или уже есть JSON: npx tsx scripts/royal-mint-to-public-catalog.ts "/Users/mihail/Desktop/Нумизматика сайт/omonete-app/data/royal-mint-2017-a-life-of-service-prince-philip-silver-5-crown.json")
Потом: npm run dev → http://localhost:3000/coins/991001/ (или ROYAL_MINT_LOCAL_ID)
Картинки (если скачались): public/image/coins/foreign/ — пути уже в JSON монеты.
В БД: npm run royal-mint:import → npm run data:export (или data:export:incremental).

——— [170/192] ———
 https://www.royalmint.com/shop/monarch/queen-elizabeth-ii/2019-Queen-Victoria-UK-Silver-Proof-5-Piedfort-Coin
Внимание: на странице не найден блок div.mod-section.specification — спеки взяты из остальных table (если есть).
__RM_JSON__ /Users/mihail/Desktop/Нумизматика сайт/omonete-app/data/royal-mint-2019-queen-victoria-uk-silver-proof-5-piedfort-coin.json

Готово: /Users/mihail/Desktop/Нумизматика сайт/omonete-app/data/royal-mint-2019-queen-victoria-uk-silver-proof-5-piedfort-coin.json
Исходная ссылка (listing): https://www.royalmint.com/shop/monarch/queen-elizabeth-ii/2019-Queen-Victoria-UK-Silver-Proof-5-Piedfort-Coin
Загрузка PDP: https://www.royalmint.com/invest/bullion/bullion-coins/silver-coins/2019-Queen-Victoria-UK-Silver-Proof-5-Piedfort-Coin/?listId=Silver_Coins&listName=Silver%20Coins
Классификация картинок: {
  "obverse": null,
  "reverse": null,
  "blister_obverse": null,
  "blister_reverse": null,
  "box": null,
  "certificate": null
}

────────── Как увидеть монету на сайте (localhost) ──────────
Быстро (парсинг + public/data в один заход): npm run royal-mint:preview
  (или уже есть JSON: npx tsx scripts/royal-mint-to-public-catalog.ts "/Users/mihail/Desktop/Нумизматика сайт/omonete-app/data/royal-mint-2019-queen-victoria-uk-silver-proof-5-piedfort-coin.json")
Потом: npm run dev → http://localhost:3000/coins/991001/ (или ROYAL_MINT_LOCAL_ID)
Картинки (если скачались): public/image/coins/foreign/ — пути уже в JSON монеты.
В БД: npm run royal-mint:import → npm run data:export (или data:export:incremental).

——— [171/192] ———
 https://www.royalmint.com/shop/monarch/queen-elizabeth-ii/2019-Remembrance-Day-UK-5-Silver-Proof-Piedfort
Внимание: на странице не найден блок div.mod-section.specification — спеки взяты из остальных table (если есть).
__RM_JSON__ /Users/mihail/Desktop/Нумизматика сайт/omonete-app/data/royal-mint-2019-remembrance-day-uk-5-silver-proof-piedfort.json

Готово: /Users/mihail/Desktop/Нумизматика сайт/omonete-app/data/royal-mint-2019-remembrance-day-uk-5-silver-proof-piedfort.json
Исходная ссылка (listing): https://www.royalmint.com/shop/monarch/queen-elizabeth-ii/2019-Remembrance-Day-UK-5-Silver-Proof-Piedfort
Загрузка PDP: https://www.royalmint.com/invest/bullion/bullion-coins/silver-coins/2019-Remembrance-Day-UK-5-Silver-Proof-Piedfort/?listId=Silver_Coins&listName=Silver%20Coins
Классификация картинок: {
  "obverse": null,
  "reverse": null,
  "blister_obverse": null,
  "blister_reverse": null,
  "box": null,
  "certificate": null
}

────────── Как увидеть монету на сайте (localhost) ──────────
Быстро (парсинг + public/data в один заход): npm run royal-mint:preview
  (или уже есть JSON: npx tsx scripts/royal-mint-to-public-catalog.ts "/Users/mihail/Desktop/Нумизматика сайт/omonete-app/data/royal-mint-2019-remembrance-day-uk-5-silver-proof-piedfort.json")
Потом: npm run dev → http://localhost:3000/coins/991001/ (или ROYAL_MINT_LOCAL_ID)
Картинки (если скачались): public/image/coins/foreign/ — пути уже в JSON монеты.
В БД: npm run royal-mint:import → npm run data:export (или data:export:incremental).

——— [172/192] ———
 https://www.royalmint.com/shop/monarch/queen-elizabeth-ii/2020-Celebrating-British-Diversity-50p-Silver-Proof
Внимание: на странице не найден блок div.mod-section.specification — спеки взяты из остальных table (если есть).
__RM_JSON__ /Users/mihail/Desktop/Нумизматика сайт/omonete-app/data/royal-mint-2020-celebrating-british-diversity-50p-silver-proof.json

Готово: /Users/mihail/Desktop/Нумизматика сайт/omonete-app/data/royal-mint-2020-celebrating-british-diversity-50p-silver-proof.json
Исходная ссылка (listing): https://www.royalmint.com/shop/monarch/queen-elizabeth-ii/2020-Celebrating-British-Diversity-50p-Silver-Proof
Загрузка PDP: https://www.royalmint.com/invest/bullion/bullion-coins/silver-coins/2020-Celebrating-British-Diversity-50p-Silver-Proof/?listId=Silver_Coins&listName=Silver%20Coins
Классификация картинок: {
  "obverse": null,
  "reverse": null,
  "blister_obverse": null,
  "blister_reverse": null,
  "box": null,
  "certificate": null
}

────────── Как увидеть монету на сайте (localhost) ──────────
Быстро (парсинг + public/data в один заход): npm run royal-mint:preview
  (или уже есть JSON: npx tsx scripts/royal-mint-to-public-catalog.ts "/Users/mihail/Desktop/Нумизматика сайт/omonete-app/data/royal-mint-2020-celebrating-british-diversity-50p-silver-proof.json")
Потом: npm run dev → http://localhost:3000/coins/991001/ (или ROYAL_MINT_LOCAL_ID)
Картинки (если скачались): public/image/coins/foreign/ — пути уже в JSON монеты.
В БД: npm run royal-mint:import → npm run data:export (или data:export:incremental).

——— [173/192] ———
 https://www.royalmint.com/shop/monarch/queen-elizabeth-ii/2023-Lunar-Year-of-the-Rabbit-1kg-Silver-Proof-Trial-Piece
Внимание: на странице не найден блок div.mod-section.specification — спеки взяты из остальных table (если есть).
__RM_JSON__ /Users/mihail/Desktop/Нумизматика сайт/omonete-app/data/royal-mint-2023-lunar-year-of-the-rabbit-1kg-silver-proof-trial-piece.json

Готово: /Users/mihail/Desktop/Нумизматика сайт/omonete-app/data/royal-mint-2023-lunar-year-of-the-rabbit-1kg-silver-proof-trial-piece.json
Исходная ссылка (listing): https://www.royalmint.com/shop/monarch/queen-elizabeth-ii/2023-Lunar-Year-of-the-Rabbit-1kg-Silver-Proof-Trial-Piece
Загрузка PDP: https://www.royalmint.com/invest/bullion/bullion-coins/silver-coins/2023-Lunar-Year-of-the-Rabbit-1kg-Silver-Proof-Trial-Piece/?listId=Silver_Coins&listName=Silver%20Coins
Классификация картинок: {
  "obverse": null,
  "reverse": null,
  "blister_obverse": null,
  "blister_reverse": null,
  "box": null,
  "certificate": null
}

────────── Как увидеть монету на сайте (localhost) ──────────
Быстро (парсинг + public/data в один заход): npm run royal-mint:preview
  (или уже есть JSON: npx tsx scripts/royal-mint-to-public-catalog.ts "/Users/mihail/Desktop/Нумизматика сайт/omonete-app/data/royal-mint-2023-lunar-year-of-the-rabbit-1kg-silver-proof-trial-piece.json")
Потом: npm run dev → http://localhost:3000/coins/991001/ (или ROYAL_MINT_LOCAL_ID)
Картинки (если скачались): public/image/coins/foreign/ — пути уже в JSON монеты.
В БД: npm run royal-mint:import → npm run data:export (или data:export:incremental).

——— [174/192] ———
 https://www.royalmint.com/shop/monarch/queen-elizabeth-ii/The-Lion-and-The-Eagle-2023-1kg-Silver-Proof-Trial-Piece-with-Microdot-Matt-Finish-Obverse
Внимание: на странице не найден блок div.mod-section.specification — спеки взяты из остальных table (если есть).
__RM_JSON__ /Users/mihail/Desktop/Нумизматика сайт/omonete-app/data/royal-mint-the-lion-and-the-eagle-2023-1kg-silver-proof-trial-piece-with-microdot-matt-finish-obverse.json

Готово: /Users/mihail/Desktop/Нумизматика сайт/omonete-app/data/royal-mint-the-lion-and-the-eagle-2023-1kg-silver-proof-trial-piece-with-microdot-matt-finish-obverse.json
Исходная ссылка (listing): https://www.royalmint.com/shop/monarch/queen-elizabeth-ii/The-Lion-and-The-Eagle-2023-1kg-Silver-Proof-Trial-Piece-with-Microdot-Matt-Finish-Obverse
Загрузка PDP: https://www.royalmint.com/invest/bullion/bullion-coins/silver-coins/The-Lion-and-The-Eagle-2023-1kg-Silver-Proof-Trial-Piece-with-Microdot-Matt-Finish-Obverse/?listId=Silver_Coins&listName=Silver%20Coins
Классификация картинок: {
  "obverse": null,
  "reverse": null,
  "blister_obverse": null,
  "blister_reverse": null,
  "box": null,
  "certificate": null
}

────────── Как увидеть монету на сайте (localhost) ──────────
Быстро (парсинг + public/data в один заход): npm run royal-mint:preview
  (или уже есть JSON: npx tsx scripts/royal-mint-to-public-catalog.ts "/Users/mihail/Desktop/Нумизматика сайт/omonete-app/data/royal-mint-the-lion-and-the-eagle-2023-1kg-silver-proof-trial-piece-with-microdot-matt-finish-obverse.json")
Потом: npm run dev → http://localhost:3000/coins/991001/ (или ROYAL_MINT_LOCAL_ID)
Картинки (если скачались): public/image/coins/foreign/ — пути уже в JSON монеты.
В БД: npm run royal-mint:import → npm run data:export (или data:export:incremental).

——— [175/192] ———
 https://www.royalmint.com/shop/world/1995-Eire-United-Nations-Silver-1
Внимание: на странице не найден блок div.mod-section.specification — спеки взяты из остальных table (если есть).
__RM_JSON__ /Users/mihail/Desktop/Нумизматика сайт/omonete-app/data/royal-mint-1995-eire-united-nations-silver-1.json

Готово: /Users/mihail/Desktop/Нумизматика сайт/omonete-app/data/royal-mint-1995-eire-united-nations-silver-1.json
Исходная ссылка (listing): https://www.royalmint.com/shop/world/1995-Eire-United-Nations-Silver-1
Загрузка PDP: https://www.royalmint.com/invest/bullion/bullion-coins/silver-coins/1995-Eire-United-Nations-Silver-1/?listId=Silver_Coins&listName=Silver%20Coins
Классификация картинок: {
  "obverse": null,
  "reverse": null,
  "blister_obverse": null,
  "blister_reverse": null,
  "box": null,
  "certificate": null
}

────────── Как увидеть монету на сайте (localhost) ──────────
Быстро (парсинг + public/data в один заход): npm run royal-mint:preview
  (или уже есть JSON: npx tsx scripts/royal-mint-to-public-catalog.ts "/Users/mihail/Desktop/Нумизматика сайт/omonete-app/data/royal-mint-1995-eire-united-nations-silver-1.json")
Потом: npm run dev → http://localhost:3000/coins/991001/ (или ROYAL_MINT_LOCAL_ID)
Картинки (если скачались): public/image/coins/foreign/ — пути уже в JSON монеты.
В БД: npm run royal-mint:import → npm run data:export (или data:export:incremental).

——— [176/192] ———
 https://www.royalmint.com/six-decades-of-007/bond-films-of-the-1980s/bond-films-of-the-1980s-2024-2oz-silver-proof-coin
Внимание: на странице не найден блок div.mod-section.specification — спеки взяты из остальных table (если есть).
__RM_JSON__ /Users/mihail/Desktop/Нумизматика сайт/omonete-app/data/royal-mint-bond-films-of-the-1980s-2024-2oz-silver-proof-coin.json

Готово: /Users/mihail/Desktop/Нумизматика сайт/omonete-app/data/royal-mint-bond-films-of-the-1980s-2024-2oz-silver-proof-coin.json
Загрузка PDP: https://www.royalmint.com/six-decades-of-007/bond-films-of-the-1980s/bond-films-of-the-1980s-2024-2oz-silver-proof-coin
Классификация картинок: {
  "obverse": null,
  "reverse": null,
  "blister_obverse": null,
  "blister_reverse": null,
  "box": null,
  "certificate": null
}

────────── Как увидеть монету на сайте (localhost) ──────────
Быстро (парсинг + public/data в один заход): npm run royal-mint:preview
  (или уже есть JSON: npx tsx scripts/royal-mint-to-public-catalog.ts "/Users/mihail/Desktop/Нумизматика сайт/omonete-app/data/royal-mint-bond-films-of-the-1980s-2024-2oz-silver-proof-coin.json")
Потом: npm run dev → http://localhost:3000/coins/991001/ (или ROYAL_MINT_LOCAL_ID)
Картинки (если скачались): public/image/coins/foreign/ — пути уже в JSON монеты.
В БД: npm run royal-mint:import → npm run data:export (или data:export:incremental).

——— [177/192] ———
 https://www.royalmint.com/six-decades-of-007/bond-films-of-the-1980s/bond-films-of-the-1980s-2024-5oz-silver-proof-coin
Внимание: на странице не найден блок div.mod-section.specification — спеки взяты из остальных table (если есть).
__RM_JSON__ /Users/mihail/Desktop/Нумизматика сайт/omonete-app/data/royal-mint-bond-films-of-the-1980s-2024-5oz-silver-proof-coin.json

Готово: /Users/mihail/Desktop/Нумизматика сайт/omonete-app/data/royal-mint-bond-films-of-the-1980s-2024-5oz-silver-proof-coin.json
Загрузка PDP: https://www.royalmint.com/six-decades-of-007/bond-films-of-the-1980s/bond-films-of-the-1980s-2024-5oz-silver-proof-coin
Классификация картинок: {
  "obverse": null,
  "reverse": null,
  "blister_obverse": null,
  "blister_reverse": null,
  "box": null,
  "certificate": null
}

────────── Как увидеть монету на сайте (localhost) ──────────
Быстро (парсинг + public/data в один заход): npm run royal-mint:preview
  (или уже есть JSON: npx tsx scripts/royal-mint-to-public-catalog.ts "/Users/mihail/Desktop/Нумизматика сайт/omonete-app/data/royal-mint-bond-films-of-the-1980s-2024-5oz-silver-proof-coin.json")
Потом: npm run dev → http://localhost:3000/coins/991001/ (или ROYAL_MINT_LOCAL_ID)
Картинки (если скачались): public/image/coins/foreign/ — пути уже в JSON монеты.
В БД: npm run royal-mint:import → npm run data:export (или data:export:incremental).

——— [178/192] ———
 https://www.royalmint.com/six-decades-of-007/bond-films-of-the-1990s/bond-films-of-the-1990s-2024-1oz-silver-proof-coin
Внимание: на странице не найден блок div.mod-section.specification — спеки взяты из остальных table (если есть).
__RM_JSON__ /Users/mihail/Desktop/Нумизматика сайт/omonete-app/data/royal-mint-bond-films-of-the-1990s-2024-1oz-silver-proof-coin.json

Готово: /Users/mihail/Desktop/Нумизматика сайт/omonete-app/data/royal-mint-bond-films-of-the-1990s-2024-1oz-silver-proof-coin.json
Загрузка PDP: https://www.royalmint.com/six-decades-of-007/bond-films-of-the-1990s/bond-films-of-the-1990s-2024-1oz-silver-proof-coin
Классификация картинок: {
  "obverse": null,
  "reverse": null,
  "blister_obverse": null,
  "blister_reverse": null,
  "box": null,
  "certificate": null
}

────────── Как увидеть монету на сайте (localhost) ──────────
Быстро (парсинг + public/data в один заход): npm run royal-mint:preview
  (или уже есть JSON: npx tsx scripts/royal-mint-to-public-catalog.ts "/Users/mihail/Desktop/Нумизматика сайт/omonete-app/data/royal-mint-bond-films-of-the-1990s-2024-1oz-silver-proof-coin.json")
Потом: npm run dev → http://localhost:3000/coins/991001/ (или ROYAL_MINT_LOCAL_ID)
Картинки (если скачались): public/image/coins/foreign/ — пути уже в JSON монеты.
В БД: npm run royal-mint:import → npm run data:export (или data:export:incremental).

——— [179/192] ———
 https://www.royalmint.com/six-decades-of-007/bond-films-of-the-1990s/bond-films-of-the-1990s-2024-5oz-silver-proof-coin
Внимание: на странице не найден блок div.mod-section.specification — спеки взяты из остальных table (если есть).
__RM_JSON__ /Users/mihail/Desktop/Нумизматика сайт/omonete-app/data/royal-mint-bond-films-of-the-1990s-2024-5oz-silver-proof-coin.json

Готово: /Users/mihail/Desktop/Нумизматика сайт/omonete-app/data/royal-mint-bond-films-of-the-1990s-2024-5oz-silver-proof-coin.json
Загрузка PDP: https://www.royalmint.com/six-decades-of-007/bond-films-of-the-1990s/bond-films-of-the-1990s-2024-5oz-silver-proof-coin
Классификация картинок: {
  "obverse": null,
  "reverse": null,
  "blister_obverse": null,
  "blister_reverse": null,
  "box": null,
  "certificate": null
}

────────── Как увидеть монету на сайте (localhost) ──────────
Быстро (парсинг + public/data в один заход): npm run royal-mint:preview
  (или уже есть JSON: npx tsx scripts/royal-mint-to-public-catalog.ts "/Users/mihail/Desktop/Нумизматика сайт/omonete-app/data/royal-mint-bond-films-of-the-1990s-2024-5oz-silver-proof-coin.json")
Потом: npm run dev → http://localhost:3000/coins/991001/ (или ROYAL_MINT_LOCAL_ID)
Картинки (если скачались): public/image/coins/foreign/ — пути уже в JSON монеты.
В БД: npm run royal-mint:import → npm run data:export (или data:export:incremental).

——— [180/192] ———
 https://www.royalmint.com/sovereign/all/the-silver-sovereign-2026-silver-proof-coin
Блок характеристик: div.mod-section.specification — найден, полей в specs: 11
__RM_JSON__ /Users/mihail/Desktop/Нумизматика сайт/omonete-app/data/royal-mint-the-silver-sovereign-2026-silver-proof-coin.json

Готово: /Users/mihail/Desktop/Нумизматика сайт/omonete-app/data/royal-mint-the-silver-sovereign-2026-silver-proof-coin.json
Загрузка PDP: https://www.royalmint.com/sovereign/all/the-silver-sovereign-2026-silver-proof-coin
Классификация картинок: {
  "obverse": null,
  "reverse": null,
  "blister_obverse": null,
  "blister_reverse": null,
  "box": null,
  "certificate": null
}

────────── Как увидеть монету на сайте (localhost) ──────────
Быстро (парсинг + public/data в один заход): npm run royal-mint:preview
  (или уже есть JSON: npx tsx scripts/royal-mint-to-public-catalog.ts "/Users/mihail/Desktop/Нумизматика сайт/omonete-app/data/royal-mint-the-silver-sovereign-2026-silver-proof-coin.json")
Потом: npm run dev → http://localhost:3000/coins/991001/ (или ROYAL_MINT_LOCAL_ID)
Картинки (если скачались): public/image/coins/foreign/ — пути уже в JSON монеты.
В БД: npm run royal-mint:import → npm run data:export (или data:export:incremental).

——— [181/192] ———
 https://www.royalmint.com/star-wars/vehicles/x-wing/star-wars-x-wing-2024-5oz-silver-proof-coin
Внимание: на странице не найден блок div.mod-section.specification — спеки взяты из остальных table (если есть).
  ✓ star-wars-x-wing-2024-5oz-silver-proof-coin-obv.webp
  ✓ star-wars-x-wing-2024-5oz-silver-proof-coin-rev.webp
  ✓ star-wars-x-wing-2024-5oz-silver-proof-coin-box.webp
__RM_JSON__ /Users/mihail/Desktop/Нумизматика сайт/omonete-app/data/royal-mint-star-wars-x-wing-2024-5oz-silver-proof-coin.json

Готово: /Users/mihail/Desktop/Нумизматика сайт/omonete-app/data/royal-mint-star-wars-x-wing-2024-5oz-silver-proof-coin.json
Загрузка PDP: https://www.royalmint.com/star-wars/vehicles/x-wing/star-wars-x-wing-2024-5oz-silver-proof-coin
Классификация картинок: {
  "obverse": "https://www.royalmint.com/globalassets/_ecommerce/commemorative/launches/2024-launches/star-wars/x-wing/product-images/uk24xws5---star-wars-x-wing-2024-uk-5oz-silver-proof-coin-obverse-edge-1500x1500-f3a2c67.jpg",
  "reverse": "https://www.royalmint.com/globalassets/_ecommerce/commemorative/launches/2024-launches/star-wars/x-wing/product-images/uk24xws5---star-wars-x-wing-2024-uk-5oz-silver-proof-coin-reverse-edge-1500x1500-f3a2c67.jpg",
  "blister_obverse": null,
  "blister_reverse": null,
  "box": "https://www.royalmint.com/globalassets/_ecommerce/commemorative/launches/2024-launches/star-wars/x-wing/product-images/uk24xws5---star-wars-x-wing-2024-uk-5oz-silver-proof-coin-case-left-1500x1500-f3a2c67.jpg",
  "certificate": null
}

────────── Как увидеть монету на сайте (localhost) ──────────
Быстро (парсинг + public/data в один заход): npm run royal-mint:preview
  (или уже есть JSON: npx tsx scripts/royal-mint-to-public-catalog.ts "/Users/mihail/Desktop/Нумизматика сайт/omonete-app/data/royal-mint-star-wars-x-wing-2024-5oz-silver-proof-coin.json")
Потом: npm run dev → http://localhost:3000/coins/991001/ (или ROYAL_MINT_LOCAL_ID)
Картинки (если скачались): public/image/coins/foreign/ — пути уже в JSON монеты.
В БД: npm run royal-mint:import → npm run data:export (или data:export:incremental).

——— [182/192] ———
 https://www.royalmint.com/the-royal-tudor-beasts/greyhound-of-richmond/the-greyhound-of-richmond-2025-1oz-silver-proof-coin
Блок характеристик: div.mod-section.specification — найден, полей в specs: 12
  ✓ the-greyhound-of-richmond-2025-1oz-silver-proof-coin-obv.webp
  ✓ the-greyhound-of-richmond-2025-1oz-silver-proof-coin-rev.webp
  ✓ the-greyhound-of-richmond-2025-1oz-silver-proof-coin-box.webp
__RM_JSON__ /Users/mihail/Desktop/Нумизматика сайт/omonete-app/data/royal-mint-the-greyhound-of-richmond-2025-1oz-silver-proof-coin.json

Готово: /Users/mihail/Desktop/Нумизматика сайт/omonete-app/data/royal-mint-the-greyhound-of-richmond-2025-1oz-silver-proof-coin.json
Загрузка PDP: https://www.royalmint.com/the-royal-tudor-beasts/greyhound-of-richmond/the-greyhound-of-richmond-2025-1oz-silver-proof-coin
Классификация картинок: {
  "obverse": "https://www.royalmint.com/globalassets/_ecommerce/commemorative/launches/2025-launches/royal-tudor-beasts/greyhound-of-richmond/product-images/uk25grsp---the-royal-tudor-beasts-the-greyhound-of-richmond-2025-uk-1oz-silver-proof-coin-obverse-edge-1500x1500-f3a2c67.jpg",
  "reverse": "https://www.royalmint.com/globalassets/_ecommerce/commemorative/launches/2025-launches/royal-tudor-beasts/greyhound-of-richmond/product-images/uk25grsp---the-royal-tudor-beasts-the-greyhound-of-richmond-2025-uk-1oz-silver-proof-coin-reverse-edge-1500x1500-f3a2c67.jpg",
  "blister_obverse": null,
  "blister_reverse": null,
  "box": "https://www.royalmint.com/globalassets/_ecommerce/commemorative/launches/2025-launches/royal-tudor-beasts/greyhound-of-richmond/product-images/uk25grsp---the-royal-tudor-beasts-the-greyhound-of-richmond-2025-uk-1oz-silver-proof-coin-case-left-1500x1500-f3a2c67.jpg",
  "certificate": null
}

────────── Как увидеть монету на сайте (localhost) ──────────
Быстро (парсинг + public/data в один заход): npm run royal-mint:preview
  (или уже есть JSON: npx tsx scripts/royal-mint-to-public-catalog.ts "/Users/mihail/Desktop/Нумизматика сайт/omonete-app/data/royal-mint-the-greyhound-of-richmond-2025-1oz-silver-proof-coin.json")
Потом: npm run dev → http://localhost:3000/coins/991001/ (или ROYAL_MINT_LOCAL_ID)
Картинки (если скачались): public/image/coins/foreign/ — пути уже в JSON монеты.
В БД: npm run royal-mint:import → npm run data:export (или data:export:incremental).

——— [183/192] ———
 https://www.royalmint.com/the-royal-tudor-beasts/greyhound-of-richmond/the-greyhound-of-richmond-2025-2oz-silver-proof-coin
Блок характеристик: div.mod-section.specification — найден, полей в specs: 11
  ✓ the-greyhound-of-richmond-2025-2oz-silver-proof-coin-obv.webp
  ✓ the-greyhound-of-richmond-2025-2oz-silver-proof-coin-rev.webp
  ✓ the-greyhound-of-richmond-2025-2oz-silver-proof-coin-box.webp
__RM_JSON__ /Users/mihail/Desktop/Нумизматика сайт/omonete-app/data/royal-mint-the-greyhound-of-richmond-2025-2oz-silver-proof-coin.json

Готово: /Users/mihail/Desktop/Нумизматика сайт/omonete-app/data/royal-mint-the-greyhound-of-richmond-2025-2oz-silver-proof-coin.json
Загрузка PDP: https://www.royalmint.com/the-royal-tudor-beasts/greyhound-of-richmond/the-greyhound-of-richmond-2025-2oz-silver-proof-coin
Классификация картинок: {
  "obverse": "https://www.royalmint.com/globalassets/_ecommerce/commemorative/launches/2025-launches/royal-tudor-beasts/greyhound-of-richmond/product-images/uk25grs2---the-royal-tudor-beasts-the-greyhound-of-richmond-2025-uk-2oz-silver-proof-coin-obverse-edge-1500x1500-f3a2c67.jpg",
  "reverse": "https://www.royalmint.com/globalassets/_ecommerce/commemorative/launches/2025-launches/royal-tudor-beasts/greyhound-of-richmond/product-images/uk25grs2---the-royal-tudor-beasts-the-greyhound-of-richmond-2025-uk-2oz-silver-proof-coin-reverse-edge-1500x1500-f3a2c67.jpg",
  "blister_obverse": null,
  "blister_reverse": null,
  "box": "https://www.royalmint.com/globalassets/_ecommerce/commemorative/launches/2025-launches/royal-tudor-beasts/greyhound-of-richmond/product-images/uk25grs2---the-royal-tudor-beasts-the-greyhound-of-richmond-2025-uk-2oz-silver-proof-coin-case-left-1500x1500-f3a2c67.jpg",
  "certificate": null
}

────────── Как увидеть монету на сайте (localhost) ──────────
Быстро (парсинг + public/data в один заход): npm run royal-mint:preview
  (или уже есть JSON: npx tsx scripts/royal-mint-to-public-catalog.ts "/Users/mihail/Desktop/Нумизматика сайт/omonete-app/data/royal-mint-the-greyhound-of-richmond-2025-2oz-silver-proof-coin.json")
Потом: npm run dev → http://localhost:3000/coins/991001/ (или ROYAL_MINT_LOCAL_ID)
Картинки (если скачались): public/image/coins/foreign/ — пути уже в JSON монеты.
В БД: npm run royal-mint:import → npm run data:export (или data:export:incremental).

——— [184/192] ———
 https://www.royalmint.com/the-royal-tudor-beasts/seymour-unicorn/the-royal-tudor-beasts-the-seymour-unicorn-2024-10oz-silver-proof-coin
Блок характеристик: div.mod-section.specification — найден, полей в specs: 11
__RM_JSON__ /Users/mihail/Desktop/Нумизматика сайт/omonete-app/data/royal-mint-the-royal-tudor-beasts-the-seymour-unicorn-2024-10oz-silver-proof-coin.json

Готово: /Users/mihail/Desktop/Нумизматика сайт/omonete-app/data/royal-mint-the-royal-tudor-beasts-the-seymour-unicorn-2024-10oz-silver-proof-coin.json
Загрузка PDP: https://www.royalmint.com/the-royal-tudor-beasts/seymour-unicorn/the-royal-tudor-beasts-the-seymour-unicorn-2024-10oz-silver-proof-coin
Классификация картинок: {
  "obverse": null,
  "reverse": null,
  "blister_obverse": null,
  "blister_reverse": null,
  "box": null,
  "certificate": null
}

────────── Как увидеть монету на сайте (localhost) ──────────
Быстро (парсинг + public/data в один заход): npm run royal-mint:preview
  (или уже есть JSON: npx tsx scripts/royal-mint-to-public-catalog.ts "/Users/mihail/Desktop/Нумизматика сайт/omonete-app/data/royal-mint-the-royal-tudor-beasts-the-seymour-unicorn-2024-10oz-silver-proof-coin.json")
Потом: npm run dev → http://localhost:3000/coins/991001/ (или ROYAL_MINT_LOCAL_ID)
Картинки (если скачались): public/image/coins/foreign/ — пути уже в JSON монеты.
В БД: npm run royal-mint:import → npm run data:export (или data:export:incremental).

——— [185/192] ———
 https://www.royalmint.com/the-royal-tudor-beasts/seymour-unicorn/the-royal-tudor-beasts-the-seymour-unicorn-2024-5oz-silver-proof-coin
Блок характеристик: div.mod-section.specification — найден, полей в specs: 11
__RM_JSON__ /Users/mihail/Desktop/Нумизматика сайт/omonete-app/data/royal-mint-the-royal-tudor-beasts-the-seymour-unicorn-2024-5oz-silver-proof-coin.json

Готово: /Users/mihail/Desktop/Нумизматика сайт/omonete-app/data/royal-mint-the-royal-tudor-beasts-the-seymour-unicorn-2024-5oz-silver-proof-coin.json
Загрузка PDP: https://www.royalmint.com/the-royal-tudor-beasts/seymour-unicorn/the-royal-tudor-beasts-the-seymour-unicorn-2024-5oz-silver-proof-coin
Классификация картинок: {
  "obverse": null,
  "reverse": null,
  "blister_obverse": null,
  "blister_reverse": null,
  "box": null,
  "certificate": null
}

────────── Как увидеть монету на сайте (localhost) ──────────
Быстро (парсинг + public/data в один заход): npm run royal-mint:preview
  (или уже есть JSON: npx tsx scripts/royal-mint-to-public-catalog.ts "/Users/mihail/Desktop/Нумизматика сайт/omonete-app/data/royal-mint-the-royal-tudor-beasts-the-seymour-unicorn-2024-5oz-silver-proof-coin.json")
Потом: npm run dev → http://localhost:3000/coins/991001/ (или ROYAL_MINT_LOCAL_ID)
Картинки (если скачались): public/image/coins/foreign/ — пути уже в JSON монеты.
В БД: npm run royal-mint:import → npm run data:export (или data:export:incremental).

——— [186/192] ———
 https://www.royalmint.com/the-royal-tudor-beasts/seymour-unicorn/the-royal-tudor-beasts-the-seymour-unicorn-2024-silver-proof-two-coin-set
Блок характеристик: div.mod-section.specification — найден, полей в specs: 11
__RM_JSON__ /Users/mihail/Desktop/Нумизматика сайт/omonete-app/data/royal-mint-the-royal-tudor-beasts-the-seymour-unicorn-2024-silver-proof-two-coin-set.json

Готово: /Users/mihail/Desktop/Нумизматика сайт/omonete-app/data/royal-mint-the-royal-tudor-beasts-the-seymour-unicorn-2024-silver-proof-two-coin-set.json
Загрузка PDP: https://www.royalmint.com/the-royal-tudor-beasts/seymour-unicorn/the-royal-tudor-beasts-the-seymour-unicorn-2024-silver-proof-two-coin-set
Классификация картинок: {
  "obverse": null,
  "reverse": null,
  "blister_obverse": null,
  "blister_reverse": null,
  "box": null,
  "certificate": null
}

────────── Как увидеть монету на сайте (localhost) ──────────
Быстро (парсинг + public/data в один заход): npm run royal-mint:preview
  (или уже есть JSON: npx tsx scripts/royal-mint-to-public-catalog.ts "/Users/mihail/Desktop/Нумизматика сайт/omonete-app/data/royal-mint-the-royal-tudor-beasts-the-seymour-unicorn-2024-silver-proof-two-coin-set.json")
Потом: npm run dev → http://localhost:3000/coins/991001/ (или ROYAL_MINT_LOCAL_ID)
Картинки (если скачались): public/image/coins/foreign/ — пути уже в JSON монеты.
В БД: npm run royal-mint:import → npm run data:export (или data:export:incremental).

——— [187/192] ———
 https://www.royalmint.com/the-royal-tudor-beasts/the-queens-lion/the-royal-tudor-beasts-the-queens-lion-2026-1oz-silver-proof-coin
Блок характеристик: div.mod-section.specification — найден, полей в specs: 12
  ✓ the-royal-tudor-beasts-the-queens-lion-2026-1oz-silver-proof-coin-cert.webp
__RM_JSON__ /Users/mihail/Desktop/Нумизматика сайт/omonete-app/data/royal-mint-the-royal-tudor-beasts-the-queens-lion-2026-1oz-silver-proof-coin.json

Готово: /Users/mihail/Desktop/Нумизматика сайт/omonete-app/data/royal-mint-the-royal-tudor-beasts-the-queens-lion-2026-1oz-silver-proof-coin.json
Загрузка PDP: https://www.royalmint.com/the-royal-tudor-beasts/the-queens-lion/the-royal-tudor-beasts-the-queens-lion-2026-1oz-silver-proof-coin
Классификация картинок: {
  "obverse": null,
  "reverse": null,
  "blister_obverse": null,
  "blister_reverse": null,
  "box": null,
  "certificate": "https://www.royalmint.com/globalassets/_ecommerce/commemorative/launches/2026-launches/royal-tudor-beasts/queens-lion/product-images/uk26qlsp---the-royal-tudor-beasts-the-queen-s-lion-2026-uk-1oz-silver-proof-coin-case.jpg"
}

────────── Как увидеть монету на сайте (localhost) ──────────
Быстро (парсинг + public/data в один заход): npm run royal-mint:preview
  (или уже есть JSON: npx tsx scripts/royal-mint-to-public-catalog.ts "/Users/mihail/Desktop/Нумизматика сайт/omonete-app/data/royal-mint-the-royal-tudor-beasts-the-queens-lion-2026-1oz-silver-proof-coin.json")
Потом: npm run dev → http://localhost:3000/coins/991001/ (или ROYAL_MINT_LOCAL_ID)
Картинки (если скачались): public/image/coins/foreign/ — пути уже в JSON монеты.
В БД: npm run royal-mint:import → npm run data:export (или data:export:incremental).

——— [188/192] ———
 https://www.royalmint.com/the-royal-tudor-beasts/the-queens-panther/the-queens-panther-2025-10oz-silver-proof-coin
Блок характеристик: div.mod-section.specification — найден, полей в specs: 11
  ✓ the-queens-panther-2025-10oz-silver-proof-coin-obv.webp
  ✓ the-queens-panther-2025-10oz-silver-proof-coin-rev.webp
  ✓ the-queens-panther-2025-10oz-silver-proof-coin-box.webp
__RM_JSON__ /Users/mihail/Desktop/Нумизматика сайт/omonete-app/data/royal-mint-the-queens-panther-2025-10oz-silver-proof-coin.json

Готово: /Users/mihail/Desktop/Нумизматика сайт/omonete-app/data/royal-mint-the-queens-panther-2025-10oz-silver-proof-coin.json
Загрузка PDP: https://www.royalmint.com/the-royal-tudor-beasts/the-queens-panther/the-queens-panther-2025-10oz-silver-proof-coin
Классификация картинок: {
  "obverse": "https://www.royalmint.com/globalassets/_ecommerce/commemorative/launches/2024-launches/queens-panther/product-images/10oz-silver/uk25qpst-tthe-royal-tudor-beasts-the-queens-panther-2025-uk-10oz-silver-proof-coin-obverse-edge-1500x1500-f3a2c67.jpg",
  "reverse": "https://www.royalmint.com/globalassets/_ecommerce/commemorative/launches/2024-launches/queens-panther/product-images/10oz-silver/uk25qpst-tthe-royal-tudor-beasts-the-queens-panther-2025-uk-10oz-silver-proof-coin-reverse-edge-1500x1500-f3a2c67.jpg",
  "blister_obverse": null,
  "blister_reverse": null,
  "box": "https://www.royalmint.com/globalassets/_ecommerce/commemorative/launches/2024-launches/queens-panther/product-images/10oz-silver/uk25qpst-tthe-royal-tudor-beasts-the-queens-panther-2025-uk-10oz-silver-proof-coin-case-left-1500x1500-f3a2c67.jpg",
  "certificate": null
}

────────── Как увидеть монету на сайте (localhost) ──────────
Быстро (парсинг + public/data в один заход): npm run royal-mint:preview
  (или уже есть JSON: npx tsx scripts/royal-mint-to-public-catalog.ts "/Users/mihail/Desktop/Нумизматика сайт/omonete-app/data/royal-mint-the-queens-panther-2025-10oz-silver-proof-coin.json")
Потом: npm run dev → http://localhost:3000/coins/991001/ (или ROYAL_MINT_LOCAL_ID)
Картинки (если скачались): public/image/coins/foreign/ — пути уже в JSON монеты.
В БД: npm run royal-mint:import → npm run data:export (или data:export:incremental).

——— [189/192] ———
 https://www.royalmint.com/the-royal-tudor-beasts/the-queens-panther/the-queens-panther-2025-1oz-silver-proof-coin
Блок характеристик: div.mod-section.specification — найден, полей в specs: 12
  ✓ the-queens-panther-2025-1oz-silver-proof-coin-obv.webp
  ✓ the-queens-panther-2025-1oz-silver-proof-coin-rev.webp
  ✓ the-queens-panther-2025-1oz-silver-proof-coin-box.webp
__RM_JSON__ /Users/mihail/Desktop/Нумизматика сайт/omonete-app/data/royal-mint-the-queens-panther-2025-1oz-silver-proof-coin.json

Готово: /Users/mihail/Desktop/Нумизматика сайт/omonete-app/data/royal-mint-the-queens-panther-2025-1oz-silver-proof-coin.json
Загрузка PDP: https://www.royalmint.com/the-royal-tudor-beasts/the-queens-panther/the-queens-panther-2025-1oz-silver-proof-coin
Классификация картинок: {
  "obverse": "https://www.royalmint.com/globalassets/_ecommerce/commemorative/launches/2024-launches/queens-panther/product-images/1oz-silver/uk25qpsp-the-royal-tudor-beasts-the-queens-panther-2025-uk-1oz-silver-proof-coin-obverse-edge-1500x1500-f3a2c67.jpg",
  "reverse": "https://www.royalmint.com/globalassets/_ecommerce/commemorative/launches/2024-launches/queens-panther/product-images/1oz-silver/uk25qpsp-the-royal-tudor-beasts-the-queens-panther-2025-uk-1oz-silver-proof-coin-reverse-edge-1500x1500-f3a2c67.jpg",
  "blister_obverse": null,
  "blister_reverse": null,
  "box": "https://www.royalmint.com/globalassets/_ecommerce/commemorative/launches/2024-launches/queens-panther/product-images/1oz-silver/uk25qpsp-tthe-royal-tudor-beasts-the-queens-panther-2025-uk-1oz-silver-proof-coin-case-left-1500x1500-f3a2c67.jpg",
  "certificate": null
}

────────── Как увидеть монету на сайте (localhost) ──────────
Быстро (парсинг + public/data в один заход): npm run royal-mint:preview
  (или уже есть JSON: npx tsx scripts/royal-mint-to-public-catalog.ts "/Users/mihail/Desktop/Нумизматика сайт/omonete-app/data/royal-mint-the-queens-panther-2025-1oz-silver-proof-coin.json")
Потом: npm run dev → http://localhost:3000/coins/991001/ (или ROYAL_MINT_LOCAL_ID)
Картинки (если скачались): public/image/coins/foreign/ — пути уже в JSON монеты.
В БД: npm run royal-mint:import → npm run data:export (или data:export:incremental).

——— [190/192] ———
 https://www.royalmint.com/the-royal-tudor-beasts/the-queens-panther/the-queens-panther-2025-2oz-silver-proof-coin
Блок характеристик: div.mod-section.specification — найден, полей в specs: 11
  ✓ the-queens-panther-2025-2oz-silver-proof-coin-obv.webp
  ✓ the-queens-panther-2025-2oz-silver-proof-coin-rev.webp
  ✓ the-queens-panther-2025-2oz-silver-proof-coin-box.webp
__RM_JSON__ /Users/mihail/Desktop/Нумизматика сайт/omonete-app/data/royal-mint-the-queens-panther-2025-2oz-silver-proof-coin.json

Готово: /Users/mihail/Desktop/Нумизматика сайт/omonete-app/data/royal-mint-the-queens-panther-2025-2oz-silver-proof-coin.json
Загрузка PDP: https://www.royalmint.com/the-royal-tudor-beasts/the-queens-panther/the-queens-panther-2025-2oz-silver-proof-coin
Классификация картинок: {
  "obverse": "https://www.royalmint.com/globalassets/_ecommerce/commemorative/launches/2024-launches/queens-panther/product-images/2oz-silver/uk25qps2-the-royal-tudor-beasts-the-queens-panther-2025-uk-2oz-silver-proof-coin-obverse-edge-1500x1500-f3a2c67.jpg",
  "reverse": "https://www.royalmint.com/globalassets/_ecommerce/commemorative/launches/2024-launches/queens-panther/product-images/2oz-silver/uk25qps2-the-royal-tudor-beasts-the-queens-panther-2025-uk-2oz-silver-proof-coin-reverse-edge-1500x1500-f3a2c67.jpg",
  "blister_obverse": null,
  "blister_reverse": null,
  "box": "https://www.royalmint.com/globalassets/_ecommerce/commemorative/launches/2024-launches/queens-panther/product-images/2oz-silver/uk25qps2-tthe-royal-tudor-beasts-the-queens-panther-2025-uk-2oz-silver-proof-coin-case-left-1500x1500-f3a2c67.jpg",
  "certificate": null
}

────────── Как увидеть монету на сайте (localhost) ──────────
Быстро (парсинг + public/data в один заход): npm run royal-mint:preview
  (или уже есть JSON: npx tsx scripts/royal-mint-to-public-catalog.ts "/Users/mihail/Desktop/Нумизматика сайт/omonete-app/data/royal-mint-the-queens-panther-2025-2oz-silver-proof-coin.json")
Потом: npm run dev → http://localhost:3000/coins/991001/ (или ROYAL_MINT_LOCAL_ID)
Картинки (если скачались): public/image/coins/foreign/ — пути уже в JSON монеты.
В БД: npm run royal-mint:import → npm run data:export (или data:export:incremental).

——— [191/192] ———
 https://www.royalmint.com/the-royal-tudor-beasts/the-queens-panther/the-queens-panther-2025-5oz-silver-proof-coin
Блок характеристик: div.mod-section.specification — найден, полей в specs: 11
__RM_JSON__ /Users/mihail/Desktop/Нумизматика сайт/omonete-app/data/royal-mint-the-queens-panther-2025-5oz-silver-proof-coin.json

Готово: /Users/mihail/Desktop/Нумизматика сайт/omonete-app/data/royal-mint-the-queens-panther-2025-5oz-silver-proof-coin.json
Загрузка PDP: https://www.royalmint.com/the-royal-tudor-beasts/the-queens-panther/the-queens-panther-2025-5oz-silver-proof-coin
Классификация картинок: {
  "obverse": null,
  "reverse": null,
  "blister_obverse": null,
  "blister_reverse": null,
  "box": null,
  "certificate": null
}

────────── Как увидеть монету на сайте (localhost) ──────────
Быстро (парсинг + public/data в один заход): npm run royal-mint:preview
  (или уже есть JSON: npx tsx scripts/royal-mint-to-public-catalog.ts "/Users/mihail/Desktop/Нумизматика сайт/omonete-app/data/royal-mint-the-queens-panther-2025-5oz-silver-proof-coin.json")
Потом: npm run dev → http://localhost:3000/coins/991001/ (или ROYAL_MINT_LOCAL_ID)
Картинки (если скачались): public/image/coins/foreign/ — пути уже в JSON монеты.
В БД: npm run royal-mint:import → npm run data:export (или data:export:incremental).

——— [192/192] ———
 https://www.royalmint.com/the-royal-tudor-beasts/the-queens-panther/the-queens-panther-2025-silver-proof-two-coin-set
Блок характеристик: div.mod-section.specification — найден, полей в specs: 11
  ✓ the-queens-panther-2025-silver-proof-two-coin-set-obv.webp
  ✓ the-queens-panther-2025-silver-proof-two-coin-set-rev.webp
__RM_JSON__ /Users/mihail/Desktop/Нумизматика сайт/omonete-app/data/royal-mint-the-queens-panther-2025-silver-proof-two-coin-set.json

Готово: /Users/mihail/Desktop/Нумизматика сайт/omonete-app/data/royal-mint-the-queens-panther-2025-silver-proof-two-coin-set.json
Загрузка PDP: https://www.royalmint.com/the-royal-tudor-beasts/the-queens-panther/the-queens-panther-2025-silver-proof-two-coin-set
Классификация картинок: {
  "obverse": "https://www.royalmint.com/globalassets/_ecommerce/commemorative/launches/2024-launches/queens-panther/product-images/silver-set/uk25qp2sp--the-royal-tudor-beasts-the-queens-panther-2025-uk-silver-proof-two-coin-set-frosted-obverse-1500x1500-f3a2c67.jpg",
  "reverse": "https://www.royalmint.com/globalassets/_ecommerce/commemorative/launches/2024-launches/queens-panther/product-images/silver-set/uk25qp2sp-the-royal-tudor-beasts-the-queens-panther-2025-uk-silver-proof-two-coin-set-frosted-reverse--1500x1500-f3a2c67.jpg",
  "blister_obverse": null,
  "blister_reverse": null,
  "box": null,
  "certificate": null
}

────────── Как увидеть монету на сайте (localhost) ──────────
Быстро (парсинг + public/data в один заход): npm run royal-mint:preview
  (или уже есть JSON: npx tsx scripts/royal-mint-to-public-catalog.ts "/Users/mihail/Desktop/Нумизматика сайт/omonete-app/data/royal-mint-the-queens-panther-2025-silver-proof-two-coin-set.json")
Потом: npm run dev → http://localhost:3000/coins/991001/ (или ROYAL_MINT_LOCAL_ID)
Картинки (если скачались): public/image/coins/foreign/ — пути уже в JSON монеты.
В БД: npm run royal-mint:import → npm run data:export (или data:export:incremental).

Готово. Успех: 192 ошибок: 0
Импорт в БД: npm run royal-mint:import
