
> omonete-app@0.1.0 royal-mint:reparse-seed
> node scripts/fetch-royal-mint-seed-queue.js --all

Файл seed: /Users/mihail/Desktop/Нумизматика сайт/omonete-app/scripts/royal-mint-seed-urls.txt
URL в seed: 192
Уже ок (есть JSON, не 404): 192
Нужно обработать: 0 (новые / 404 / битый JSON)
Режим --all: к парсингу все 192 URL из seed
К запуску fetch сейчас: 192  (параллельность 2)

——— старт 1/192#w1 ———
https://www.royalmint.com/invest/bullion/bullion-coins/silver-coins/2oz-silver-bullion-coins/rqp252s--the-royal-tudor-beasts-2025-queens-panther-2oz-silver-bullion-coin

——— старт 2/192#w2 ———
https://www.royalmint.com/invest/bullion/bullion-coins/silver-coins/britannia-2022-1-oz-silver-bullion-coin
[2/192#w2] Блок характеристик: div.mod-section.specification — найден, полей в specs: 12
[1/192#w1] Блок характеристик: div.mod-section.specification — найден, полей в specs: 11
[2/192#w2]   ✓ britannia-2022-1-oz-silver-bullion-coin-obv.webp
[1/192#w1]   ✓ rqp252s-the-royal-tudor-beasts-2025-queens-panther-2oz-silver-bullion-coin-obv.webp
[2/192#w2]   ✓ britannia-2022-1-oz-silver-bullion-coin-rev.webp
[1/192#w1]   ✓ rqp252s-the-royal-tudor-beasts-2025-queens-panther-2oz-silver-bullion-coin-rev.webp
[2/192#w2]   ✓ britannia-2022-1-oz-silver-bullion-coin-blister-rev.webp
[2/192#w2] __RM_JSON__ /Users/mihail/Desktop/Нумизматика сайт/omonete-app/data/royal-mint-britannia-2022-1-oz-silver-bullion-coin.json
[2/192#w2] 
[2/192#w2] Готово: /Users/mihail/Desktop/Нумизматика сайт/omonete-app/data/royal-mint-britannia-2022-1-oz-silver-bullion-coin.json
[2/192#w2] Загрузка PDP: https://www.royalmint.com/invest/bullion/bullion-coins/silver-coins/britannia-2022-1-oz-silver-bullion-coin
[2/192#w2] Классификация картинок: {
[2/192#w2]   "obverse": "https://www.royalmint.com/globalassets/_ecommerce/invest/launches/2026/britannia/products/silver-1-oz/bb26s1c---2026-bullion-britannia-1oz-silver-reverse-tube.jpg",
[2/192#w2]   "reverse": "https://www.royalmint.com/globalassets/_ecommerce/invest/launches/2026/britannia/products/silver-1-oz/bb26s1c---2026-bullion-britannia-1oz-silver-reverse-tube.jpg",
[2/192#w2]   "blister_obverse": null,
[2/192#w2]   "blister_reverse": "https://www.royalmint.com/globalassets/_ecommerce/invest/launches/2026/britannia/products/silver-1-oz/bb26s1c---2026-bullion-britannia-1oz-silver-reverse-capsule.jpg",
[2/192#w2]   "box": null,
[2/192#w2]   "certificate": null
[2/192#w2] }
[2/192#w2] 
[2/192#w2] ────────── Как увидеть монету на сайте (localhost) ──────────
[2/192#w2] Быстро (парсинг + public/data в один заход): npm run royal-mint:preview
[2/192#w2]   (или уже есть JSON: npx tsx scripts/royal-mint-to-public-catalog.ts "/Users/mihail/Desktop/Нумизматика сайт/omonete-app/data/royal-mint-britannia-2022-1-oz-silver-bullion-coin.json")
[2/192#w2] Потом: npm run dev → http://localhost:3000/coins/991001/ (или ROYAL_MINT_LOCAL_ID)
[2/192#w2] Картинки (если скачались): public/image/coins/foreign/ — пути уже в JSON монеты.
[2/192#w2] В БД: npm run royal-mint:import → npm run data:export (или data:export:incremental).

——— старт 3/192#w2 ———
https://www.royalmint.com/britannia/commemorative/2025-britannia-2oz-silver-proof-coin
[1/192#w1]   ✓ rqp252s-the-royal-tudor-beasts-2025-queens-panther-2oz-silver-bullion-coin-blister-obv.webp
[1/192#w1]   ✓ rqp252s-the-royal-tudor-beasts-2025-queens-panther-2oz-silver-bullion-coin-blister-rev.webp
[1/192#w1] __RM_JSON__ /Users/mihail/Desktop/Нумизматика сайт/omonete-app/data/royal-mint-rqp252s-the-royal-tudor-beasts-2025-queens-panther-2oz-silver-bullion-coin.json
[1/192#w1] 
[1/192#w1] Готово: /Users/mihail/Desktop/Нумизматика сайт/omonete-app/data/royal-mint-rqp252s-the-royal-tudor-beasts-2025-queens-panther-2oz-silver-bullion-coin.json
[1/192#w1] Загрузка PDP: https://www.royalmint.com/invest/bullion/bullion-coins/silver-coins/2oz-silver-bullion-coins/rqp252s--the-royal-tudor-beasts-2025-queens-panther-2oz-silver-bullion-coin
[1/192#w1] Классификация картинок: {
[1/192#w1]   "obverse": "https://www.royalmint.com/globalassets/_ecommerce/invest/launches/rtb-panther/products/silver/rqp252s---2025-bullion-royal-tudor-beasts-queens-panther-silver-2oz-coin-obverse-edge-1500x1500-f3a2c67.jpg",
[1/192#w1]   "reverse": "https://www.royalmint.com/globalassets/_ecommerce/invest/launches/rtb-panther/products/silver/rqp252s---2025-bullion-royal-tudor-beasts-queens-panther-silver-2oz-coin-reverse-edge-1500x1500-f3a2c67.jpg",
[1/192#w1]   "blister_obverse": "https://www.royalmint.com/globalassets/_ecommerce/invest/launches/rtb-panther/products/silver/rqp252s---2025-bullion-royal-tudor-beasts-queens-panther-silver-2oz-coin-obverse-capsule-1500x1500-f3a2c67.jpg",
[1/192#w1]   "blister_reverse": "https://www.royalmint.com/globalassets/_ecommerce/invest/launches/rtb-panther/products/silver/rqp252s---2025-bullion-royal-tudor-beasts-queens-panther-silver-2oz-coin-reverse-capsule-1500x1500-f3a2c67.jpg",
[1/192#w1]   "box": null,
[1/192#w1]   "certificate": null
[1/192#w1] }
[1/192#w1] 
[1/192#w1] ────────── Как увидеть монету на сайте (localhost) ──────────
[1/192#w1] Быстро (парсинг + public/data в один заход): npm run royal-mint:preview
[1/192#w1]   (или уже есть JSON: npx tsx scripts/royal-mint-to-public-catalog.ts "/Users/mihail/Desktop/Нумизматика сайт/omonete-app/data/royal-mint-rqp252s-the-royal-tudor-beasts-2025-queens-panther-2oz-silver-bullion-coin.json")
[1/192#w1] Потом: npm run dev → http://localhost:3000/coins/991001/ (или ROYAL_MINT_LOCAL_ID)
[1/192#w1] Картинки (если скачались): public/image/coins/foreign/ — пути уже в JSON монеты.
[1/192#w1] В БД: npm run royal-mint:import → npm run data:export (или data:export:incremental).

——— старт 4/192#w1 ———
https://www.royalmint.com/shop/limited-editions/harry-potter/the-patronus/harry-potter-the-patronus-2025-fifty-pence-silver-proof-colour-coin
[3/192#w2] Блок характеристик: div.mod-section.specification — найден, полей в specs: 11
[4/192#w1] Блок характеристик: div.mod-section.specification — найден, полей в specs: 10
[3/192#w2]   ✓ 2025-britannia-2oz-silver-proof-coin-obv.webp
[3/192#w2]   ✓ 2025-britannia-2oz-silver-proof-coin-rev.webp
[4/192#w1]   ✓ harry-potter-the-patronus-2025-fifty-pence-silver-proof-colour-coin-obv.webp
[3/192#w2]   ✓ 2025-britannia-2oz-silver-proof-coin-box.webp
[3/192#w2] __RM_JSON__ /Users/mihail/Desktop/Нумизматика сайт/omonete-app/data/royal-mint-2025-britannia-2oz-silver-proof-coin.json
[3/192#w2] 
[3/192#w2] Готово: /Users/mihail/Desktop/Нумизматика сайт/omonete-app/data/royal-mint-2025-britannia-2oz-silver-proof-coin.json
[3/192#w2] Загрузка PDP: https://www.royalmint.com/britannia/commemorative/2025-britannia-2oz-silver-proof-coin
[3/192#w2] Классификация картинок: {
[3/192#w2]   "obverse": "https://www.royalmint.com/globalassets/_ecommerce/commemorative/launches/2025-launches/britannia-2025/product-images/br25s2-2025-britannia-uk-2oz-silver-proof-coin-obverse-edge--1500x1500-f3a2c67.jpg",
[3/192#w2]   "reverse": "https://www.royalmint.com/globalassets/_ecommerce/commemorative/launches/2025-launches/britannia-2025/product-images/br25s2-2025-britannia-uk-2oz-silver-proof-coin-reverse-edge--1500x1500-f3a2c67.jpg",
[3/192#w2]   "blister_obverse": null,
[3/192#w2]   "blister_reverse": null,
[3/192#w2]   "box": "https://www.royalmint.com/globalassets/_ecommerce/commemorative/launches/2025-launches/britannia-2025/product-images/br25s2-2025-britannia-uk-2oz-silver-proof-coin-case-left-1500x1500-f3a2c67.jpg",
[3/192#w2]   "certificate": null
[3/192#w2] }
[3/192#w2] 
[3/192#w2] ────────── Как увидеть монету на сайте (localhost) ──────────
[3/192#w2] Быстро (парсинг + public/data в один заход): npm run royal-mint:preview
[3/192#w2]   (или уже есть JSON: npx tsx scripts/royal-mint-to-public-catalog.ts "/Users/mihail/Desktop/Нумизматика сайт/omonete-app/data/royal-mint-2025-britannia-2oz-silver-proof-coin.json")
[3/192#w2] Потом: npm run dev → http://localhost:3000/coins/991001/ (или ROYAL_MINT_LOCAL_ID)
[3/192#w2] Картинки (если скачались): public/image/coins/foreign/ — пути уже в JSON монеты.
[3/192#w2] В БД: npm run royal-mint:import → npm run data:export (или data:export:incremental).

——— старт 5/192#w2 ———
https://www.royalmint.com/invest/bullion/uk-coin-ranges/world-coins/krugerrand-2024-1oz-silver-bullion-coin
[4/192#w1]   ✓ harry-potter-the-patronus-2025-fifty-pence-silver-proof-colour-coin-rev.webp
[4/192#w1]   ✓ harry-potter-the-patronus-2025-fifty-pence-silver-proof-colour-coin-box.webp
[4/192#w1] __RM_JSON__ /Users/mihail/Desktop/Нумизматика сайт/omonete-app/data/royal-mint-harry-potter-the-patronus-2025-fifty-pence-silver-proof-colour-coin.json
[4/192#w1] 
[4/192#w1] Готово: /Users/mihail/Desktop/Нумизматика сайт/omonete-app/data/royal-mint-harry-potter-the-patronus-2025-fifty-pence-silver-proof-colour-coin.json
[4/192#w1] Загрузка PDP: https://www.royalmint.com/shop/limited-editions/harry-potter/the-patronus/harry-potter-the-patronus-2025-fifty-pence-silver-proof-colour-coin
[4/192#w1] Классификация картинок: {
[4/192#w1]   "obverse": "https://www.royalmint.com/globalassets/_ecommerce/commemorative/launches/2025-launches/harry-potter---the-patronus/product-images/uk25tpsp---harry-potter---the-patronus-2025-uk-50p-silver-proof-colour-colour-coin-obverse-with-edge-1500x1500-f3a2c67.jpg",
[4/192#w1]   "reverse": "https://www.royalmint.com/globalassets/_ecommerce/commemorative/launches/2025-launches/harry-potter---the-patronus/product-images/uk25tpsp---harry-potter---the-patronus-2025-uk-50p-silver-proof-colour-colour-coin-reverse-with-edge-1500x1500-f3a2c67.jpg",
[4/192#w1]   "blister_obverse": null,
[4/192#w1]   "blister_reverse": null,
[4/192#w1]   "box": "https://www.royalmint.com/globalassets/_ecommerce/commemorative/launches/2025-launches/harry-potter---the-patronus/product-images/uk25tpsp---harry-potter---the-patronus-2025-uk-50p-silver-proof-colour-colour-coin-acrylic-block-1500x1500-f3a2c67.jpg",
[4/192#w1]   "certificate": null
[4/192#w1] }
[4/192#w1] 
[4/192#w1] ────────── Как увидеть монету на сайте (localhost) ──────────
[4/192#w1] Быстро (парсинг + public/data в один заход): npm run royal-mint:preview
[4/192#w1]   (или уже есть JSON: npx tsx scripts/royal-mint-to-public-catalog.ts "/Users/mihail/Desktop/Нумизматика сайт/omonete-app/data/royal-mint-harry-potter-the-patronus-2025-fifty-pence-silver-proof-colour-coin.json")
[4/192#w1] Потом: npm run dev → http://localhost:3000/coins/991001/ (или ROYAL_MINT_LOCAL_ID)
[4/192#w1] Картинки (если скачались): public/image/coins/foreign/ — пути уже в JSON монеты.
[4/192#w1] В БД: npm run royal-mint:import → npm run data:export (или data:export:incremental).

——— старт 6/192#w1 ———
https://www.royalmint.com/shop/limited-editions/ve-day/The-80th-Anniversary-of-VE-Day-Collector-Two-Coin-Set
[5/192#w2] Блок характеристик: div.mod-section.specification — найден, полей в specs: 10
[6/192#w1] Блок характеристик: div.mod-section.specification — найден, полей в specs: 10
[5/192#w2]   ✓ krugerrand-2024-1oz-silver-bullion-coin-obv.webp
[6/192#w1]   ✓ the-80th-anniversary-of-ve-day-collector-two-coin-set-obv.webp
[5/192#w2]   ✓ krugerrand-2024-1oz-silver-bullion-coin-rev.webp
[5/192#w2] __RM_JSON__ /Users/mihail/Desktop/Нумизматика сайт/omonete-app/data/royal-mint-krugerrand-2024-1oz-silver-bullion-coin.json
[5/192#w2] 
[5/192#w2] Готово: /Users/mihail/Desktop/Нумизматика сайт/omonete-app/data/royal-mint-krugerrand-2024-1oz-silver-bullion-coin.json
[5/192#w2] Загрузка PDP: https://www.royalmint.com/invest/bullion/uk-coin-ranges/world-coins/krugerrand-2024-1oz-silver-bullion-coin
[5/192#w2] Классификация картинок: {
[5/192#w2]   "obverse": "https://www.royalmint.com/globalassets/bullion/images/products/worldcoins/2024/b24kris---south-african-krugerrand-2024-1oz-silver-obverse-1500x1500-f3a2c67.jpg",
[5/192#w2]   "reverse": "https://www.royalmint.com/globalassets/bullion/images/products/worldcoins/2024/b24kris---south-african-krugerrand-2024-1oz-silver-reverse-1500x1500-f3a2c67.jpg",
[5/192#w2]   "blister_obverse": null,
[5/192#w2]   "blister_reverse": null,
[5/192#w2]   "box": null,
[5/192#w2]   "certificate": null
[5/192#w2] }
[5/192#w2] 
[5/192#w2] ────────── Как увидеть монету на сайте (localhost) ──────────
[5/192#w2] Быстро (парсинг + public/data в один заход): npm run royal-mint:preview
[5/192#w2]   (или уже есть JSON: npx tsx scripts/royal-mint-to-public-catalog.ts "/Users/mihail/Desktop/Нумизматика сайт/omonete-app/data/royal-mint-krugerrand-2024-1oz-silver-bullion-coin.json")
[5/192#w2] Потом: npm run dev → http://localhost:3000/coins/991001/ (или ROYAL_MINT_LOCAL_ID)
[5/192#w2] Картинки (если скачались): public/image/coins/foreign/ — пути уже в JSON монеты.
[5/192#w2] В БД: npm run royal-mint:import → npm run data:export (или data:export:incremental).

——— старт 7/192#w2 ———
https://www.royalmint.com/invest/bullion/bullion-coins/silver-coins/the-british-lion-and-american-eagle-2024-1oz-silver-bullion-coin
[6/192#w1]   ✓ the-80th-anniversary-of-ve-day-collector-two-coin-set-rev.webp
[6/192#w1]   ✓ the-80th-anniversary-of-ve-day-collector-two-coin-set-box.webp
[6/192#w1] __RM_JSON__ /Users/mihail/Desktop/Нумизматика сайт/omonete-app/data/royal-mint-the-80th-anniversary-of-ve-day-collector-two-coin-set.json
[6/192#w1] 
[6/192#w1] Готово: /Users/mihail/Desktop/Нумизматика сайт/omonete-app/data/royal-mint-the-80th-anniversary-of-ve-day-collector-two-coin-set.json
[6/192#w1] Загрузка PDP: https://www.royalmint.com/shop/limited-editions/ve-day/The-80th-Anniversary-of-VE-Day-Collector-Two-Coin-Set
[6/192#w1] Классификация картинок: {
[6/192#w1]   "obverse": "https://www.royalmint.com/globalassets/__rebrand/_structure/shop/editions/_historic-coins/_product-image/hisvegs-the-80th-anniversary-of-ve-day-premium-ten-coin-set1945-g-vi-florin-obverse-copy.jpg",
[6/192#w1]   "reverse": "https://www.royalmint.com/globalassets/__rebrand/_structure/shop/editions/_historic-coins/_product-image/hisvegs-the-80th-anniversary-of-ve-day-premium-ten-coin-set-1945-g-vi-florin-reverse.jpg",
[6/192#w1]   "blister_obverse": null,
[6/192#w1]   "blister_reverse": null,
[6/192#w1]   "box": "https://www.royalmint.com/globalassets/__rebrand/_structure/shop/editions/_historic-coins/_product-image/hisvess-the-80th-anniversary-of-ve-day--collector-two-coin-set-case-right.jpg",
[6/192#w1]   "certificate": null
[6/192#w1] }
[6/192#w1] 
[6/192#w1] ────────── Как увидеть монету на сайте (localhost) ──────────
[6/192#w1] Быстро (парсинг + public/data в один заход): npm run royal-mint:preview
[6/192#w1]   (или уже есть JSON: npx tsx scripts/royal-mint-to-public-catalog.ts "/Users/mihail/Desktop/Нумизматика сайт/omonete-app/data/royal-mint-the-80th-anniversary-of-ve-day-collector-two-coin-set.json")
[6/192#w1] Потом: npm run dev → http://localhost:3000/coins/991001/ (или ROYAL_MINT_LOCAL_ID)
[6/192#w1] Картинки (если скачались): public/image/coins/foreign/ — пути уже в JSON монеты.
[6/192#w1] В БД: npm run royal-mint:import → npm run data:export (или data:export:incremental).

——— старт 8/192#w1 ———
https://www.royalmint.com/the-royal-tudor-beasts/greyhound-of-richmond/the-greyhound-of-richmond-2025-1oz-silver-proof-coin
[7/192#w2] Блок характеристик: div.mod-section.specification — найден, полей в specs: 11
[8/192#w1] Блок характеристик: div.mod-section.specification — найден, полей в specs: 12
[7/192#w2]   ✓ the-british-lion-and-american-eagle-2024-1oz-silver-bullion-coin-blister-rev.webp
[7/192#w2] __RM_JSON__ /Users/mihail/Desktop/Нумизматика сайт/omonete-app/data/royal-mint-the-british-lion-and-american-eagle-2024-1oz-silver-bullion-coin.json
[7/192#w2] 
[7/192#w2] Готово: /Users/mihail/Desktop/Нумизматика сайт/omonete-app/data/royal-mint-the-british-lion-and-american-eagle-2024-1oz-silver-bullion-coin.json
[7/192#w2] Загрузка PDP: https://www.royalmint.com/invest/bullion/bullion-coins/silver-coins/the-british-lion-and-american-eagle-2024-1oz-silver-bullion-coin
[7/192#w2] Классификация картинок: {
[7/192#w2]   "obverse": null,
[7/192#w2]   "reverse": null,
[7/192#w2]   "blister_obverse": null,
[7/192#w2]   "blister_reverse": "https://www.royalmint.com/globalassets/bullion/images/products/lion-and-eagle/the-british-lion---american-eagle-2024--bullion-1oz-silver-coin-reverse-capsule---uk24blaes1-1500x1500-f3a2c67.jpg",
[7/192#w2]   "box": null,
[7/192#w2]   "certificate": null
[7/192#w2] }
[7/192#w2] 
[7/192#w2] ────────── Как увидеть монету на сайте (localhost) ──────────
[7/192#w2] Быстро (парсинг + public/data в один заход): npm run royal-mint:preview
[7/192#w2]   (или уже есть JSON: npx tsx scripts/royal-mint-to-public-catalog.ts "/Users/mihail/Desktop/Нумизматика сайт/omonete-app/data/royal-mint-the-british-lion-and-american-eagle-2024-1oz-silver-bullion-coin.json")
[7/192#w2] Потом: npm run dev → http://localhost:3000/coins/991001/ (или ROYAL_MINT_LOCAL_ID)
[7/192#w2] Картинки (если скачались): public/image/coins/foreign/ — пути уже в JSON монеты.
[7/192#w2] В БД: npm run royal-mint:import → npm run data:export (или data:export:incremental).

——— старт 9/192#w2 ———
https://www.royalmint.com/britannia/commemorative/2025-britannia-1oz-silver-proof-coin
[8/192#w1]   ✓ the-greyhound-of-richmond-2025-1oz-silver-proof-coin-obv.webp
[8/192#w1]   ✓ the-greyhound-of-richmond-2025-1oz-silver-proof-coin-rev.webp
[8/192#w1]   ✓ the-greyhound-of-richmond-2025-1oz-silver-proof-coin-box.webp
[8/192#w1] __RM_JSON__ /Users/mihail/Desktop/Нумизматика сайт/omonete-app/data/royal-mint-the-greyhound-of-richmond-2025-1oz-silver-proof-coin.json
[8/192#w1] 
[8/192#w1] Готово: /Users/mihail/Desktop/Нумизматика сайт/omonete-app/data/royal-mint-the-greyhound-of-richmond-2025-1oz-silver-proof-coin.json
[8/192#w1] Загрузка PDP: https://www.royalmint.com/the-royal-tudor-beasts/greyhound-of-richmond/the-greyhound-of-richmond-2025-1oz-silver-proof-coin
[8/192#w1] Классификация картинок: {
[8/192#w1]   "obverse": "https://www.royalmint.com/globalassets/_ecommerce/commemorative/launches/2025-launches/royal-tudor-beasts/greyhound-of-richmond/product-images/uk25grsp---the-royal-tudor-beasts-the-greyhound-of-richmond-2025-uk-1oz-silver-proof-coin-obverse-edge-1500x1500-f3a2c67.jpg",
[8/192#w1]   "reverse": "https://www.royalmint.com/globalassets/_ecommerce/commemorative/launches/2025-launches/royal-tudor-beasts/greyhound-of-richmond/product-images/uk25grsp---the-royal-tudor-beasts-the-greyhound-of-richmond-2025-uk-1oz-silver-proof-coin-reverse-edge-1500x1500-f3a2c67.jpg",
[8/192#w1]   "blister_obverse": null,
[8/192#w1]   "blister_reverse": null,
[8/192#w1]   "box": "https://www.royalmint.com/globalassets/_ecommerce/commemorative/launches/2025-launches/royal-tudor-beasts/greyhound-of-richmond/product-images/uk25grsp---the-royal-tudor-beasts-the-greyhound-of-richmond-2025-uk-1oz-silver-proof-coin-case-left-1500x1500-f3a2c67.jpg",
[8/192#w1]   "certificate": null
[8/192#w1] }
[8/192#w1] 
[8/192#w1] ────────── Как увидеть монету на сайте (localhost) ──────────
[8/192#w1] Быстро (парсинг + public/data в один заход): npm run royal-mint:preview
[8/192#w1]   (или уже есть JSON: npx tsx scripts/royal-mint-to-public-catalog.ts "/Users/mihail/Desktop/Нумизматика сайт/omonete-app/data/royal-mint-the-greyhound-of-richmond-2025-1oz-silver-proof-coin.json")
[8/192#w1] Потом: npm run dev → http://localhost:3000/coins/991001/ (или ROYAL_MINT_LOCAL_ID)
[8/192#w1] Картинки (если скачались): public/image/coins/foreign/ — пути уже в JSON монеты.
[8/192#w1] В БД: npm run royal-mint:import → npm run data:export (или data:export:incremental).

——— старт 10/192#w1 ———
https://www.royalmint.com/shop/limited-editions/music-legends/john-lennon/john-lennon-2025-1kg-silver-proof-coin
[9/192#w2] Блок характеристик: div.mod-section.specification — найден, полей в specs: 11
[9/192#w2]   ✓ 2025-britannia-1oz-silver-proof-coin-obv.webp
[9/192#w2]   ✓ 2025-britannia-1oz-silver-proof-coin-rev.webp
[10/192#w1] Блок характеристик: div.mod-section.specification — найден, полей в specs: 11
[9/192#w2]   ✓ 2025-britannia-1oz-silver-proof-coin-box.webp
[9/192#w2] __RM_JSON__ /Users/mihail/Desktop/Нумизматика сайт/omonete-app/data/royal-mint-2025-britannia-1oz-silver-proof-coin.json
[9/192#w2] 
[9/192#w2] Готово: /Users/mihail/Desktop/Нумизматика сайт/omonete-app/data/royal-mint-2025-britannia-1oz-silver-proof-coin.json
[9/192#w2] Загрузка PDP: https://www.royalmint.com/britannia/commemorative/2025-britannia-1oz-silver-proof-coin
[9/192#w2] Классификация картинок: {
[9/192#w2]   "obverse": "https://www.royalmint.com/globalassets/_ecommerce/commemorative/launches/2025-launches/britannia-2025/product-images/br25s1-2025-britannia-uk-1oz-silver-proof-coin-obverse-edge-1500x1500-f3a2c67.jpg",
[9/192#w2]   "reverse": "https://www.royalmint.com/globalassets/_ecommerce/commemorative/launches/2025-launches/britannia-2025/product-images/br25s1-2025-britannia-uk-1oz-silver-proof-coin-reverse-edge-1500x1500-f3a2c67.jpg",
[9/192#w2]   "blister_obverse": null,
[9/192#w2]   "blister_reverse": null,
[9/192#w2]   "box": "https://www.royalmint.com/globalassets/_ecommerce/commemorative/launches/2025-launches/britannia-2025/product-images/br25s1-2025-britannia-uk-1oz-silver-proof-coin-case-left-1500x1500-f3a2c67.jpg",
[9/192#w2]   "certificate": null
[9/192#w2] }
[9/192#w2] 
[9/192#w2] ────────── Как увидеть монету на сайте (localhost) ──────────
[9/192#w2] Быстро (парсинг + public/data в один заход): npm run royal-mint:preview
[9/192#w2]   (или уже есть JSON: npx tsx scripts/royal-mint-to-public-catalog.ts "/Users/mihail/Desktop/Нумизматика сайт/omonete-app/data/royal-mint-2025-britannia-1oz-silver-proof-coin.json")
[9/192#w2] Потом: npm run dev → http://localhost:3000/coins/991001/ (или ROYAL_MINT_LOCAL_ID)
[9/192#w2] Картинки (если скачались): public/image/coins/foreign/ — пути уже в JSON монеты.
[9/192#w2] В БД: npm run royal-mint:import → npm run data:export (или data:export:incremental).

——— старт 11/192#w2 ———
https://www.royalmint.com/invest/bullion/uk-coin-ranges/world-coins/canadian-maple-leaf-2024-1oz-silver-bullion-coin
[10/192#w1]   ✓ john-lennon-2025-1kg-silver-proof-coin-obv.webp
[10/192#w1]   ✓ john-lennon-2025-1kg-silver-proof-coin-rev.webp
[10/192#w1]   ✓ john-lennon-2025-1kg-silver-proof-coin-box.webp
[10/192#w1] __RM_JSON__ /Users/mihail/Desktop/Нумизматика сайт/omonete-app/data/royal-mint-john-lennon-2025-1kg-silver-proof-coin.json
[10/192#w1] 
[10/192#w1] Готово: /Users/mihail/Desktop/Нумизматика сайт/omonete-app/data/royal-mint-john-lennon-2025-1kg-silver-proof-coin.json
[10/192#w1] Загрузка PDP: https://www.royalmint.com/shop/limited-editions/music-legends/john-lennon/john-lennon-2025-1kg-silver-proof-coin
[10/192#w1] Классификация картинок: {
[10/192#w1]   "obverse": "https://www.royalmint.com/globalassets/_ecommerce/commemorative/launches/2025-launches/john-lennon/product-images/uk25jlks-john-lennon-2025-uk-1kg-silver-proof-coin-obverse-edge-1500x1500-f3a2c67.jpg",
[10/192#w1]   "reverse": "https://www.royalmint.com/globalassets/_ecommerce/commemorative/launches/2025-launches/john-lennon/product-images/uk25jlks-john-lennon-2025-uk-1kg-silver-proof-coin-reverse-edge-1500x1500-f3a2c67.jpg",
[10/192#w1]   "blister_obverse": null,
[10/192#w1]   "blister_reverse": null,
[10/192#w1]   "box": "https://www.royalmint.com/globalassets/_ecommerce/commemorative/launches/2025-launches/john-lennon/product-images/uk25jlks-john-lennon-2025-uk-1kg-silver-proof-coin-case-left-1500x1500-f3a2c67.jpg",
[10/192#w1]   "certificate": null
[10/192#w1] }
[10/192#w1] 
[10/192#w1] ────────── Как увидеть монету на сайте (localhost) ──────────
[10/192#w1] Быстро (парсинг + public/data в один заход): npm run royal-mint:preview
[10/192#w1]   (или уже есть JSON: npx tsx scripts/royal-mint-to-public-catalog.ts "/Users/mihail/Desktop/Нумизматика сайт/omonete-app/data/royal-mint-john-lennon-2025-1kg-silver-proof-coin.json")
[10/192#w1] Потом: npm run dev → http://localhost:3000/coins/991001/ (или ROYAL_MINT_LOCAL_ID)
[10/192#w1] Картинки (если скачались): public/image/coins/foreign/ — пути уже в JSON монеты.
[10/192#w1] В БД: npm run royal-mint:import → npm run data:export (или data:export:incremental).

——— старт 12/192#w1 ———
https://www.royalmint.com/shop/limited-editions/harry-potter/harry-potter-the-flying-car/the-flying-car-2025-50p-coloured-silver-proof-colour-coin
[11/192#w2] Блок характеристик: div.mod-section.specification — найден, полей в specs: 10
[11/192#w2]   ✓ canadian-maple-leaf-2024-1oz-silver-bullion-coin-obv.webp
[12/192#w1] Блок характеристик: div.mod-section.specification — найден, полей в specs: 10
[11/192#w2]   ✓ canadian-maple-leaf-2024-1oz-silver-bullion-coin-rev.webp
[11/192#w2] __RM_JSON__ /Users/mihail/Desktop/Нумизматика сайт/omonete-app/data/royal-mint-canadian-maple-leaf-2024-1oz-silver-bullion-coin.json
[11/192#w2] 
[11/192#w2] Готово: /Users/mihail/Desktop/Нумизматика сайт/omonete-app/data/royal-mint-canadian-maple-leaf-2024-1oz-silver-bullion-coin.json
[11/192#w2] Загрузка PDP: https://www.royalmint.com/invest/bullion/uk-coin-ranges/world-coins/canadian-maple-leaf-2024-1oz-silver-bullion-coin
[11/192#w2] Классификация картинок: {
[11/192#w2]   "obverse": "https://www.royalmint.com/globalassets/bullion/images/products/worldcoins/2024/b24cmis---canadian-maple-leaf-2024-1oz-silver-obverse-1500x1500-f3a2c67.jpg",
[11/192#w2]   "reverse": "https://www.royalmint.com/globalassets/bullion/images/products/worldcoins/2024/b24cmis---canadian-maple-leaf-2024-1oz-silver-reverse-1500x1500-f3a2c67.jpg",
[11/192#w2]   "blister_obverse": null,
[11/192#w2]   "blister_reverse": null,
[11/192#w2]   "box": null,
[11/192#w2]   "certificate": null
[11/192#w2] }
[11/192#w2] 
[11/192#w2] ────────── Как увидеть монету на сайте (localhost) ──────────
[11/192#w2] Быстро (парсинг + public/data в один заход): npm run royal-mint:preview
[11/192#w2]   (или уже есть JSON: npx tsx scripts/royal-mint-to-public-catalog.ts "/Users/mihail/Desktop/Нумизматика сайт/omonete-app/data/royal-mint-canadian-maple-leaf-2024-1oz-silver-bullion-coin.json")
[11/192#w2] Потом: npm run dev → http://localhost:3000/coins/991001/ (или ROYAL_MINT_LOCAL_ID)
[11/192#w2] Картинки (если скачались): public/image/coins/foreign/ — пути уже в JSON монеты.
[11/192#w2] В БД: npm run royal-mint:import → npm run data:export (или data:export:incremental).

——— старт 13/192#w2 ———
https://www.royalmint.com/britannia/commemorative/2025-britannia-six-coin-silver-proof-set
[12/192#w1]   ✓ the-flying-car-2025-50p-coloured-silver-proof-colour-coin-box.webp
[12/192#w1] __RM_JSON__ /Users/mihail/Desktop/Нумизматика сайт/omonete-app/data/royal-mint-the-flying-car-2025-50p-coloured-silver-proof-colour-coin.json
[12/192#w1] 
[12/192#w1] Готово: /Users/mihail/Desktop/Нумизматика сайт/omonete-app/data/royal-mint-the-flying-car-2025-50p-coloured-silver-proof-colour-coin.json
[12/192#w1] Загрузка PDP: https://www.royalmint.com/shop/limited-editions/harry-potter/harry-potter-the-flying-car/the-flying-car-2025-50p-coloured-silver-proof-colour-coin
[12/192#w1] Классификация картинок: {
[12/192#w1]   "obverse": null,
[12/192#w1]   "reverse": null,
[12/192#w1]   "blister_obverse": null,
[12/192#w1]   "blister_reverse": null,
[12/192#w1]   "box": "https://www.royalmint.com/globalassets/_ecommerce/commemorative/launches/2025-launches/harry-potter---flying-car/product-images/uk25fcsp-harry-potter---the-flying-car-2025-uk-50p-silver-proof-colour-coin-acrylic-block-left-1500x1500-f3a2c67.jpg",
[12/192#w1]   "certificate": null
[12/192#w1] }
[12/192#w1] 
[12/192#w1] ────────── Как увидеть монету на сайте (localhost) ──────────
[12/192#w1] Быстро (парсинг + public/data в один заход): npm run royal-mint:preview
[12/192#w1]   (или уже есть JSON: npx tsx scripts/royal-mint-to-public-catalog.ts "/Users/mihail/Desktop/Нумизматика сайт/omonete-app/data/royal-mint-the-flying-car-2025-50p-coloured-silver-proof-colour-coin.json")
[12/192#w1] Потом: npm run dev → http://localhost:3000/coins/991001/ (или ROYAL_MINT_LOCAL_ID)
[12/192#w1] Картинки (если скачались): public/image/coins/foreign/ — пути уже в JSON монеты.
[12/192#w1] В БД: npm run royal-mint:import → npm run data:export (или data:export:incremental).

——— старт 14/192#w1 ———
https://www.royalmint.com/gifts/sixpence/2025-silver-sixpence
[13/192#w2] Блок характеристик: div.mod-section.specification — найден, полей в specs: 10
[14/192#w1] Блок характеристик: div.mod-section.specification — найден, полей в specs: 10
[13/192#w2]   ✓ 2025-britannia-six-coin-silver-proof-set-obv.webp
[14/192#w1]   ✓ 2025-silver-sixpence-obv.webp
[13/192#w2]   ✓ 2025-britannia-six-coin-silver-proof-set-rev.webp
[13/192#w2] __RM_JSON__ /Users/mihail/Desktop/Нумизматика сайт/omonete-app/data/royal-mint-2025-britannia-six-coin-silver-proof-set.json
[13/192#w2] 
[13/192#w2] Готово: /Users/mihail/Desktop/Нумизматика сайт/omonete-app/data/royal-mint-2025-britannia-six-coin-silver-proof-set.json
[13/192#w2] Загрузка PDP: https://www.royalmint.com/britannia/commemorative/2025-britannia-six-coin-silver-proof-set
[13/192#w2] Классификация картинок: {
[13/192#w2]   "obverse": "https://www.royalmint.com/globalassets/_ecommerce/commemorative/launches/2025-launches/britannia-2025/product-images/br256s-2025-fortieth-ounce-britannia-uk-silver-proof-coin-obverse-edge-1500x1500-f3a2c67.jpg",
[13/192#w2]   "reverse": "https://www.royalmint.com/globalassets/_ecommerce/commemorative/launches/2025-launches/britannia-2025/product-images/br256s-2025-fortieth-ounce-britannia-uk-silver-proof-coin-reverse-edge-1500x1500-f3a2c67.jpg",
[13/192#w2]   "blister_obverse": null,
[13/192#w2]   "blister_reverse": null,
[13/192#w2]   "box": null,
[13/192#w2]   "certificate": null
[13/192#w2] }
[13/192#w2] 
[13/192#w2] ────────── Как увидеть монету на сайте (localhost) ──────────
[13/192#w2] Быстро (парсинг + public/data в один заход): npm run royal-mint:preview
[13/192#w2]   (или уже есть JSON: npx tsx scripts/royal-mint-to-public-catalog.ts "/Users/mihail/Desktop/Нумизматика сайт/omonete-app/data/royal-mint-2025-britannia-six-coin-silver-proof-set.json")
[13/192#w2] Потом: npm run dev → http://localhost:3000/coins/991001/ (или ROYAL_MINT_LOCAL_ID)
[13/192#w2] Картинки (если скачались): public/image/coins/foreign/ — пути уже в JSON монеты.
[13/192#w2] В БД: npm run royal-mint:import → npm run data:export (или data:export:incremental).

——— старт 15/192#w2 ———
https://www.royalmint.com/shop/limited-editions/200-years-of-the-modern-railway/200-years-of-the-modern-railway-2025-silver-proof-piedfort-coin
[14/192#w1]   ✓ 2025-silver-sixpence-rev.webp
[14/192#w1] __RM_JSON__ /Users/mihail/Desktop/Нумизматика сайт/omonete-app/data/royal-mint-2025-silver-sixpence.json
[14/192#w1] 
[14/192#w1] Готово: /Users/mihail/Desktop/Нумизматика сайт/omonete-app/data/royal-mint-2025-silver-sixpence.json
[14/192#w1] Загрузка PDP: https://www.royalmint.com/gifts/sixpence/2025-silver-sixpence
[14/192#w1] Классификация картинок: {
[14/192#w1]   "obverse": "https://www.royalmint.com/globalassets/_ecommerce/commemorative/launches/2025-launches/january-gifting-launch/product-images/the-2025-silver-sixpence-obverse-alt---uk25spsp-1500x1500-f3a2c67.jpg",
[14/192#w1]   "reverse": "https://www.royalmint.com/globalassets/_ecommerce/commemorative/launches/2025-launches/january-gifting-launch/product-images/the-2025-silver-sixpence-reverse---uk25spsp-1500x1500-f3a2c67.jpg",
[14/192#w1]   "blister_obverse": null,
[14/192#w1]   "blister_reverse": null,
[14/192#w1]   "box": null,
[14/192#w1]   "certificate": null
[14/192#w1] }
[14/192#w1] 
[14/192#w1] ────────── Как увидеть монету на сайте (localhost) ──────────
[14/192#w1] Быстро (парсинг + public/data в один заход): npm run royal-mint:preview
[14/192#w1]   (или уже есть JSON: npx tsx scripts/royal-mint-to-public-catalog.ts "/Users/mihail/Desktop/Нумизматика сайт/omonete-app/data/royal-mint-2025-silver-sixpence.json")
[14/192#w1] Потом: npm run dev → http://localhost:3000/coins/991001/ (или ROYAL_MINT_LOCAL_ID)
[14/192#w1] Картинки (если скачались): public/image/coins/foreign/ — пути уже в JSON монеты.
[14/192#w1] В БД: npm run royal-mint:import → npm run data:export (или data:export:incremental).

——— старт 16/192#w1 ———
https://www.royalmint.com/lunar/year-of-the-snake/lunar-year-of-the-snake-2025-1oz-silver-proof-coin
[15/192#w2] Блок характеристик: div.mod-section.specification — найден, полей в specs: 12
[15/192#w2]   ✓ 200-years-of-the-modern-railway-2025-silver-proof-piedfort-coin-obv.webp
[15/192#w2]   ✓ 200-years-of-the-modern-railway-2025-silver-proof-piedfort-coin-rev.webp
[15/192#w2]   ✓ 200-years-of-the-modern-railway-2025-silver-proof-piedfort-coin-cert.webp
[15/192#w2] __RM_JSON__ /Users/mihail/Desktop/Нумизматика сайт/omonete-app/data/royal-mint-200-years-of-the-modern-railway-2025-silver-proof-piedfort-coin.json
[15/192#w2] 
[15/192#w2] Готово: /Users/mihail/Desktop/Нумизматика сайт/omonete-app/data/royal-mint-200-years-of-the-modern-railway-2025-silver-proof-piedfort-coin.json
[15/192#w2] Загрузка PDP: https://www.royalmint.com/shop/limited-editions/200-years-of-the-modern-railway/200-years-of-the-modern-railway-2025-silver-proof-piedfort-coin
[15/192#w2] Классификация картинок: {
[15/192#w2]   "obverse": "https://www.royalmint.com/globalassets/_ecommerce/commemorative/launches/2025-launches/modern-railway/product-images/uk25ttpf---200-years-of-the-modern-railway-2025-uk-2-silver-proof-piedfort-coin-obverse-edge---1500x1500-f3a2c67.jpg",
[15/192#w2]   "reverse": "https://www.royalmint.com/globalassets/_ecommerce/commemorative/launches/2025-launches/modern-railway/product-images/uk25ttpf---200-years-of-the-modern-railway-2025-uk-2-silver-proof-piedfort-coin-reverse-edge---1500x1500-f3a2c67.jpg",
[15/192#w2]   "blister_obverse": null,
[15/192#w2]   "blister_reverse": null,
[15/192#w2]   "box": null,
[15/192#w2]   "certificate": "https://www.royalmint.com/globalassets/_ecommerce/commemorative/launches/2025-launches/modern-railway/product-images/uk25ttpf---200-years-of-the-modern-railway-2025-uk-2-silver-proof-piedfort-coin-case---1500x1500-f3a2c67.jpg"
[15/192#w2] }
[15/192#w2] 
[15/192#w2] ────────── Как увидеть монету на сайте (localhost) ──────────
[15/192#w2] Быстро (парсинг + public/data в один заход): npm run royal-mint:preview
[15/192#w2]   (или уже есть JSON: npx tsx scripts/royal-mint-to-public-catalog.ts "/Users/mihail/Desktop/Нумизматика сайт/omonete-app/data/royal-mint-200-years-of-the-modern-railway-2025-silver-proof-piedfort-coin.json")
[15/192#w2] Потом: npm run dev → http://localhost:3000/coins/991001/ (или ROYAL_MINT_LOCAL_ID)
[15/192#w2] Картинки (если скачались): public/image/coins/foreign/ — пути уже в JSON монеты.
[15/192#w2] В БД: npm run royal-mint:import → npm run data:export (или data:export:incremental).

——— старт 17/192#w2 ———
https://www.royalmint.com/lunar/year-of-the-snake/lunar-year-of-the-snake-2025-5oz-silver-proof-coin
[17/192#w2] Блок характеристик: div.mod-section.specification — найден, полей в specs: 11
[17/192#w2] __RM_JSON__ /Users/mihail/Desktop/Нумизматика сайт/omonete-app/data/royal-mint-lunar-year-of-the-snake-2025-5oz-silver-proof-coin.json
[17/192#w2] 
[17/192#w2] Готово: /Users/mihail/Desktop/Нумизматика сайт/omonete-app/data/royal-mint-lunar-year-of-the-snake-2025-5oz-silver-proof-coin.json
[17/192#w2] Загрузка PDP: https://www.royalmint.com/lunar/year-of-the-snake/lunar-year-of-the-snake-2025-5oz-silver-proof-coin
[17/192#w2] Классификация картинок: {
[17/192#w2]   "obverse": null,
[17/192#w2]   "reverse": null,
[17/192#w2]   "blister_obverse": null,
[17/192#w2]   "blister_reverse": null,
[17/192#w2]   "box": null,
[17/192#w2]   "certificate": null
[17/192#w2] }
[17/192#w2] 
[17/192#w2] ────────── Как увидеть монету на сайте (localhost) ──────────
[17/192#w2] Быстро (парсинг + public/data в один заход): npm run royal-mint:preview
[17/192#w2]   (или уже есть JSON: npx tsx scripts/royal-mint-to-public-catalog.ts "/Users/mihail/Desktop/Нумизматика сайт/omonete-app/data/royal-mint-lunar-year-of-the-snake-2025-5oz-silver-proof-coin.json")
[17/192#w2] Потом: npm run dev → http://localhost:3000/coins/991001/ (или ROYAL_MINT_LOCAL_ID)
[17/192#w2] Картинки (если скачались): public/image/coins/foreign/ — пути уже в JSON монеты.
[17/192#w2] В БД: npm run royal-mint:import → npm run data:export (или data:export:incremental).

——— старт 18/192#w2 ———
https://www.royalmint.com/shop/limited-editions/ve-day/the-80th-anniversary-of-ve-day-2025-50p-silver-proof-coin
[16/192#w1] Блок характеристик: div.mod-section.specification — найден, полей в specs: 11
[16/192#w1] __RM_JSON__ /Users/mihail/Desktop/Нумизматика сайт/omonete-app/data/royal-mint-lunar-year-of-the-snake-2025-1oz-silver-proof-coin.json
[16/192#w1] 
[16/192#w1] Готово: /Users/mihail/Desktop/Нумизматика сайт/omonete-app/data/royal-mint-lunar-year-of-the-snake-2025-1oz-silver-proof-coin.json
[16/192#w1] Загрузка PDP: https://www.royalmint.com/lunar/year-of-the-snake/lunar-year-of-the-snake-2025-1oz-silver-proof-coin
[16/192#w1] Классификация картинок: {
[16/192#w1]   "obverse": null,
[16/192#w1]   "reverse": null,
[16/192#w1]   "blister_obverse": null,
[16/192#w1]   "blister_reverse": null,
[16/192#w1]   "box": null,
[16/192#w1]   "certificate": null
[16/192#w1] }
[16/192#w1] 
[16/192#w1] ────────── Как увидеть монету на сайте (localhost) ──────────
[16/192#w1] Быстро (парсинг + public/data в один заход): npm run royal-mint:preview
[16/192#w1]   (или уже есть JSON: npx tsx scripts/royal-mint-to-public-catalog.ts "/Users/mihail/Desktop/Нумизматика сайт/omonete-app/data/royal-mint-lunar-year-of-the-snake-2025-1oz-silver-proof-coin.json")
[16/192#w1] Потом: npm run dev → http://localhost:3000/coins/991001/ (или ROYAL_MINT_LOCAL_ID)
[16/192#w1] Картинки (если скачались): public/image/coins/foreign/ — пути уже в JSON монеты.
[16/192#w1] В БД: npm run royal-mint:import → npm run data:export (или data:export:incremental).

——— старт 19/192#w1 ———
https://www.royalmint.com/shop/limited-editions/stories-of-the-second-world-war/stories-of-the-second-world-war-2025-50p-silver-proof-coin
[18/192#w2] Блок характеристик: div.mod-section.specification — найден, полей в specs: 10
[18/192#w2]   ✓ the-80th-anniversary-of-ve-day-2025-50p-silver-proof-coin-obv.webp
[18/192#w2]   ✓ the-80th-anniversary-of-ve-day-2025-50p-silver-proof-coin-rev.webp
[18/192#w2]   ✓ the-80th-anniversary-of-ve-day-2025-50p-silver-proof-coin-cert.webp
[18/192#w2] __RM_JSON__ /Users/mihail/Desktop/Нумизматика сайт/omonete-app/data/royal-mint-the-80th-anniversary-of-ve-day-2025-50p-silver-proof-coin.json
[18/192#w2] 
[18/192#w2] Готово: /Users/mihail/Desktop/Нумизматика сайт/omonete-app/data/royal-mint-the-80th-anniversary-of-ve-day-2025-50p-silver-proof-coin.json
[18/192#w2] Загрузка PDP: https://www.royalmint.com/shop/limited-editions/ve-day/the-80th-anniversary-of-ve-day-2025-50p-silver-proof-coin
[18/192#w2] Классификация картинок: {
[18/192#w2]   "obverse": "https://www.royalmint.com/globalassets/_ecommerce/commemorative/launches/2025-launches/ve-day/product-images/uk25vesp-t80th-anniversary-of-ve-day-2025-uk-50p-silver-proof-coin-reverse-with-edge-1500x1500-f3a2c67.jpg",
[18/192#w2]   "reverse": "https://www.royalmint.com/globalassets/_ecommerce/commemorative/launches/2025-launches/ve-day/product-images/uk25vesp-t80th-anniversary-of-ve-day-2025-uk-50p-silver-proof-coin-reverse-with-edge-1500x1500-f3a2c67.jpg",
[18/192#w2]   "blister_obverse": null,
[18/192#w2]   "blister_reverse": null,
[18/192#w2]   "box": null,
[18/192#w2]   "certificate": "https://www.royalmint.com/globalassets/_ecommerce/commemorative/launches/2025-launches/ve-day/product-images/uk25vesp---the-80th-anniversary-of-ve-day-2025-uk-50p-silver-proof-coin-case-1500x1500-f3a2c67.jpg"
[18/192#w2] }
[18/192#w2] 
[18/192#w2] ────────── Как увидеть монету на сайте (localhost) ──────────
[18/192#w2] Быстро (парсинг + public/data в один заход): npm run royal-mint:preview
[18/192#w2]   (или уже есть JSON: npx tsx scripts/royal-mint-to-public-catalog.ts "/Users/mihail/Desktop/Нумизматика сайт/omonete-app/data/royal-mint-the-80th-anniversary-of-ve-day-2025-50p-silver-proof-coin.json")
[18/192#w2] Потом: npm run dev → http://localhost:3000/coins/991001/ (или ROYAL_MINT_LOCAL_ID)
[18/192#w2] Картинки (если скачались): public/image/coins/foreign/ — пути уже в JSON монеты.
[18/192#w2] В БД: npm run royal-mint:import → npm run data:export (или data:export:incremental).

——— старт 20/192#w2 ———
https://www.royalmint.com/britannia/commemorative/2025-britannia-5oz-silver-proof-coin
[19/192#w1] Блок характеристик: div.mod-section.specification — найден, полей в specs: 10
[19/192#w1]   ✓ stories-of-the-second-world-war-2025-50p-silver-proof-coin-obv.webp
[19/192#w1]   ✓ stories-of-the-second-world-war-2025-50p-silver-proof-coin-rev.webp
[19/192#w1]   ✓ stories-of-the-second-world-war-2025-50p-silver-proof-coin-box.webp
[19/192#w1] __RM_JSON__ /Users/mihail/Desktop/Нумизматика сайт/omonete-app/data/royal-mint-stories-of-the-second-world-war-2025-50p-silver-proof-coin.json
[19/192#w1] 
[19/192#w1] Готово: /Users/mihail/Desktop/Нумизматика сайт/omonete-app/data/royal-mint-stories-of-the-second-world-war-2025-50p-silver-proof-coin.json
[19/192#w1] Загрузка PDP: https://www.royalmint.com/shop/limited-editions/stories-of-the-second-world-war/stories-of-the-second-world-war-2025-50p-silver-proof-coin
[19/192#w1] Классификация картинок: {
[19/192#w1]   "obverse": "https://www.royalmint.com/globalassets/_ecommerce/commemorative/launches/2025-launches/stories-of-ww2/product-images/d25sp---the-2025-united-kingdom-silver-proof-coin-set---stories-of-the-second-world-war-2025-uk-50p-coin-obverse-edge-1500x1500-f3a2c67.jpg",
[19/192#w1]   "reverse": "https://www.royalmint.com/globalassets/_ecommerce/commemorative/launches/2025-launches/stories-of-ww2/product-images/d25sp---the-2025-united-kingdom-silver-proof-coin-set---stories-of-the-second-world-war-2025-uk-50p-coin-reverse-edge-1500x1500-f3a2c67.jpg",
[19/192#w1]   "blister_obverse": null,
[19/192#w1]   "blister_reverse": null,
[19/192#w1]   "box": "https://www.royalmint.com/globalassets/_ecommerce/commemorative/launches/2025-launches/stories-of-ww2/product-images/uk25sws-stories-of-the-second-world-war-2025-uk-50p-silver-proof-coin-case-left-1500x1500-f3a2c67.jpg",
[19/192#w1]   "certificate": null
[19/192#w1] }
[19/192#w1] 
[19/192#w1] ────────── Как увидеть монету на сайте (localhost) ──────────
[19/192#w1] Быстро (парсинг + public/data в один заход): npm run royal-mint:preview
[19/192#w1]   (или уже есть JSON: npx tsx scripts/royal-mint-to-public-catalog.ts "/Users/mihail/Desktop/Нумизматика сайт/omonete-app/data/royal-mint-stories-of-the-second-world-war-2025-50p-silver-proof-coin.json")
[19/192#w1] Потом: npm run dev → http://localhost:3000/coins/991001/ (или ROYAL_MINT_LOCAL_ID)
[19/192#w1] Картинки (если скачались): public/image/coins/foreign/ — пути уже в JSON монеты.
[19/192#w1] В БД: npm run royal-mint:import → npm run data:export (или data:export:incremental).

——— старт 21/192#w1 ———
https://www.royalmint.com/shop/limited-editions/150-years-of-liberty/150-years-of-liberty-2025-silver-proof-colour-coin
[20/192#w2] Блок характеристик: div.mod-section.specification — найден, полей в specs: 11
[20/192#w2]   ✓ 2025-britannia-5oz-silver-proof-coin-obv.webp
[20/192#w2]   ✓ 2025-britannia-5oz-silver-proof-coin-rev.webp
[20/192#w2]   ✓ 2025-britannia-5oz-silver-proof-coin-box.webp
[20/192#w2] __RM_JSON__ /Users/mihail/Desktop/Нумизматика сайт/omonete-app/data/royal-mint-2025-britannia-5oz-silver-proof-coin.json
[20/192#w2] 
[20/192#w2] Готово: /Users/mihail/Desktop/Нумизматика сайт/omonete-app/data/royal-mint-2025-britannia-5oz-silver-proof-coin.json
[20/192#w2] Загрузка PDP: https://www.royalmint.com/britannia/commemorative/2025-britannia-5oz-silver-proof-coin
[20/192#w2] Классификация картинок: {
[20/192#w2]   "obverse": "https://www.royalmint.com/globalassets/_ecommerce/commemorative/launches/2025-launches/britannia-2025/product-images/br25s5-2025-britannia-uk-5oz-silver-proof-coin-obverse-edge-1500x1500-f3a2c67.jpg",
[20/192#w2]   "reverse": "https://www.royalmint.com/globalassets/_ecommerce/commemorative/launches/2025-launches/britannia-2025/product-images/br25s5-2025-britannia-uk-5oz-silver-proof-coin-reverse-edge-1500x1500-f3a2c67.jpg",
[20/192#w2]   "blister_obverse": null,
[20/192#w2]   "blister_reverse": null,
[20/192#w2]   "box": "https://www.royalmint.com/globalassets/_ecommerce/commemorative/launches/2025-launches/britannia-2025/product-images/br25s5-2025-britannia-uk-5oz-silver-proof-coin-case-left-1500x1500-f3a2c67.jpg",
[20/192#w2]   "certificate": null
[20/192#w2] }
[20/192#w2] 
[20/192#w2] ────────── Как увидеть монету на сайте (localhost) ──────────
[20/192#w2] Быстро (парсинг + public/data в один заход): npm run royal-mint:preview
[20/192#w2]   (или уже есть JSON: npx tsx scripts/royal-mint-to-public-catalog.ts "/Users/mihail/Desktop/Нумизматика сайт/omonete-app/data/royal-mint-2025-britannia-5oz-silver-proof-coin.json")
[20/192#w2] Потом: npm run dev → http://localhost:3000/coins/991001/ (или ROYAL_MINT_LOCAL_ID)
[20/192#w2] Картинки (если скачались): public/image/coins/foreign/ — пути уже в JSON монеты.
[20/192#w2] В БД: npm run royal-mint:import → npm run data:export (или data:export:incremental).

——— старт 22/192#w2 ———
https://www.royalmint.com/gifts/2025-baby-silver-penny
[21/192#w1] Блок характеристик: div.mod-section.specification — найден, полей в specs: 11
[21/192#w1]   ✓ 150-years-of-liberty-2025-silver-proof-colour-coin-obv.webp
[21/192#w1]   ✓ 150-years-of-liberty-2025-silver-proof-colour-coin-rev.webp
[21/192#w1] __RM_JSON__ /Users/mihail/Desktop/Нумизматика сайт/omonete-app/data/royal-mint-150-years-of-liberty-2025-silver-proof-colour-coin.json
[21/192#w1] 
[21/192#w1] Готово: /Users/mihail/Desktop/Нумизматика сайт/omonete-app/data/royal-mint-150-years-of-liberty-2025-silver-proof-colour-coin.json
[21/192#w1] Загрузка PDP: https://www.royalmint.com/shop/limited-editions/150-years-of-liberty/150-years-of-liberty-2025-silver-proof-colour-coin
[21/192#w1] Классификация картинок: {
[21/192#w1]   "obverse": "https://www.royalmint.com/globalassets/_ecommerce/commemorative/launches/2025-launches/liberty-london/product-images/uk25llsp---150-years-of-liberty-2025-gbp5-silver-proof-colour-coin-obverse-edge-1500x1500-f3a2c67.jpg",
[21/192#w1]   "reverse": "https://www.royalmint.com/globalassets/_ecommerce/commemorative/launches/2025-launches/liberty-london/product-images/uk25llsp---150-years-of-liberty-2025-gbp5-silver-proof-colour-coin-reverse-edge-1500x1500-f3a2c67.jpg",
[21/192#w1]   "blister_obverse": null,
[21/192#w1]   "blister_reverse": null,
[21/192#w1]   "box": null,
[21/192#w1]   "certificate": null
[21/192#w1] }
[21/192#w1] 
[21/192#w1] ────────── Как увидеть монету на сайте (localhost) ──────────
[21/192#w1] Быстро (парсинг + public/data в один заход): npm run royal-mint:preview
[21/192#w1]   (или уже есть JSON: npx tsx scripts/royal-mint-to-public-catalog.ts "/Users/mihail/Desktop/Нумизматика сайт/omonete-app/data/royal-mint-150-years-of-liberty-2025-silver-proof-colour-coin.json")
[21/192#w1] Потом: npm run dev → http://localhost:3000/coins/991001/ (или ROYAL_MINT_LOCAL_ID)
[21/192#w1] Картинки (если скачались): public/image/coins/foreign/ — пути уже в JSON монеты.
[21/192#w1] В БД: npm run royal-mint:import → npm run data:export (или data:export:incremental).

——— старт 23/192#w1 ———
https://www.royalmint.com/shop/limited-editions/music-legends/iron-maiden/iron-maiden-2025-2oz-silver-proof-coin
[22/192#w2] Блок характеристик: div.mod-section.specification — найден, полей в specs: 9
[22/192#w2]   ✓ 2025-baby-silver-penny-obv.webp
[22/192#w2]   ✓ 2025-baby-silver-penny-rev.webp
[22/192#w2] __RM_JSON__ /Users/mihail/Desktop/Нумизматика сайт/omonete-app/data/royal-mint-2025-baby-silver-penny.json
[22/192#w2] 
[22/192#w2] Готово: /Users/mihail/Desktop/Нумизматика сайт/omonete-app/data/royal-mint-2025-baby-silver-penny.json
[22/192#w2] Загрузка PDP: https://www.royalmint.com/gifts/2025-baby-silver-penny
[22/192#w2] Классификация картинок: {
[22/192#w2]   "obverse": "https://www.royalmint.com/globalassets/_ecommerce/commemorative/launches/2025-launches/january-gifting-launch/product-images/uk25pgb---2025-baby-silver-penny-obverse-1500x1500-f3a2c67.jpg",
[22/192#w2]   "reverse": "https://www.royalmint.com/globalassets/_ecommerce/commemorative/launches/2025-launches/january-gifting-launch/product-images/uk25pgb---2025-baby-silver-penny-reverse-1500x1500-f3a2c67.jpg",
[22/192#w2]   "blister_obverse": null,
[22/192#w2]   "blister_reverse": null,
[22/192#w2]   "box": null,
[22/192#w2]   "certificate": null
[22/192#w2] }
[22/192#w2] 
[22/192#w2] ────────── Как увидеть монету на сайте (localhost) ──────────
[22/192#w2] Быстро (парсинг + public/data в один заход): npm run royal-mint:preview
[22/192#w2]   (или уже есть JSON: npx tsx scripts/royal-mint-to-public-catalog.ts "/Users/mihail/Desktop/Нумизматика сайт/omonete-app/data/royal-mint-2025-baby-silver-penny.json")
[22/192#w2] Потом: npm run dev → http://localhost:3000/coins/991001/ (или ROYAL_MINT_LOCAL_ID)
[22/192#w2] Картинки (если скачались): public/image/coins/foreign/ — пути уже в JSON монеты.
[22/192#w2] В БД: npm run royal-mint:import → npm run data:export (или data:export:incremental).

——— старт 24/192#w2 ———
https://www.royalmint.com/shop/limited-editions/200-years-of-the-modern-railway/200-years-of-the-modern-railway-2025-silver-proof-coin
[23/192#w1] Блок характеристик: div.mod-section.specification — найден, полей в specs: 11
[23/192#w1]   ✓ iron-maiden-2025-2oz-silver-proof-coin-obv.webp
[23/192#w1]   ✓ iron-maiden-2025-2oz-silver-proof-coin-rev.webp
[23/192#w1] __RM_JSON__ /Users/mihail/Desktop/Нумизматика сайт/omonete-app/data/royal-mint-iron-maiden-2025-2oz-silver-proof-coin.json
[23/192#w1] 
[23/192#w1] Готово: /Users/mihail/Desktop/Нумизматика сайт/omonete-app/data/royal-mint-iron-maiden-2025-2oz-silver-proof-coin.json
[23/192#w1] Загрузка PDP: https://www.royalmint.com/shop/limited-editions/music-legends/iron-maiden/iron-maiden-2025-2oz-silver-proof-coin
[23/192#w1] Классификация картинок: {
[23/192#w1]   "obverse": "https://www.royalmint.com/globalassets/_ecommerce/commemorative/launches/2025-launches/iron-maiden/product-images/uk25im2s---iron-maiden-2025-uk-2oz-silver-proof-coin-obverse-shadow-flat-1500x1500-f3a2c67.jpg",
[23/192#w1]   "reverse": "https://www.royalmint.com/globalassets/_ecommerce/commemorative/launches/2025-launches/iron-maiden/product-images/uk25im2s---iron-maiden-2025-uk-2oz-silver-proof-coin-reverse-case-1500x1500-f3a2c67.jpg",
[23/192#w1]   "blister_obverse": null,
[23/192#w1]   "blister_reverse": null,
[23/192#w1]   "box": null,
[23/192#w1]   "certificate": null
[23/192#w1] }
[23/192#w1] 
[23/192#w1] ────────── Как увидеть монету на сайте (localhost) ──────────
[23/192#w1] Быстро (парсинг + public/data в один заход): npm run royal-mint:preview
[23/192#w1]   (или уже есть JSON: npx tsx scripts/royal-mint-to-public-catalog.ts "/Users/mihail/Desktop/Нумизматика сайт/omonete-app/data/royal-mint-iron-maiden-2025-2oz-silver-proof-coin.json")
[23/192#w1] Потом: npm run dev → http://localhost:3000/coins/991001/ (или ROYAL_MINT_LOCAL_ID)
[23/192#w1] Картинки (если скачались): public/image/coins/foreign/ — пути уже в JSON монеты.
[23/192#w1] В БД: npm run royal-mint:import → npm run data:export (или data:export:incremental).

——— старт 25/192#w1 ———
https://www.royalmint.com/invest/bullion/bullion-coins/silver-coins/merlin-2025-10oz-bullion-coin
[24/192#w2] Блок характеристик: div.mod-section.specification — найден, полей в specs: 12
[24/192#w2]   ✓ 200-years-of-the-modern-railway-2025-silver-proof-coin-obv.webp
[24/192#w2]   ✓ 200-years-of-the-modern-railway-2025-silver-proof-coin-rev.webp
[24/192#w2]   ✓ 200-years-of-the-modern-railway-2025-silver-proof-coin-cert.webp
[24/192#w2] __RM_JSON__ /Users/mihail/Desktop/Нумизматика сайт/omonete-app/data/royal-mint-200-years-of-the-modern-railway-2025-silver-proof-coin.json
[24/192#w2] 
[24/192#w2] Готово: /Users/mihail/Desktop/Нумизматика сайт/omonete-app/data/royal-mint-200-years-of-the-modern-railway-2025-silver-proof-coin.json
[24/192#w2] Загрузка PDP: https://www.royalmint.com/shop/limited-editions/200-years-of-the-modern-railway/200-years-of-the-modern-railway-2025-silver-proof-coin
[24/192#w2] Классификация картинок: {
[24/192#w2]   "obverse": "https://www.royalmint.com/globalassets/_ecommerce/commemorative/launches/2025-launches/modern-railway/product-images/uk25ttsp---200-years-of-the-modern-railway-2025-uk-gbp2-silver-proof-coin-obverse-edge---1500x1500-f3a2c67.jpg",
[24/192#w2]   "reverse": "https://www.royalmint.com/globalassets/_ecommerce/commemorative/launches/2025-launches/modern-railway/product-images/uk25ttsp---200-years-of-the-modern-railway-2025-uk-gbp2-silver-proof-coin-reverse-edge---1500x1500-f3a2c67.jpg",
[24/192#w2]   "blister_obverse": null,
[24/192#w2]   "blister_reverse": null,
[24/192#w2]   "box": null,
[24/192#w2]   "certificate": "https://www.royalmint.com/globalassets/_ecommerce/commemorative/launches/2025-launches/modern-railway/product-images/uk25ttsp---200-years-of-the-modern-railway-2025-uk-gbp2-silver-proof-coin-case---1500x1500-f3a2c67.jpg"
[24/192#w2] }
[24/192#w2] 
[24/192#w2] ────────── Как увидеть монету на сайте (localhost) ──────────
[24/192#w2] Быстро (парсинг + public/data в один заход): npm run royal-mint:preview
[24/192#w2]   (или уже есть JSON: npx tsx scripts/royal-mint-to-public-catalog.ts "/Users/mihail/Desktop/Нумизматика сайт/omonete-app/data/royal-mint-200-years-of-the-modern-railway-2025-silver-proof-coin.json")
[24/192#w2] Потом: npm run dev → http://localhost:3000/coins/991001/ (или ROYAL_MINT_LOCAL_ID)
[24/192#w2] Картинки (если скачались): public/image/coins/foreign/ — пути уже в JSON монеты.
[24/192#w2] В БД: npm run royal-mint:import → npm run data:export (или data:export:incremental).

——— старт 26/192#w2 ———
https://www.royalmint.com/gifts/sixpence/2024-silver-sixpence
[25/192#w1] Блок характеристик: div.mod-section.specification — найден, полей в specs: 11
[25/192#w1]   ✓ merlin-2025-10oz-bullion-coin-obv.webp
[25/192#w1]   ✓ merlin-2025-10oz-bullion-coin-rev.webp
[25/192#w1]   ✓ merlin-2025-10oz-bullion-coin-blister-rev.webp
[25/192#w1] __RM_JSON__ /Users/mihail/Desktop/Нумизматика сайт/omonete-app/data/royal-mint-merlin-2025-10oz-bullion-coin.json
[25/192#w1] 
[25/192#w1] Готово: /Users/mihail/Desktop/Нумизматика сайт/omonete-app/data/royal-mint-merlin-2025-10oz-bullion-coin.json
[25/192#w1] Загрузка PDP: https://www.royalmint.com/invest/bullion/bullion-coins/silver-coins/merlin-2025-10oz-bullion-coin
[25/192#w1] Классификация картинок: {
[25/192#w1]   "obverse": "https://www.royalmint.com/globalassets/_ecommerce/invest/launches/2026/britannia/products/silver-1-oz/bb26s1c---2026-bullion-britannia-1oz-silver-reverse-tube.jpg",
[25/192#w1]   "reverse": "https://www.royalmint.com/globalassets/_ecommerce/invest/launches/2026/britannia/products/silver-1-oz/bb26s1c---2026-bullion-britannia-1oz-silver-reverse-tube.jpg",
[25/192#w1]   "blister_obverse": null,
[25/192#w1]   "blister_reverse": "https://www.royalmint.com/globalassets/_ecommerce/invest/launches/2026/britannia/products/silver-1-oz/bb26s1c---2026-bullion-britannia-1oz-silver-reverse-capsule.jpg",
[25/192#w1]   "box": null,
[25/192#w1]   "certificate": null
[25/192#w1] }
[25/192#w1] 
[25/192#w1] ────────── Как увидеть монету на сайте (localhost) ──────────
[25/192#w1] Быстро (парсинг + public/data в один заход): npm run royal-mint:preview
[25/192#w1]   (или уже есть JSON: npx tsx scripts/royal-mint-to-public-catalog.ts "/Users/mihail/Desktop/Нумизматика сайт/omonete-app/data/royal-mint-merlin-2025-10oz-bullion-coin.json")
[25/192#w1] Потом: npm run dev → http://localhost:3000/coins/991001/ (или ROYAL_MINT_LOCAL_ID)
[25/192#w1] Картинки (если скачались): public/image/coins/foreign/ — пути уже в JSON монеты.
[25/192#w1] В БД: npm run royal-mint:import → npm run data:export (или data:export:incremental).

——— старт 27/192#w1 ———
https://www.royalmint.com/shop/limited-editions/george-orwell/george-orwell-2025-2-pound-silver-proof-coin
[26/192#w2] Блок характеристик: div.mod-section.specification — найден, полей в specs: 10
[27/192#w1] Блок характеристик: div.mod-section.specification — найден, полей в specs: 12
[26/192#w2]   ✓ 2024-silver-sixpence-obv.webp
[26/192#w2]   ✓ 2024-silver-sixpence-rev.webp
[26/192#w2] __RM_JSON__ /Users/mihail/Desktop/Нумизматика сайт/omonete-app/data/royal-mint-2024-silver-sixpence.json
[26/192#w2] 
[26/192#w2] Готово: /Users/mihail/Desktop/Нумизматика сайт/omonete-app/data/royal-mint-2024-silver-sixpence.json
[26/192#w2] Загрузка PDP: https://www.royalmint.com/gifts/sixpence/2024-silver-sixpence
[26/192#w2] Классификация картинок: {
[26/192#w2]   "obverse": "https://www.royalmint.com/globalassets/_ecommerce/commemorative/launches/2024-launches/sixpence/product-images/uk24wssp---2024-wedding-silver-sixpence-obverse-1500x1500-f3a2c67.jpg",
[26/192#w2]   "reverse": "https://www.royalmint.com/globalassets/_ecommerce/commemorative/launches/2024-launches/sixpence/product-images/uk24chsp---2024-christmas-silver-sixpence-reverse-in-pack--1500x1500-f3a2c67.jpg",
[26/192#w2]   "blister_obverse": null,
[26/192#w2]   "blister_reverse": null,
[26/192#w2]   "box": null,
[26/192#w2]   "certificate": null
[26/192#w2] }
[26/192#w2] 
[26/192#w2] ────────── Как увидеть монету на сайте (localhost) ──────────
[26/192#w2] Быстро (парсинг + public/data в один заход): npm run royal-mint:preview
[26/192#w2]   (или уже есть JSON: npx tsx scripts/royal-mint-to-public-catalog.ts "/Users/mihail/Desktop/Нумизматика сайт/omonete-app/data/royal-mint-2024-silver-sixpence.json")
[26/192#w2] Потом: npm run dev → http://localhost:3000/coins/991001/ (или ROYAL_MINT_LOCAL_ID)
[26/192#w2] Картинки (если скачались): public/image/coins/foreign/ — пути уже в JSON монеты.
[26/192#w2] В БД: npm run royal-mint:import → npm run data:export (или data:export:incremental).

——— старт 28/192#w2 ———
https://www.royalmint.com/the-royal-tudor-beasts/the-queens-panther/the-queens-panther-2025-10oz-silver-proof-coin
[27/192#w1]   ✓ george-orwell-2025-2-pound-silver-proof-coin-obv.webp
[27/192#w1]   ✓ george-orwell-2025-2-pound-silver-proof-coin-rev.webp
[27/192#w1] __RM_JSON__ /Users/mihail/Desktop/Нумизматика сайт/omonete-app/data/royal-mint-george-orwell-2025-2-pound-silver-proof-coin.json
[27/192#w1] 
[27/192#w1] Готово: /Users/mihail/Desktop/Нумизматика сайт/omonete-app/data/royal-mint-george-orwell-2025-2-pound-silver-proof-coin.json
[27/192#w1] Загрузка PDP: https://www.royalmint.com/shop/limited-editions/george-orwell/george-orwell-2025-2-pound-silver-proof-coin
[27/192#w1] Классификация картинок: {
[27/192#w1]   "obverse": "https://www.royalmint.com/globalassets/_ecommerce/commemorative/launches/2025-launches/george-orwell/product-images/uk25gos---george-orwell-2025-uk-gbp2-silver-proof-coin-obverse-1500x1500-f3a2c67.jpg",
[27/192#w1]   "reverse": "https://www.royalmint.com/globalassets/_ecommerce/commemorative/launches/2025-launches/george-orwell/product-images/uk25gos---george-orwell-2025-uk-gbp2-silver-proof-coin-reverse-1500x1500-f3a2c67.jpg",
[27/192#w1]   "blister_obverse": null,
[27/192#w1]   "blister_reverse": null,
[27/192#w1]   "box": null,
[27/192#w1]   "certificate": null
[27/192#w1] }
[27/192#w1] 
[27/192#w1] ────────── Как увидеть монету на сайте (localhost) ──────────
[27/192#w1] Быстро (парсинг + public/data в один заход): npm run royal-mint:preview
[27/192#w1]   (или уже есть JSON: npx tsx scripts/royal-mint-to-public-catalog.ts "/Users/mihail/Desktop/Нумизматика сайт/omonete-app/data/royal-mint-george-orwell-2025-2-pound-silver-proof-coin.json")
[27/192#w1] Потом: npm run dev → http://localhost:3000/coins/991001/ (или ROYAL_MINT_LOCAL_ID)
[27/192#w1] Картинки (если скачались): public/image/coins/foreign/ — пути уже в JSON монеты.
[27/192#w1] В БД: npm run royal-mint:import → npm run data:export (или data:export:incremental).

——— старт 29/192#w1 ———
https://www.royalmint.com/the-royal-tudor-beasts/the-queens-panther/the-queens-panther-2025-1oz-silver-proof-coin
[28/192#w2] Блок характеристик: div.mod-section.specification — найден, полей в specs: 11
[28/192#w2]   ✓ the-queens-panther-2025-10oz-silver-proof-coin-obv.webp
[29/192#w1] Блок характеристик: div.mod-section.specification — найден, полей в specs: 12
[28/192#w2]   ✓ the-queens-panther-2025-10oz-silver-proof-coin-rev.webp
[28/192#w2]   ✓ the-queens-panther-2025-10oz-silver-proof-coin-box.webp
[28/192#w2] __RM_JSON__ /Users/mihail/Desktop/Нумизматика сайт/omonete-app/data/royal-mint-the-queens-panther-2025-10oz-silver-proof-coin.json
[28/192#w2] 
[28/192#w2] Готово: /Users/mihail/Desktop/Нумизматика сайт/omonete-app/data/royal-mint-the-queens-panther-2025-10oz-silver-proof-coin.json
[28/192#w2] Загрузка PDP: https://www.royalmint.com/the-royal-tudor-beasts/the-queens-panther/the-queens-panther-2025-10oz-silver-proof-coin
[28/192#w2] Классификация картинок: {
[28/192#w2]   "obverse": "https://www.royalmint.com/globalassets/_ecommerce/commemorative/launches/2024-launches/queens-panther/product-images/10oz-silver/uk25qpst-tthe-royal-tudor-beasts-the-queens-panther-2025-uk-10oz-silver-proof-coin-obverse-edge-1500x1500-f3a2c67.jpg",
[28/192#w2]   "reverse": "https://www.royalmint.com/globalassets/_ecommerce/commemorative/launches/2024-launches/queens-panther/product-images/10oz-silver/uk25qpst-tthe-royal-tudor-beasts-the-queens-panther-2025-uk-10oz-silver-proof-coin-reverse-edge-1500x1500-f3a2c67.jpg",
[28/192#w2]   "blister_obverse": null,
[28/192#w2]   "blister_reverse": null,
[28/192#w2]   "box": "https://www.royalmint.com/globalassets/_ecommerce/commemorative/launches/2024-launches/queens-panther/product-images/10oz-silver/uk25qpst-tthe-royal-tudor-beasts-the-queens-panther-2025-uk-10oz-silver-proof-coin-case-left-1500x1500-f3a2c67.jpg",
[28/192#w2]   "certificate": null
[28/192#w2] }
[28/192#w2] 
[28/192#w2] ────────── Как увидеть монету на сайте (localhost) ──────────
[28/192#w2] Быстро (парсинг + public/data в один заход): npm run royal-mint:preview
[28/192#w2]   (или уже есть JSON: npx tsx scripts/royal-mint-to-public-catalog.ts "/Users/mihail/Desktop/Нумизматика сайт/omonete-app/data/royal-mint-the-queens-panther-2025-10oz-silver-proof-coin.json")
[28/192#w2] Потом: npm run dev → http://localhost:3000/coins/991001/ (или ROYAL_MINT_LOCAL_ID)
[28/192#w2] Картинки (если скачались): public/image/coins/foreign/ — пути уже в JSON монеты.
[28/192#w2] В БД: npm run royal-mint:import → npm run data:export (или data:export:incremental).

——— старт 30/192#w2 ———
https://www.royalmint.com/shop/limited-editions/red-arrows/red-arrows-2025-50p-silver-proof-colour-coin
[29/192#w1]   ✓ the-queens-panther-2025-1oz-silver-proof-coin-obv.webp
[29/192#w1]   ✓ the-queens-panther-2025-1oz-silver-proof-coin-rev.webp
[29/192#w1]   ✓ the-queens-panther-2025-1oz-silver-proof-coin-box.webp
[29/192#w1] __RM_JSON__ /Users/mihail/Desktop/Нумизматика сайт/omonete-app/data/royal-mint-the-queens-panther-2025-1oz-silver-proof-coin.json
[29/192#w1] 
[29/192#w1] Готово: /Users/mihail/Desktop/Нумизматика сайт/omonete-app/data/royal-mint-the-queens-panther-2025-1oz-silver-proof-coin.json
[29/192#w1] Загрузка PDP: https://www.royalmint.com/the-royal-tudor-beasts/the-queens-panther/the-queens-panther-2025-1oz-silver-proof-coin
[29/192#w1] Классификация картинок: {
[29/192#w1]   "obverse": "https://www.royalmint.com/globalassets/_ecommerce/commemorative/launches/2024-launches/queens-panther/product-images/1oz-silver/uk25qpsp-the-royal-tudor-beasts-the-queens-panther-2025-uk-1oz-silver-proof-coin-obverse-edge-1500x1500-f3a2c67.jpg",
[29/192#w1]   "reverse": "https://www.royalmint.com/globalassets/_ecommerce/commemorative/launches/2024-launches/queens-panther/product-images/1oz-silver/uk25qpsp-the-royal-tudor-beasts-the-queens-panther-2025-uk-1oz-silver-proof-coin-reverse-edge-1500x1500-f3a2c67.jpg",
[29/192#w1]   "blister_obverse": null,
[29/192#w1]   "blister_reverse": null,
[29/192#w1]   "box": "https://www.royalmint.com/globalassets/_ecommerce/commemorative/launches/2024-launches/queens-panther/product-images/1oz-silver/uk25qpsp-tthe-royal-tudor-beasts-the-queens-panther-2025-uk-1oz-silver-proof-coin-case-left-1500x1500-f3a2c67.jpg",
[29/192#w1]   "certificate": null
[29/192#w1] }
[29/192#w1] 
[29/192#w1] ────────── Как увидеть монету на сайте (localhost) ──────────
[29/192#w1] Быстро (парсинг + public/data в один заход): npm run royal-mint:preview
[29/192#w1]   (или уже есть JSON: npx tsx scripts/royal-mint-to-public-catalog.ts "/Users/mihail/Desktop/Нумизматика сайт/omonete-app/data/royal-mint-the-queens-panther-2025-1oz-silver-proof-coin.json")
[29/192#w1] Потом: npm run dev → http://localhost:3000/coins/991001/ (или ROYAL_MINT_LOCAL_ID)
[29/192#w1] Картинки (если скачались): public/image/coins/foreign/ — пути уже в JSON монеты.
[29/192#w1] В БД: npm run royal-mint:import → npm run data:export (или data:export:incremental).

——— старт 31/192#w1 ———
https://www.royalmint.com/shop/limited-editions/hms-belfast/hms-belfast-2025-uk-2-pound-silver-proof-coin
[30/192#w2] Блок характеристик: div.mod-section.specification — найден, полей в specs: 10
[30/192#w2]   ✓ red-arrows-2025-50p-silver-proof-colour-coin-obv.webp
[30/192#w2]   ✓ red-arrows-2025-50p-silver-proof-colour-coin-rev.webp
[30/192#w2] __RM_JSON__ /Users/mihail/Desktop/Нумизматика сайт/omonete-app/data/royal-mint-red-arrows-2025-50p-silver-proof-colour-coin.json
[30/192#w2] 
[30/192#w2] Готово: /Users/mihail/Desktop/Нумизматика сайт/omonete-app/data/royal-mint-red-arrows-2025-50p-silver-proof-colour-coin.json
[30/192#w2] Загрузка PDP: https://www.royalmint.com/shop/limited-editions/red-arrows/red-arrows-2025-50p-silver-proof-colour-coin
[30/192#w2] Классификация картинок: {
[30/192#w2]   "obverse": "https://www.royalmint.com/globalassets/_ecommerce/commemorative/launches/2025-launches/red-arrows/product-images/uk25raspc-the-red-arrows-2025-uk-50p-silver-proof-colour-coin-obverse-edge-1500x1500-f3a2c67.jpg",
[30/192#w2]   "reverse": "https://www.royalmint.com/globalassets/_ecommerce/commemorative/launches/2025-launches/red-arrows/product-images/uk25raspc-the-red-arrows-2025-uk-50p-silver-proof-colour-coin-reverse-edge-1500x1500-f3a2c67.jpg",
[30/192#w2]   "blister_obverse": null,
[30/192#w2]   "blister_reverse": null,
[30/192#w2]   "box": null,
[30/192#w2]   "certificate": null
[30/192#w2] }
[30/192#w2] 
[30/192#w2] ────────── Как увидеть монету на сайте (localhost) ──────────
[30/192#w2] Быстро (парсинг + public/data в один заход): npm run royal-mint:preview
[30/192#w2]   (или уже есть JSON: npx tsx scripts/royal-mint-to-public-catalog.ts "/Users/mihail/Desktop/Нумизматика сайт/omonete-app/data/royal-mint-red-arrows-2025-50p-silver-proof-colour-coin.json")
[30/192#w2] Потом: npm run dev → http://localhost:3000/coins/991001/ (или ROYAL_MINT_LOCAL_ID)
[30/192#w2] Картинки (если скачались): public/image/coins/foreign/ — пути уже в JSON монеты.
[30/192#w2] В БД: npm run royal-mint:import → npm run data:export (или data:export:incremental).

——— старт 32/192#w2 ———
https://www.royalmint.com/shop/limited-editions/stories-of-the-second-world-war/stories-of-the-second-world-war-2025-50p-silver-piedfort-proof-coin
[31/192#w1] Блок характеристик: div.mod-section.specification — найден, полей в specs: 12
[31/192#w1] __RM_JSON__ /Users/mihail/Desktop/Нумизматика сайт/omonete-app/data/royal-mint-hms-belfast-2025-uk-2-pound-silver-proof-coin.json
[31/192#w1] 
[31/192#w1] Готово: /Users/mihail/Desktop/Нумизматика сайт/omonete-app/data/royal-mint-hms-belfast-2025-uk-2-pound-silver-proof-coin.json
[31/192#w1] Загрузка PDP: https://www.royalmint.com/shop/limited-editions/hms-belfast/hms-belfast-2025-uk-2-pound-silver-proof-coin
[31/192#w1] Классификация картинок: {
[31/192#w1]   "obverse": null,
[31/192#w1]   "reverse": null,
[31/192#w1]   "blister_obverse": null,
[31/192#w1]   "blister_reverse": null,
[31/192#w1]   "box": null,
[31/192#w1]   "certificate": null
[31/192#w1] }
[31/192#w1] 
[31/192#w1] ────────── Как увидеть монету на сайте (localhost) ──────────
[31/192#w1] Быстро (парсинг + public/data в один заход): npm run royal-mint:preview
[31/192#w1]   (или уже есть JSON: npx tsx scripts/royal-mint-to-public-catalog.ts "/Users/mihail/Desktop/Нумизматика сайт/omonete-app/data/royal-mint-hms-belfast-2025-uk-2-pound-silver-proof-coin.json")
[31/192#w1] Потом: npm run dev → http://localhost:3000/coins/991001/ (или ROYAL_MINT_LOCAL_ID)
[31/192#w1] Картинки (если скачались): public/image/coins/foreign/ — пути уже в JSON монеты.
[31/192#w1] В БД: npm run royal-mint:import → npm run data:export (или data:export:incremental).

——— старт 33/192#w1 ———
https://www.royalmint.com/the-royal-tudor-beasts/the-queens-panther/the-queens-panther-2025-2oz-silver-proof-coin
[32/192#w2] Блок характеристик: div.mod-section.specification — найден, полей в specs: 10
[33/192#w1] Блок характеристик: div.mod-section.specification — найден, полей в specs: 11
[33/192#w1]   ✓ the-queens-panther-2025-2oz-silver-proof-coin-obv.webp
[32/192#w2]   ✓ stories-of-the-second-world-war-2025-50p-silver-piedfort-proof-coin-obv.webp
[33/192#w1]   ✓ the-queens-panther-2025-2oz-silver-proof-coin-rev.webp
[32/192#w2]   ✓ stories-of-the-second-world-war-2025-50p-silver-piedfort-proof-coin-rev.webp
[33/192#w1]   ✓ the-queens-panther-2025-2oz-silver-proof-coin-box.webp
[33/192#w1] __RM_JSON__ /Users/mihail/Desktop/Нумизматика сайт/omonete-app/data/royal-mint-the-queens-panther-2025-2oz-silver-proof-coin.json
[33/192#w1] 
[33/192#w1] Готово: /Users/mihail/Desktop/Нумизматика сайт/omonete-app/data/royal-mint-the-queens-panther-2025-2oz-silver-proof-coin.json
[33/192#w1] Загрузка PDP: https://www.royalmint.com/the-royal-tudor-beasts/the-queens-panther/the-queens-panther-2025-2oz-silver-proof-coin
[33/192#w1] Классификация картинок: {
[33/192#w1]   "obverse": "https://www.royalmint.com/globalassets/_ecommerce/commemorative/launches/2024-launches/queens-panther/product-images/2oz-silver/uk25qps2-the-royal-tudor-beasts-the-queens-panther-2025-uk-2oz-silver-proof-coin-obverse-edge-1500x1500-f3a2c67.jpg",
[33/192#w1]   "reverse": "https://www.royalmint.com/globalassets/_ecommerce/commemorative/launches/2024-launches/queens-panther/product-images/2oz-silver/uk25qps2-the-royal-tudor-beasts-the-queens-panther-2025-uk-2oz-silver-proof-coin-reverse-edge-1500x1500-f3a2c67.jpg",
[33/192#w1]   "blister_obverse": null,
[33/192#w1]   "blister_reverse": null,
[33/192#w1]   "box": "https://www.royalmint.com/globalassets/_ecommerce/commemorative/launches/2024-launches/queens-panther/product-images/2oz-silver/uk25qps2-tthe-royal-tudor-beasts-the-queens-panther-2025-uk-2oz-silver-proof-coin-case-left-1500x1500-f3a2c67.jpg",
[33/192#w1]   "certificate": null
[33/192#w1] }
[33/192#w1] 
[33/192#w1] ────────── Как увидеть монету на сайте (localhost) ──────────
[33/192#w1] Быстро (парсинг + public/data в один заход): npm run royal-mint:preview
[33/192#w1]   (или уже есть JSON: npx tsx scripts/royal-mint-to-public-catalog.ts "/Users/mihail/Desktop/Нумизматика сайт/omonete-app/data/royal-mint-the-queens-panther-2025-2oz-silver-proof-coin.json")
[33/192#w1] Потом: npm run dev → http://localhost:3000/coins/991001/ (или ROYAL_MINT_LOCAL_ID)
[33/192#w1] Картинки (если скачались): public/image/coins/foreign/ — пути уже в JSON монеты.
[33/192#w1] В БД: npm run royal-mint:import → npm run data:export (или data:export:incremental).

——— старт 34/192#w1 ———
https://www.royalmint.com/gifts/sixpence/2024-wedding-silver-sixpence
[32/192#w2]   ✓ stories-of-the-second-world-war-2025-50p-silver-piedfort-proof-coin-box.webp
[32/192#w2] __RM_JSON__ /Users/mihail/Desktop/Нумизматика сайт/omonete-app/data/royal-mint-stories-of-the-second-world-war-2025-50p-silver-piedfort-proof-coin.json
[32/192#w2] 
[32/192#w2] Готово: /Users/mihail/Desktop/Нумизматика сайт/omonete-app/data/royal-mint-stories-of-the-second-world-war-2025-50p-silver-piedfort-proof-coin.json
[32/192#w2] Загрузка PDP: https://www.royalmint.com/shop/limited-editions/stories-of-the-second-world-war/stories-of-the-second-world-war-2025-50p-silver-piedfort-proof-coin
[32/192#w2] Классификация картинок: {
[32/192#w2]   "obverse": "https://www.royalmint.com/globalassets/_ecommerce/commemorative/launches/2025-launches/stories-of-ww2/product-images/d25pfcs---the-2025-united-kingdom-silver-proof-piedfort-commemorative-coin-set---stories-of-the-second-world-war-2025-uk-50p-coin-obverse-edge-1500x1500-f3a2c67.jpg",
[32/192#w2]   "reverse": "https://www.royalmint.com/globalassets/_ecommerce/commemorative/launches/2025-launches/stories-of-ww2/product-images/d25pfcs---the-2025-united-kingdom-silver-proof-piedfort-commemorative-coin-set---stories-of-the-second-world-war-2025-uk-50p-coin-reverse-edge-1500x1500-f3a2c67.jpg",
[32/192#w2]   "blister_obverse": null,
[32/192#w2]   "blister_reverse": null,
[32/192#w2]   "box": "https://www.royalmint.com/globalassets/_ecommerce/commemorative/launches/2025-launches/stories-of-ww2/product-images/uk25swsp-stories-of-the-second-world-war-2025-uk-50p-silver-piedfort-proof-coin-case-left-1500x1500-f3a2c67.jpg",
[32/192#w2]   "certificate": null
[32/192#w2] }
[32/192#w2] 
[32/192#w2] ────────── Как увидеть монету на сайте (localhost) ──────────
[32/192#w2] Быстро (парсинг + public/data в один заход): npm run royal-mint:preview
[32/192#w2]   (или уже есть JSON: npx tsx scripts/royal-mint-to-public-catalog.ts "/Users/mihail/Desktop/Нумизматика сайт/omonete-app/data/royal-mint-stories-of-the-second-world-war-2025-50p-silver-piedfort-proof-coin.json")
[32/192#w2] Потом: npm run dev → http://localhost:3000/coins/991001/ (или ROYAL_MINT_LOCAL_ID)
[32/192#w2] Картинки (если скачались): public/image/coins/foreign/ — пути уже в JSON монеты.
[32/192#w2] В БД: npm run royal-mint:import → npm run data:export (или data:export:incremental).

——— старт 35/192#w2 ———
https://www.royalmint.com/gifts/2024-baby-silver-penny
[34/192#w1] Блок характеристик: div.mod-section.specification — найден, полей в specs: 8
[35/192#w2] Блок характеристик: div.mod-section.specification — найден, полей в specs: 9
[34/192#w1]   ✓ 2024-wedding-silver-sixpence-obv.webp
[35/192#w2]   ✓ 2024-baby-silver-penny-obv.webp
[34/192#w1]   ✓ 2024-wedding-silver-sixpence-rev.webp
[35/192#w2]   ✓ 2024-baby-silver-penny-rev.webp
[34/192#w1]   ✓ 2024-wedding-silver-sixpence-blister-rev.webp
[34/192#w1] __RM_JSON__ /Users/mihail/Desktop/Нумизматика сайт/omonete-app/data/royal-mint-2024-wedding-silver-sixpence.json
[34/192#w1] 
[34/192#w1] Готово: /Users/mihail/Desktop/Нумизматика сайт/omonete-app/data/royal-mint-2024-wedding-silver-sixpence.json
[34/192#w1] Загрузка PDP: https://www.royalmint.com/gifts/sixpence/2024-wedding-silver-sixpence
[34/192#w1] Классификация картинок: {
[34/192#w1]   "obverse": "https://www.royalmint.com/globalassets/_ecommerce/invest/launches/2026/britannia/products/silver-1-oz/bb26s1c---2026-bullion-britannia-1oz-silver-reverse-tube.jpg",
[34/192#w1]   "reverse": "https://www.royalmint.com/globalassets/_ecommerce/invest/launches/2026/britannia/products/silver-1-oz/bb26s1c---2026-bullion-britannia-1oz-silver-reverse-tube.jpg",
[34/192#w1]   "blister_obverse": null,
[34/192#w1]   "blister_reverse": "https://www.royalmint.com/globalassets/_ecommerce/invest/launches/2026/britannia/products/silver-1-oz/bb26s1c---2026-bullion-britannia-1oz-silver-reverse-capsule.jpg",
[34/192#w1]   "box": null,
[34/192#w1]   "certificate": null
[34/192#w1] }
[34/192#w1] 
[34/192#w1] ────────── Как увидеть монету на сайте (localhost) ──────────
[34/192#w1] Быстро (парсинг + public/data в один заход): npm run royal-mint:preview
[34/192#w1]   (или уже есть JSON: npx tsx scripts/royal-mint-to-public-catalog.ts "/Users/mihail/Desktop/Нумизматика сайт/omonete-app/data/royal-mint-2024-wedding-silver-sixpence.json")
[34/192#w1] Потом: npm run dev → http://localhost:3000/coins/991001/ (или ROYAL_MINT_LOCAL_ID)
[34/192#w1] Картинки (если скачались): public/image/coins/foreign/ — пути уже в JSON монеты.
[34/192#w1] В БД: npm run royal-mint:import → npm run data:export (или data:export:incremental).

——— старт 36/192#w1 ———
https://www.royalmint.com/invest/bullion/bullion-coins/silver-coins/bb26s1c-britannia-2026-1oz-silver-bullion-coin
[35/192#w2]   ✓ 2024-baby-silver-penny-blister-rev.webp
[35/192#w2] __RM_JSON__ /Users/mihail/Desktop/Нумизматика сайт/omonete-app/data/royal-mint-2024-baby-silver-penny.json
[35/192#w2] 
[35/192#w2] Готово: /Users/mihail/Desktop/Нумизматика сайт/omonete-app/data/royal-mint-2024-baby-silver-penny.json
[35/192#w2] Загрузка PDP: https://www.royalmint.com/gifts/2024-baby-silver-penny
[35/192#w2] Классификация картинок: {
[35/192#w2]   "obverse": "https://www.royalmint.com/globalassets/_ecommerce/invest/launches/2026/britannia/products/silver-1-oz/bb26s1c---2026-bullion-britannia-1oz-silver-reverse-tube.jpg",
[35/192#w2]   "reverse": "https://www.royalmint.com/globalassets/_ecommerce/invest/launches/2026/britannia/products/silver-1-oz/bb26s1c---2026-bullion-britannia-1oz-silver-reverse-tube.jpg",
[35/192#w2]   "blister_obverse": null,
[35/192#w2]   "blister_reverse": "https://www.royalmint.com/globalassets/_ecommerce/invest/launches/2026/britannia/products/silver-1-oz/bb26s1c---2026-bullion-britannia-1oz-silver-reverse-capsule.jpg",
[35/192#w2]   "box": null,
[35/192#w2]   "certificate": null
[35/192#w2] }
[35/192#w2] 
[35/192#w2] ────────── Как увидеть монету на сайте (localhost) ──────────
[35/192#w2] Быстро (парсинг + public/data в один заход): npm run royal-mint:preview
[35/192#w2]   (или уже есть JSON: npx tsx scripts/royal-mint-to-public-catalog.ts "/Users/mihail/Desktop/Нумизматика сайт/omonete-app/data/royal-mint-2024-baby-silver-penny.json")
[35/192#w2] Потом: npm run dev → http://localhost:3000/coins/991001/ (или ROYAL_MINT_LOCAL_ID)
[35/192#w2] Картинки (если скачались): public/image/coins/foreign/ — пути уже в JSON монеты.
[35/192#w2] В БД: npm run royal-mint:import → npm run data:export (или data:export:incremental).

——— старт 37/192#w2 ———
https://www.royalmint.com/shop/limited-editions/red-arrows/red-arrows-2025-50p-silver-proof-piedfort-colour-coin
[36/192#w1] Блок характеристик: div.mod-section.specification — найден, полей в specs: 12
[37/192#w2] Блок характеристик: div.mod-section.specification — найден, полей в specs: 10
[36/192#w1]   ✓ bb26s1c-britannia-2026-1oz-silver-bullion-coin-obv.webp
[37/192#w2]   ✓ red-arrows-2025-50p-silver-proof-piedfort-colour-coin-obv.webp
[37/192#w2]   ✓ red-arrows-2025-50p-silver-proof-piedfort-colour-coin-rev.webp
[36/192#w1]   ✓ bb26s1c-britannia-2026-1oz-silver-bullion-coin-rev.webp
[37/192#w2]   ✓ red-arrows-2025-50p-silver-proof-piedfort-colour-coin-box.webp
[37/192#w2] __RM_JSON__ /Users/mihail/Desktop/Нумизматика сайт/omonete-app/data/royal-mint-red-arrows-2025-50p-silver-proof-piedfort-colour-coin.json
[37/192#w2] 
[37/192#w2] Готово: /Users/mihail/Desktop/Нумизматика сайт/omonete-app/data/royal-mint-red-arrows-2025-50p-silver-proof-piedfort-colour-coin.json
[37/192#w2] Загрузка PDP: https://www.royalmint.com/shop/limited-editions/red-arrows/red-arrows-2025-50p-silver-proof-piedfort-colour-coin
[37/192#w2] Классификация картинок: {
[37/192#w2]   "obverse": "https://www.royalmint.com/globalassets/_ecommerce/commemorative/launches/2025-launches/red-arrows/product-images/uk25raspfc-the-red-arrows-2025-uk-50p-silver-proof-piedfort-colour-coin-obverse-edge-1500x1500-f3a2c67.jpg",
[37/192#w2]   "reverse": "https://www.royalmint.com/globalassets/_ecommerce/commemorative/launches/2025-launches/red-arrows/product-images/uk25raspfc-the-red-arrows-2025-uk-50p-silver-proof-piedfort-colour-coin-reverse-edge-1500x1500-f3a2c67.jpg",
[37/192#w2]   "blister_obverse": null,
[37/192#w2]   "blister_reverse": null,
[37/192#w2]   "box": "https://www.royalmint.com/globalassets/_ecommerce/commemorative/launches/2025-launches/red-arrows/product-images/uk25raspfc---the-red-arrows-2025-uk-50p-silver-piedfort-proof-coin-case-left-1500x1500-f3a2c67.jpg",
[37/192#w2]   "certificate": null
[37/192#w2] }
[37/192#w2] 
[37/192#w2] ────────── Как увидеть монету на сайте (localhost) ──────────
[37/192#w2] Быстро (парсинг + public/data в один заход): npm run royal-mint:preview
[37/192#w2]   (или уже есть JSON: npx tsx scripts/royal-mint-to-public-catalog.ts "/Users/mihail/Desktop/Нумизматика сайт/omonete-app/data/royal-mint-red-arrows-2025-50p-silver-proof-piedfort-colour-coin.json")
[37/192#w2] Потом: npm run dev → http://localhost:3000/coins/991001/ (или ROYAL_MINT_LOCAL_ID)
[37/192#w2] Картинки (если скачались): public/image/coins/foreign/ — пути уже в JSON монеты.
[37/192#w2] В БД: npm run royal-mint:import → npm run data:export (или data:export:incremental).

——— старт 38/192#w2 ———
https://www.royalmint.com/great-engravers/waterloo-medal/the-waterloo-medal-victory-2025-2oz-silver-proof-coin
[36/192#w1]   ✓ bb26s1c-britannia-2026-1oz-silver-bullion-coin-blister-obv.webp
[36/192#w1]   ✓ bb26s1c-britannia-2026-1oz-silver-bullion-coin-blister-rev.webp
[36/192#w1] __RM_JSON__ /Users/mihail/Desktop/Нумизматика сайт/omonete-app/data/royal-mint-bb26s1c-britannia-2026-1oz-silver-bullion-coin.json
[36/192#w1] 
[36/192#w1] Готово: /Users/mihail/Desktop/Нумизматика сайт/omonete-app/data/royal-mint-bb26s1c-britannia-2026-1oz-silver-bullion-coin.json
[36/192#w1] Загрузка PDP: https://www.royalmint.com/invest/bullion/bullion-coins/silver-coins/bb26s1c-britannia-2026-1oz-silver-bullion-coin
[36/192#w1] Классификация картинок: {
[36/192#w1]   "obverse": "https://www.royalmint.com/globalassets/_ecommerce/invest/launches/2026/britannia/products/silver-1-oz/bb26s1c---2026-bullion-britannia-1oz-silver-obverse-1500x1500-f3a2c67.jpg",
[36/192#w1]   "reverse": "https://www.royalmint.com/globalassets/_ecommerce/invest/launches/2026/britannia/products/silver-1-oz/bb26s1c---2026-bullion-britannia-1oz-silver-reverse-1500x1500-f3a2c67.jpg",
[36/192#w1]   "blister_obverse": "https://www.royalmint.com/globalassets/_ecommerce/invest/launches/2026/britannia/products/silver-1-oz/bb26s1c---2026-bullion-britannia-1oz-silver-obverse-capsule.jpg",
[36/192#w1]   "blister_reverse": "https://www.royalmint.com/globalassets/_ecommerce/invest/launches/2026/britannia/products/silver-1-oz/bb26s1c---2026-bullion-britannia-1oz-silver-reverse-capsule.jpg",
[36/192#w1]   "box": null,
[36/192#w1]   "certificate": null
[36/192#w1] }
[36/192#w1] 
[36/192#w1] ────────── Как увидеть монету на сайте (localhost) ──────────
[36/192#w1] Быстро (парсинг + public/data в один заход): npm run royal-mint:preview
[36/192#w1]   (или уже есть JSON: npx tsx scripts/royal-mint-to-public-catalog.ts "/Users/mihail/Desktop/Нумизматика сайт/omonete-app/data/royal-mint-bb26s1c-britannia-2026-1oz-silver-bullion-coin.json")
[36/192#w1] Потом: npm run dev → http://localhost:3000/coins/991001/ (или ROYAL_MINT_LOCAL_ID)
[36/192#w1] Картинки (если скачались): public/image/coins/foreign/ — пути уже в JSON монеты.
[36/192#w1] В БД: npm run royal-mint:import → npm run data:export (или data:export:incremental).

——— старт 39/192#w1 ———
https://www.royalmint.com/the-royal-tudor-beasts/the-queens-panther/the-queens-panther-2025-silver-proof-two-coin-set
[38/192#w2] Блок характеристик: div.mod-section.specification — найден, полей в specs: 11
[38/192#w2]   ✓ the-waterloo-medal-victory-2025-2oz-silver-proof-coin-obv.webp
[39/192#w1] Блок характеристик: div.mod-section.specification — найден, полей в specs: 11
[38/192#w2]   ✓ the-waterloo-medal-victory-2025-2oz-silver-proof-coin-rev.webp
[39/192#w1]   ✓ the-queens-panther-2025-silver-proof-two-coin-set-obv.webp
[38/192#w2]   ✓ the-waterloo-medal-victory-2025-2oz-silver-proof-coin-box.webp
[38/192#w2] __RM_JSON__ /Users/mihail/Desktop/Нумизматика сайт/omonete-app/data/royal-mint-the-waterloo-medal-victory-2025-2oz-silver-proof-coin.json
[38/192#w2] 
[38/192#w2] Готово: /Users/mihail/Desktop/Нумизматика сайт/omonete-app/data/royal-mint-the-waterloo-medal-victory-2025-2oz-silver-proof-coin.json
[38/192#w2] Загрузка PDP: https://www.royalmint.com/great-engravers/waterloo-medal/the-waterloo-medal-victory-2025-2oz-silver-proof-coin
[38/192#w2] Классификация картинок: {
[38/192#w2]   "obverse": "https://www.royalmint.com/globalassets/_ecommerce/commemorative/launches/2025-launches/waterloo-medal---victory/product-images/2oz-silver/the-waterloo-medal---victory-2025-uk-2oz-silver-proof-coin-obverse-edge---uk25wm2s-1500x1500-f3a2c67.jpg",
[38/192#w2]   "reverse": "https://www.royalmint.com/globalassets/_ecommerce/commemorative/launches/2025-launches/waterloo-medal---victory/product-images/2oz-silver/the-waterloo-medal---victory-2025-uk-2oz-silver-proof-coin-reverse-edge---uk25wm2s-1500x1500-f3a2c67.jpg",
[38/192#w2]   "blister_obverse": null,
[38/192#w2]   "blister_reverse": null,
[38/192#w2]   "box": "https://www.royalmint.com/globalassets/_ecommerce/commemorative/launches/2025-launches/waterloo-medal---victory/product-images/2oz-silver/the-waterloo-medal---victory-2025-uk-2oz-silver-proof-coin-case-left---uk25wm2s-1500x1500-f3a2c67.jpg",
[38/192#w2]   "certificate": null
[38/192#w2] }
[38/192#w2] 
[38/192#w2] ────────── Как увидеть монету на сайте (localhost) ──────────
[38/192#w2] Быстро (парсинг + public/data в один заход): npm run royal-mint:preview
[38/192#w2]   (или уже есть JSON: npx tsx scripts/royal-mint-to-public-catalog.ts "/Users/mihail/Desktop/Нумизматика сайт/omonete-app/data/royal-mint-the-waterloo-medal-victory-2025-2oz-silver-proof-coin.json")
[38/192#w2] Потом: npm run dev → http://localhost:3000/coins/991001/ (или ROYAL_MINT_LOCAL_ID)
[38/192#w2] Картинки (если скачались): public/image/coins/foreign/ — пути уже в JSON монеты.
[38/192#w2] В БД: npm run royal-mint:import → npm run data:export (или data:export:incremental).

——— старт 40/192#w2 ———
https://www.royalmint.com/shop/limited-editions/the-princess-royal/the-75th-birthday-of-hrh-the-princess-royal-2025-5-pound-silver-proof-coin
[39/192#w1]   ✓ the-queens-panther-2025-silver-proof-two-coin-set-rev.webp
[39/192#w1] __RM_JSON__ /Users/mihail/Desktop/Нумизматика сайт/omonete-app/data/royal-mint-the-queens-panther-2025-silver-proof-two-coin-set.json
[39/192#w1] 
[39/192#w1] Готово: /Users/mihail/Desktop/Нумизматика сайт/omonete-app/data/royal-mint-the-queens-panther-2025-silver-proof-two-coin-set.json
[39/192#w1] Загрузка PDP: https://www.royalmint.com/the-royal-tudor-beasts/the-queens-panther/the-queens-panther-2025-silver-proof-two-coin-set
[39/192#w1] Классификация картинок: {
[39/192#w1]   "obverse": "https://www.royalmint.com/globalassets/_ecommerce/commemorative/launches/2024-launches/queens-panther/product-images/silver-set/uk25qp2sp--the-royal-tudor-beasts-the-queens-panther-2025-uk-silver-proof-two-coin-set-frosted-obverse-1500x1500-f3a2c67.jpg",
[39/192#w1]   "reverse": "https://www.royalmint.com/globalassets/_ecommerce/commemorative/launches/2024-launches/queens-panther/product-images/silver-set/uk25qp2sp-the-royal-tudor-beasts-the-queens-panther-2025-uk-silver-proof-two-coin-set-frosted-reverse--1500x1500-f3a2c67.jpg",
[39/192#w1]   "blister_obverse": null,
[39/192#w1]   "blister_reverse": null,
[39/192#w1]   "box": null,
[39/192#w1]   "certificate": null
[39/192#w1] }
[39/192#w1] 
[39/192#w1] ────────── Как увидеть монету на сайте (localhost) ──────────
[39/192#w1] Быстро (парсинг + public/data в один заход): npm run royal-mint:preview
[39/192#w1]   (или уже есть JSON: npx tsx scripts/royal-mint-to-public-catalog.ts "/Users/mihail/Desktop/Нумизматика сайт/omonete-app/data/royal-mint-the-queens-panther-2025-silver-proof-two-coin-set.json")
[39/192#w1] Потом: npm run dev → http://localhost:3000/coins/991001/ (или ROYAL_MINT_LOCAL_ID)
[39/192#w1] Картинки (если скачались): public/image/coins/foreign/ — пути уже в JSON монеты.
[39/192#w1] В БД: npm run royal-mint:import → npm run data:export (или data:export:incremental).

——— старт 41/192#w1 ———
https://www.royalmint.com/shop/limited-editions/zog/zog-2025-50p-silver-proof-colour-coin
[40/192#w2] Блок характеристик: div.mod-section.specification — найден, полей в specs: 11
[41/192#w1] Блок характеристик: div.mod-section.specification — найден, полей в specs: 10
[40/192#w2]   ✓ the-75th-birthday-of-hrh-the-princess-royal-2025-5-pound-silver-proof-coin-obv.webp
[41/192#w1]   ✓ zog-2025-50p-silver-proof-colour-coin-obv.webp
[40/192#w2]   ✓ the-75th-birthday-of-hrh-the-princess-royal-2025-5-pound-silver-proof-coin-rev.webp
[41/192#w1]   ✓ zog-2025-50p-silver-proof-colour-coin-rev.webp
[41/192#w1] __RM_JSON__ /Users/mihail/Desktop/Нумизматика сайт/omonete-app/data/royal-mint-zog-2025-50p-silver-proof-colour-coin.json
[41/192#w1] 
[41/192#w1] Готово: /Users/mihail/Desktop/Нумизматика сайт/omonete-app/data/royal-mint-zog-2025-50p-silver-proof-colour-coin.json
[41/192#w1] Загрузка PDP: https://www.royalmint.com/shop/limited-editions/zog/zog-2025-50p-silver-proof-colour-coin
[41/192#w1] Классификация картинок: {
[41/192#w1]   "obverse": "https://www.royalmint.com/globalassets/_ecommerce/commemorative/launches/2025-launches/zog/product-images/uk25zgsp---zog-2025-uk-50p-silver-proof-colour-coin-obverse-edge-1500x1500-f3a2c67.jpg",
[41/192#w1]   "reverse": "https://www.royalmint.com/globalassets/_ecommerce/commemorative/launches/2025-launches/zog/product-images/uk25zgsp---zog-2025-uk-50p-silver-proof-colour-coin-reverse-acrylic-block-1500x1500-f3a2c67.jpg",
[41/192#w1]   "blister_obverse": null,
[41/192#w1]   "blister_reverse": null,
[41/192#w1]   "box": null,
[41/192#w1]   "certificate": null
[41/192#w1] }
[41/192#w1] 
[41/192#w1] ────────── Как увидеть монету на сайте (localhost) ──────────
[41/192#w1] Быстро (парсинг + public/data в один заход): npm run royal-mint:preview
[41/192#w1]   (или уже есть JSON: npx tsx scripts/royal-mint-to-public-catalog.ts "/Users/mihail/Desktop/Нумизматика сайт/omonete-app/data/royal-mint-zog-2025-50p-silver-proof-colour-coin.json")
[41/192#w1] Потом: npm run dev → http://localhost:3000/coins/991001/ (или ROYAL_MINT_LOCAL_ID)
[41/192#w1] Картинки (если скачались): public/image/coins/foreign/ — пути уже в JSON монеты.
[41/192#w1] В БД: npm run royal-mint:import → npm run data:export (или data:export:incremental).

——— старт 42/192#w1 ———
https://www.royalmint.com/invest/bullion/bullion-coins/silver-coins/legendary-creatures-loch-ness-monster-2026-uk-1oz-silver-bullion-coin
[40/192#w2]   ✓ the-75th-birthday-of-hrh-the-princess-royal-2025-5-pound-silver-proof-coin-cert.webp
[40/192#w2] __RM_JSON__ /Users/mihail/Desktop/Нумизматика сайт/omonete-app/data/royal-mint-the-75th-birthday-of-hrh-the-princess-royal-2025-5-pound-silver-proof-coin.json
[40/192#w2] 
[40/192#w2] Готово: /Users/mihail/Desktop/Нумизматика сайт/omonete-app/data/royal-mint-the-75th-birthday-of-hrh-the-princess-royal-2025-5-pound-silver-proof-coin.json
[40/192#w2] Загрузка PDP: https://www.royalmint.com/shop/limited-editions/the-princess-royal/the-75th-birthday-of-hrh-the-princess-royal-2025-5-pound-silver-proof-coin
[40/192#w2] Классификация картинок: {
[40/192#w2]   "obverse": "https://www.royalmint.com/globalassets/_ecommerce/commemorative/launches/2025-launches/princess-anne/product-images/uk25prsp-the-75th-birthday-of-hrh-the-princess-royal-2025-uk-gbp5-silver-proof-coin-obverse-with-edge-1500x1500-f3a2c67.jpg",
[40/192#w2]   "reverse": "https://www.royalmint.com/globalassets/_ecommerce/commemorative/launches/2025-launches/princess-anne/product-images/uk25prsp-the-75th-birthday-of-hrh-the-princess-royal-2025-uk-gbp5-silver-proof-coin-reverse-with-edge-1500x1500-f3a2c67.jpg",
[40/192#w2]   "blister_obverse": null,
[40/192#w2]   "blister_reverse": null,
[40/192#w2]   "box": null,
[40/192#w2]   "certificate": "https://www.royalmint.com/globalassets/_ecommerce/commemorative/launches/2025-launches/princess-anne/product-images/uk25prsp-the-75th-birthday-of-hrh-the-princess-royal-2025-uk-gbp5-silver-proof-coin-case-1500x1500-f3a2c67.jpg"
[40/192#w2] }
[40/192#w2] 
[40/192#w2] ────────── Как увидеть монету на сайте (localhost) ──────────
[40/192#w2] Быстро (парсинг + public/data в один заход): npm run royal-mint:preview
[40/192#w2]   (или уже есть JSON: npx tsx scripts/royal-mint-to-public-catalog.ts "/Users/mihail/Desktop/Нумизматика сайт/omonete-app/data/royal-mint-the-75th-birthday-of-hrh-the-princess-royal-2025-5-pound-silver-proof-coin.json")
[40/192#w2] Потом: npm run dev → http://localhost:3000/coins/991001/ (или ROYAL_MINT_LOCAL_ID)
[40/192#w2] Картинки (если скачались): public/image/coins/foreign/ — пути уже в JSON монеты.
[40/192#w2] В БД: npm run royal-mint:import → npm run data:export (или data:export:incremental).

——— старт 43/192#w2 ———
https://www.royalmint.com/shop/limited-editions/the-lion-and-eagle/bullion-range/the-lion-and-the-eagle-2026-1oz-silver-bullion-coin
[42/192#w1] Блок характеристик: div.mod-section.specification — найден, полей в specs: 10
[43/192#w2] Блок характеристик: div.mod-section.specification — найден, полей в specs: 11
[42/192#w1]   ✓ legendary-creatures-loch-ness-monster-2026-uk-1oz-silver-bullion-coin-obv.webp
[43/192#w2]   ✓ the-lion-and-the-eagle-2026-1oz-silver-bullion-coin-obv.webp
[42/192#w1]   ✓ legendary-creatures-loch-ness-monster-2026-uk-1oz-silver-bullion-coin-rev.webp
[43/192#w2]   ✓ the-lion-and-the-eagle-2026-1oz-silver-bullion-coin-rev.webp
[42/192#w1]   ✓ legendary-creatures-loch-ness-monster-2026-uk-1oz-silver-bullion-coin-blister-obv.webp
[42/192#w1]   ✓ legendary-creatures-loch-ness-monster-2026-uk-1oz-silver-bullion-coin-blister-rev.webp
[42/192#w1] __RM_JSON__ /Users/mihail/Desktop/Нумизматика сайт/omonete-app/data/royal-mint-legendary-creatures-loch-ness-monster-2026-uk-1oz-silver-bullion-coin.json
[42/192#w1] 
[42/192#w1] Готово: /Users/mihail/Desktop/Нумизматика сайт/omonete-app/data/royal-mint-legendary-creatures-loch-ness-monster-2026-uk-1oz-silver-bullion-coin.json
[42/192#w1] Загрузка PDP: https://www.royalmint.com/invest/bullion/bullion-coins/silver-coins/legendary-creatures-loch-ness-monster-2026-uk-1oz-silver-bullion-coin
[42/192#w1] Классификация картинок: {
[42/192#w1]   "obverse": "https://www.royalmint.com/globalassets/_ecommerce/invest/launches/2026/loch-ness/products/lc1251sc---2026-legendary-creatures---coin-1-1oz-silver-bullion-coin-obverse-edge.jpg",
[42/192#w1]   "reverse": "https://www.royalmint.com/globalassets/_ecommerce/invest/launches/2026/loch-ness/products/lc1251sc---2026-legendary-creatures---coin-1-1oz-silver-bullion-coin-reverse-edge.jpg",
[42/192#w1]   "blister_obverse": "https://www.royalmint.com/globalassets/_ecommerce/invest/launches/2026/loch-ness/products/lc1251sc---2026-legendary-creatures---coin-1-1oz-silver-bullion-coin-obverse-capsule.jpg",
[42/192#w1]   "blister_reverse": "https://www.royalmint.com/globalassets/_ecommerce/invest/launches/2026/loch-ness/products/lc1251sc---2026-legendary-creatures---coin-1-1oz-silver-bullion-coin-reverse-capsule.jpg",
[42/192#w1]   "box": null,
[42/192#w1]   "certificate": null
[42/192#w1] }
[42/192#w1] 
[42/192#w1] ────────── Как увидеть монету на сайте (localhost) ──────────
[42/192#w1] Быстро (парсинг + public/data в один заход): npm run royal-mint:preview
[42/192#w1]   (или уже есть JSON: npx tsx scripts/royal-mint-to-public-catalog.ts "/Users/mihail/Desktop/Нумизматика сайт/omonete-app/data/royal-mint-legendary-creatures-loch-ness-monster-2026-uk-1oz-silver-bullion-coin.json")
[42/192#w1] Потом: npm run dev → http://localhost:3000/coins/991001/ (или ROYAL_MINT_LOCAL_ID)
[42/192#w1] Картинки (если скачались): public/image/coins/foreign/ — пути уже в JSON монеты.
[42/192#w1] В БД: npm run royal-mint:import → npm run data:export (или data:export:incremental).

——— старт 44/192#w1 ———
https://www.royalmint.com/great-engravers/waterloo-medal/the-waterloo-medal-victory-2025-5oz-silver-proof-coin
[43/192#w2]   ✓ the-lion-and-the-eagle-2026-1oz-silver-bullion-coin-blister-obv.webp
[43/192#w2]   ✓ the-lion-and-the-eagle-2026-1oz-silver-bullion-coin-blister-rev.webp
[43/192#w2] __RM_JSON__ /Users/mihail/Desktop/Нумизматика сайт/omonete-app/data/royal-mint-the-lion-and-the-eagle-2026-1oz-silver-bullion-coin.json
[43/192#w2] 
[43/192#w2] Готово: /Users/mihail/Desktop/Нумизматика сайт/omonete-app/data/royal-mint-the-lion-and-the-eagle-2026-1oz-silver-bullion-coin.json
[43/192#w2] Загрузка PDP: https://www.royalmint.com/shop/limited-editions/the-lion-and-eagle/bullion-range/the-lion-and-the-eagle-2026-1oz-silver-bullion-coin
[43/192#w2] Классификация картинок: {
[43/192#w2]   "obverse": "https://www.royalmint.com/globalassets/_ecommerce/invest/launches/2026/lion-and-eagle/product-images/le26s1---2026-bullion-the-lion-and-the-eagle-1oz-silver-coin-obverse-edge.jpg",
[43/192#w2]   "reverse": "https://www.royalmint.com/globalassets/_ecommerce/invest/launches/2026/lion-and-eagle/product-images/le26s1---2026-bullion-the-lion-and-the-eagle-1oz-silver-coin-reverse-edge.jpg",
[43/192#w2]   "blister_obverse": "https://www.royalmint.com/globalassets/_ecommerce/invest/launches/2026/lion-and-eagle/product-images/le26s1---2026-bullion-the-lion-and-the-eagle-1oz-silver-coin-obverse-capsule.jpg",
[43/192#w2]   "blister_reverse": "https://www.royalmint.com/globalassets/_ecommerce/invest/launches/2026/lion-and-eagle/product-images/le26s1---2026-bullion-the-lion-and-the-eagle-1oz-silver-coin-reverse-capsule.jpg",
[43/192#w2]   "box": null,
[43/192#w2]   "certificate": null
[43/192#w2] }
[43/192#w2] 
[43/192#w2] ────────── Как увидеть монету на сайте (localhost) ──────────
[43/192#w2] Быстро (парсинг + public/data в один заход): npm run royal-mint:preview
[43/192#w2]   (или уже есть JSON: npx tsx scripts/royal-mint-to-public-catalog.ts "/Users/mihail/Desktop/Нумизматика сайт/omonete-app/data/royal-mint-the-lion-and-the-eagle-2026-1oz-silver-bullion-coin.json")
[43/192#w2] Потом: npm run dev → http://localhost:3000/coins/991001/ (или ROYAL_MINT_LOCAL_ID)
[43/192#w2] Картинки (если скачались): public/image/coins/foreign/ — пути уже в JSON монеты.
[43/192#w2] В БД: npm run royal-mint:import → npm run data:export (или data:export:incremental).

——— старт 45/192#w2 ———
https://www.royalmint.com/sovereign/all/the-silver-sovereign-2026-silver-proof-coin
[44/192#w1] Блок характеристик: div.mod-section.specification — найден, полей в specs: 11
[45/192#w2] Блок характеристик: div.mod-section.specification — найден, полей в specs: 11
[44/192#w1]   ✓ the-waterloo-medal-victory-2025-5oz-silver-proof-coin-obv.webp
[45/192#w2]   ✓ the-silver-sovereign-2026-silver-proof-coin-obv.webp
[44/192#w1]   ✓ the-waterloo-medal-victory-2025-5oz-silver-proof-coin-rev.webp
[44/192#w1]   ✓ the-waterloo-medal-victory-2025-5oz-silver-proof-coin-box.webp
[44/192#w1] __RM_JSON__ /Users/mihail/Desktop/Нумизматика сайт/omonete-app/data/royal-mint-the-waterloo-medal-victory-2025-5oz-silver-proof-coin.json
[44/192#w1] 
[44/192#w1] Готово: /Users/mihail/Desktop/Нумизматика сайт/omonete-app/data/royal-mint-the-waterloo-medal-victory-2025-5oz-silver-proof-coin.json
[44/192#w1] Загрузка PDP: https://www.royalmint.com/great-engravers/waterloo-medal/the-waterloo-medal-victory-2025-5oz-silver-proof-coin
[44/192#w1] Классификация картинок: {
[44/192#w1]   "obverse": "https://www.royalmint.com/globalassets/_ecommerce/commemorative/launches/2025-launches/waterloo-medal---victory/product-images/5oz-silver/the-waterloo-medal---victory-2025-uk-5oz-silver-proof-coin-obverse-edge---uk25wm5s-1500x1500-f3a2c67.jpg",
[44/192#w1]   "reverse": "https://www.royalmint.com/globalassets/_ecommerce/commemorative/launches/2025-launches/waterloo-medal---victory/product-images/5oz-silver/the-waterloo-medal---victory-2025-uk-5oz-silver-proof-coin-reverse-edge---uk25wm5s-1500x1500-f3a2c67.jpg",
[44/192#w1]   "blister_obverse": null,
[44/192#w1]   "blister_reverse": null,
[44/192#w1]   "box": "https://www.royalmint.com/globalassets/_ecommerce/commemorative/launches/2025-launches/waterloo-medal---victory/product-images/5oz-silver/the-waterloo-medal---victory-2025-uk-5oz-silver-proof-coin-case-left---uk25wm5s-1500x1500-f3a2c67.jpg",
[44/192#w1]   "certificate": null
[44/192#w1] }
[44/192#w1] 
[44/192#w1] ────────── Как увидеть монету на сайте (localhost) ──────────
[44/192#w1] Быстро (парсинг + public/data в один заход): npm run royal-mint:preview
[44/192#w1]   (или уже есть JSON: npx tsx scripts/royal-mint-to-public-catalog.ts "/Users/mihail/Desktop/Нумизматика сайт/omonete-app/data/royal-mint-the-waterloo-medal-victory-2025-5oz-silver-proof-coin.json")
[44/192#w1] Потом: npm run dev → http://localhost:3000/coins/991001/ (или ROYAL_MINT_LOCAL_ID)
[44/192#w1] Картинки (если скачались): public/image/coins/foreign/ — пути уже в JSON монеты.
[44/192#w1] В БД: npm run royal-mint:import → npm run data:export (или data:export:incremental).

——— старт 46/192#w1 ———
https://www.royalmint.com/shop/limited-editions/concorde/concorde-2026-50p-silver-proof-coin
[45/192#w2]   ✓ the-silver-sovereign-2026-silver-proof-coin-rev.webp
[45/192#w2]   ✓ the-silver-sovereign-2026-silver-proof-coin-cert.webp
[45/192#w2] __RM_JSON__ /Users/mihail/Desktop/Нумизматика сайт/omonete-app/data/royal-mint-the-silver-sovereign-2026-silver-proof-coin.json
[45/192#w2] 
[45/192#w2] Готово: /Users/mihail/Desktop/Нумизматика сайт/omonete-app/data/royal-mint-the-silver-sovereign-2026-silver-proof-coin.json
[45/192#w2] Загрузка PDP: https://www.royalmint.com/sovereign/all/the-silver-sovereign-2026-silver-proof-coin
[45/192#w2] Классификация картинок: {
[45/192#w2]   "obverse": "https://www.royalmint.com/globalassets/_ecommerce/commemorative/launches/2026-launches/sovereign-2026/product-images/spsv26-the-silver-sovereign-2026-silver-proof-coin-obverse-with-edge.jpg",
[45/192#w2]   "reverse": "https://www.royalmint.com/globalassets/_ecommerce/commemorative/launches/2026-launches/sovereign-2026/product-images/spsv26-the-silver-sovereign-2026-silver-proof-coin-reverse-with-edge.jpg",
[45/192#w2]   "blister_obverse": null,
[45/192#w2]   "blister_reverse": null,
[45/192#w2]   "box": null,
[45/192#w2]   "certificate": "https://www.royalmint.com/globalassets/_ecommerce/commemorative/launches/2026-launches/sovereign-2026/product-images/spsv26-the-silver-sovereign-2026-silver-proof-coin-case.jpg"
[45/192#w2] }
[45/192#w2] 
[45/192#w2] ────────── Как увидеть монету на сайте (localhost) ──────────
[45/192#w2] Быстро (парсинг + public/data в один заход): npm run royal-mint:preview
[45/192#w2]   (или уже есть JSON: npx tsx scripts/royal-mint-to-public-catalog.ts "/Users/mihail/Desktop/Нумизматика сайт/omonete-app/data/royal-mint-the-silver-sovereign-2026-silver-proof-coin.json")
[45/192#w2] Потом: npm run dev → http://localhost:3000/coins/991001/ (или ROYAL_MINT_LOCAL_ID)
[45/192#w2] Картинки (если скачались): public/image/coins/foreign/ — пути уже в JSON монеты.
[45/192#w2] В БД: npm run royal-mint:import → npm run data:export (или data:export:incremental).

——— старт 47/192#w2 ———
https://www.royalmint.com/shop/limited-editions/winnie-the-pooh/collection/100-years-of-winnie-the-pooh-2026-50p-silver-proof-colour-three-coin-collection
[46/192#w1] Блок характеристик: div.mod-section.specification — найден, полей в specs: 10
[47/192#w2] Внимание: на странице не найден блок div.mod-section.specification — спеки взяты из остальных table (если есть).
[47/192#w2] __RM_JSON__ /Users/mihail/Desktop/Нумизматика сайт/omonete-app/data/royal-mint-100-years-of-winnie-the-pooh-2026-50p-silver-proof-colour-three-coin-collection.json
[47/192#w2] 
[47/192#w2] Готово: /Users/mihail/Desktop/Нумизматика сайт/omonete-app/data/royal-mint-100-years-of-winnie-the-pooh-2026-50p-silver-proof-colour-three-coin-collection.json
[47/192#w2] Загрузка PDP: https://www.royalmint.com/shop/limited-editions/winnie-the-pooh/collection/100-years-of-winnie-the-pooh-2026-50p-silver-proof-colour-three-coin-collection
[47/192#w2] Классификация картинок: {
[47/192#w2]   "obverse": null,
[47/192#w2]   "reverse": null,
[47/192#w2]   "blister_obverse": null,
[47/192#w2]   "blister_reverse": null,
[47/192#w2]   "box": null,
[47/192#w2]   "certificate": null
[47/192#w2] }
[47/192#w2] 
[47/192#w2] ────────── Как увидеть монету на сайте (localhost) ──────────
[47/192#w2] Быстро (парсинг + public/data в один заход): npm run royal-mint:preview
[47/192#w2]   (или уже есть JSON: npx tsx scripts/royal-mint-to-public-catalog.ts "/Users/mihail/Desktop/Нумизматика сайт/omonete-app/data/royal-mint-100-years-of-winnie-the-pooh-2026-50p-silver-proof-colour-three-coin-collection.json")
[47/192#w2] Потом: npm run dev → http://localhost:3000/coins/991001/ (или ROYAL_MINT_LOCAL_ID)
[47/192#w2] Картинки (если скачались): public/image/coins/foreign/ — пути уже в JSON монеты.
[47/192#w2] В БД: npm run royal-mint:import → npm run data:export (или data:export:incremental).

——— старт 48/192#w2 ———
https://www.royalmint.com/shop/limited-editions/winnie-the-pooh/kindness/100-years-of-winnie-the-pooh-kindness-2026-50p-silver-proof-colour-coin
[46/192#w1]   ✓ concorde-2026-50p-silver-proof-coin-obv.webp
[46/192#w1]   ✓ concorde-2026-50p-silver-proof-coin-rev.webp
[46/192#w1]   ✓ concorde-2026-50p-silver-proof-coin-cert.webp
[46/192#w1] __RM_JSON__ /Users/mihail/Desktop/Нумизматика сайт/omonete-app/data/royal-mint-concorde-2026-50p-silver-proof-coin.json
[46/192#w1] 
[46/192#w1] Готово: /Users/mihail/Desktop/Нумизматика сайт/omonete-app/data/royal-mint-concorde-2026-50p-silver-proof-coin.json
[46/192#w1] Загрузка PDP: https://www.royalmint.com/shop/limited-editions/concorde/concorde-2026-50p-silver-proof-coin
[46/192#w1] Классификация картинок: {
[46/192#w1]   "obverse": "https://www.royalmint.com/globalassets/_ecommerce/commemorative/launches/2026-launches/concorde/product-images/uk26ccspconcorde-2026-uk-50p-silver-proof-coin-obverse-with-edge.jpg",
[46/192#w1]   "reverse": "https://www.royalmint.com/globalassets/_ecommerce/commemorative/launches/2026-launches/concorde/product-images/uk26ccspconcorde-2026-uk-50p-silver-proof-coin-reverse-with-edge.jpg",
[46/192#w1]   "blister_obverse": null,
[46/192#w1]   "blister_reverse": null,
[46/192#w1]   "box": null,
[46/192#w1]   "certificate": "https://www.royalmint.com/globalassets/_ecommerce/commemorative/launches/2026-launches/concorde/product-images/uk26ccspconcorde-2026-uk-50p-silver-proof-coin-case.jpg"
[46/192#w1] }
[46/192#w1] 
[46/192#w1] ────────── Как увидеть монету на сайте (localhost) ──────────
[46/192#w1] Быстро (парсинг + public/data в один заход): npm run royal-mint:preview
[46/192#w1]   (или уже есть JSON: npx tsx scripts/royal-mint-to-public-catalog.ts "/Users/mihail/Desktop/Нумизматика сайт/omonete-app/data/royal-mint-concorde-2026-50p-silver-proof-coin.json")
[46/192#w1] Потом: npm run dev → http://localhost:3000/coins/991001/ (или ROYAL_MINT_LOCAL_ID)
[46/192#w1] Картинки (если скачались): public/image/coins/foreign/ — пути уже в JSON монеты.
[46/192#w1] В БД: npm run royal-mint:import → npm run data:export (или data:export:incremental).

——— старт 49/192#w1 ———
https://www.royalmint.com/gifts/sixpence/2026-silver-sixpence
[48/192#w2] Внимание: на странице не найден блок div.mod-section.specification — спеки взяты из остальных table (если есть).
[48/192#w2]   ✓ 100-years-of-winnie-the-pooh-kindness-2026-50p-silver-proof-colour-coin-obv.webp
[49/192#w1] Блок характеристик: div.mod-section.specification — найден, полей в specs: 10
[48/192#w2]   ✓ 100-years-of-winnie-the-pooh-kindness-2026-50p-silver-proof-colour-coin-rev.webp
[48/192#w2] __RM_JSON__ /Users/mihail/Desktop/Нумизматика сайт/omonete-app/data/royal-mint-100-years-of-winnie-the-pooh-kindness-2026-50p-silver-proof-colour-coin.json
[48/192#w2] 
[48/192#w2] Готово: /Users/mihail/Desktop/Нумизматика сайт/omonete-app/data/royal-mint-100-years-of-winnie-the-pooh-kindness-2026-50p-silver-proof-colour-coin.json
[48/192#w2] Загрузка PDP: https://www.royalmint.com/shop/limited-editions/winnie-the-pooh/kindness/100-years-of-winnie-the-pooh-kindness-2026-50p-silver-proof-colour-coin
[48/192#w2] Классификация картинок: {
[48/192#w2]   "obverse": "https://www.royalmint.com/globalassets/_ecommerce/commemorative/launches/2026-launches/winnie-the-pooh/coin-1---kindness/product-images/uk26wp1sp-100-years-of-winnie-the-pooh---kindness-2026-uk-50p-silver-proof-colour-coin-obverse-with-edge.jpg",
[48/192#w2]   "reverse": "https://www.royalmint.com/globalassets/_ecommerce/commemorative/launches/2026-launches/winnie-the-pooh/coin-1---kindness/product-images/uk26wp1sp-100-years-of-winnie-the-pooh---kindness-2026-uk-50p-silver-proof-colour-coin-reverse-with-edge.jpg",
[48/192#w2]   "blister_obverse": null,
[48/192#w2]   "blister_reverse": null,
[48/192#w2]   "box": null,
[48/192#w2]   "certificate": null
[48/192#w2] }
[48/192#w2] 
[48/192#w2] ────────── Как увидеть монету на сайте (localhost) ──────────
[48/192#w2] Быстро (парсинг + public/data в один заход): npm run royal-mint:preview
[48/192#w2]   (или уже есть JSON: npx tsx scripts/royal-mint-to-public-catalog.ts "/Users/mihail/Desktop/Нумизматика сайт/omonete-app/data/royal-mint-100-years-of-winnie-the-pooh-kindness-2026-50p-silver-proof-colour-coin.json")
[48/192#w2] Потом: npm run dev → http://localhost:3000/coins/991001/ (или ROYAL_MINT_LOCAL_ID)
[48/192#w2] Картинки (если скачались): public/image/coins/foreign/ — пути уже в JSON монеты.
[48/192#w2] В БД: npm run royal-mint:import → npm run data:export (или data:export:incremental).

——— старт 50/192#w2 ———
https://www.royalmint.com/invest/bullion/bullion-coins/silver-coins/count-dracula-2025-1oz-silver-bullion-coin
[49/192#w1]   ✓ 2026-silver-sixpence-obv.webp
[49/192#w1]   ✓ 2026-silver-sixpence-rev.webp
[49/192#w1] __RM_JSON__ /Users/mihail/Desktop/Нумизматика сайт/omonete-app/data/royal-mint-2026-silver-sixpence.json
[49/192#w1] 
[49/192#w1] Готово: /Users/mihail/Desktop/Нумизматика сайт/omonete-app/data/royal-mint-2026-silver-sixpence.json
[49/192#w1] Загрузка PDP: https://www.royalmint.com/gifts/sixpence/2026-silver-sixpence
[49/192#w1] Классификация картинок: {
[49/192#w1]   "obverse": "https://www.royalmint.com/globalassets/_ecommerce/commemorative/launches/2026-launches/january-gifting/product-images/uk26spsp-the-2026-silver-sixpence-obverse.jpg",
[49/192#w1]   "reverse": "https://www.royalmint.com/globalassets/_ecommerce/commemorative/launches/2026-launches/january-gifting/product-images/uk26spsp-the-2026-silver-sixpence-reverse.jpg",
[49/192#w1]   "blister_obverse": null,
[49/192#w1]   "blister_reverse": null,
[49/192#w1]   "box": null,
[49/192#w1]   "certificate": null
[49/192#w1] }
[49/192#w1] 
[49/192#w1] ────────── Как увидеть монету на сайте (localhost) ──────────
[49/192#w1] Быстро (парсинг + public/data в один заход): npm run royal-mint:preview
[49/192#w1]   (или уже есть JSON: npx tsx scripts/royal-mint-to-public-catalog.ts "/Users/mihail/Desktop/Нумизматика сайт/omonete-app/data/royal-mint-2026-silver-sixpence.json")
[49/192#w1] Потом: npm run dev → http://localhost:3000/coins/991001/ (или ROYAL_MINT_LOCAL_ID)
[49/192#w1] Картинки (если скачались): public/image/coins/foreign/ — пути уже в JSON монеты.
[49/192#w1] В БД: npm run royal-mint:import → npm run data:export (или data:export:incremental).

——— старт 51/192#w1 ———
https://www.royalmint.com/lunar/year-of-the-horse/lunar-year-of-the-horse-1oz-silver-proof-coin
[50/192#w2] Блок характеристик: div.mod-section.specification — найден, полей в specs: 11
[50/192#w2]   ✓ count-dracula-2025-1oz-silver-bullion-coin-obv.webp
[51/192#w1] Блок характеристик: div.mod-section.specification — найден, полей в specs: 11
[51/192#w1] __RM_JSON__ /Users/mihail/Desktop/Нумизматика сайт/omonete-app/data/royal-mint-lunar-year-of-the-horse-1oz-silver-proof-coin.json
[51/192#w1] 
[51/192#w1] Готово: /Users/mihail/Desktop/Нумизматика сайт/omonete-app/data/royal-mint-lunar-year-of-the-horse-1oz-silver-proof-coin.json
[51/192#w1] Загрузка PDP: https://www.royalmint.com/lunar/year-of-the-horse/lunar-year-of-the-horse-1oz-silver-proof-coin
[51/192#w1] Классификация картинок: {
[51/192#w1]   "obverse": null,
[51/192#w1]   "reverse": null,
[51/192#w1]   "blister_obverse": null,
[51/192#w1]   "blister_reverse": null,
[51/192#w1]   "box": null,
[51/192#w1]   "certificate": null
[51/192#w1] }
[51/192#w1] 
[51/192#w1] ────────── Как увидеть монету на сайте (localhost) ──────────
[51/192#w1] Быстро (парсинг + public/data в один заход): npm run royal-mint:preview
[51/192#w1]   (или уже есть JSON: npx tsx scripts/royal-mint-to-public-catalog.ts "/Users/mihail/Desktop/Нумизматика сайт/omonete-app/data/royal-mint-lunar-year-of-the-horse-1oz-silver-proof-coin.json")
[51/192#w1] Потом: npm run dev → http://localhost:3000/coins/991001/ (или ROYAL_MINT_LOCAL_ID)
[51/192#w1] Картинки (если скачались): public/image/coins/foreign/ — пути уже в JSON монеты.
[51/192#w1] В БД: npm run royal-mint:import → npm run data:export (или data:export:incremental).

——— старт 52/192#w1 ———
https://www.royalmint.com/shop/limited-editions/concorde/50th-anniversary-of-the-first-flight-of-concorde-silver-set
[50/192#w2]   ✓ count-dracula-2025-1oz-silver-bullion-coin-rev.webp
[50/192#w2]   ✓ count-dracula-2025-1oz-silver-bullion-coin-blister-obv.webp
[50/192#w2] __RM_JSON__ /Users/mihail/Desktop/Нумизматика сайт/omonete-app/data/royal-mint-count-dracula-2025-1oz-silver-bullion-coin.json
[50/192#w2] 
[50/192#w2] Готово: /Users/mihail/Desktop/Нумизматика сайт/omonete-app/data/royal-mint-count-dracula-2025-1oz-silver-bullion-coin.json
[50/192#w2] Загрузка PDP: https://www.royalmint.com/invest/bullion/bullion-coins/silver-coins/count-dracula-2025-1oz-silver-bullion-coin
[50/192#w2] Классификация картинок: {
[50/192#w2]   "obverse": "https://www.royalmint.com/globalassets/_ecommerce/invest/launches/2025/dracula/product-images/tt25s1---2025-uk-gothic-horror---dracula-1oz-silver-bullion-coin-obverse-edge.jpg",
[50/192#w2]   "reverse": "https://www.royalmint.com/globalassets/_ecommerce/invest/launches/2025/dracula/product-images/tt25s1---2025-uk-gothic-horror---dracula-1oz-silver-bullion-coin-reverse-caosule.jpg",
[50/192#w2]   "blister_obverse": "https://www.royalmint.com/globalassets/_ecommerce/invest/launches/2025/dracula/product-images/tt25s1---2025-uk-gothic-horror---dracula-1oz-silver-bullion-coin-obverse-capsule.jpg",
[50/192#w2]   "blister_reverse": null,
[50/192#w2]   "box": null,
[50/192#w2]   "certificate": null
[50/192#w2] }
[50/192#w2] 
[50/192#w2] ────────── Как увидеть монету на сайте (localhost) ──────────
[50/192#w2] Быстро (парсинг + public/data в один заход): npm run royal-mint:preview
[50/192#w2]   (или уже есть JSON: npx tsx scripts/royal-mint-to-public-catalog.ts "/Users/mihail/Desktop/Нумизматика сайт/omonete-app/data/royal-mint-count-dracula-2025-1oz-silver-bullion-coin.json")
[50/192#w2] Потом: npm run dev → http://localhost:3000/coins/991001/ (или ROYAL_MINT_LOCAL_ID)
[50/192#w2] Картинки (если скачались): public/image/coins/foreign/ — пути уже в JSON монеты.
[50/192#w2] В БД: npm run royal-mint:import → npm run data:export (или data:export:incremental).

——— старт 53/192#w2 ———
https://www.royalmint.com/shop/limited-editions/the-great-british-treasure-hunt/the-penny-drops-2026-silver-proof-coin
[52/192#w1] Блок характеристик: div.mod-section.specification — найден, полей в specs: 10
[53/192#w2] Блок характеристик: div.mod-section.specification — найден, полей в specs: 12
[53/192#w2] __RM_JSON__ /Users/mihail/Desktop/Нумизматика сайт/omonete-app/data/royal-mint-the-penny-drops-2026-silver-proof-coin.json
[53/192#w2] 
[53/192#w2] Готово: /Users/mihail/Desktop/Нумизматика сайт/omonete-app/data/royal-mint-the-penny-drops-2026-silver-proof-coin.json
[53/192#w2] Загрузка PDP: https://www.royalmint.com/shop/limited-editions/the-great-british-treasure-hunt/the-penny-drops-2026-silver-proof-coin
[53/192#w2] Классификация картинок: {
[53/192#w2]   "obverse": null,
[53/192#w2]   "reverse": null,
[53/192#w2]   "blister_obverse": null,
[53/192#w2]   "blister_reverse": null,
[53/192#w2]   "box": null,
[53/192#w2]   "certificate": null
[53/192#w2] }
[53/192#w2] 
[53/192#w2] ────────── Как увидеть монету на сайте (localhost) ──────────
[53/192#w2] Быстро (парсинг + public/data в один заход): npm run royal-mint:preview
[53/192#w2]   (или уже есть JSON: npx tsx scripts/royal-mint-to-public-catalog.ts "/Users/mihail/Desktop/Нумизматика сайт/omonete-app/data/royal-mint-the-penny-drops-2026-silver-proof-coin.json")
[53/192#w2] Потом: npm run dev → http://localhost:3000/coins/991001/ (или ROYAL_MINT_LOCAL_ID)
[53/192#w2] Картинки (если скачались): public/image/coins/foreign/ — пути уже в JSON монеты.
[53/192#w2] В БД: npm run royal-mint:import → npm run data:export (или data:export:incremental).

——— старт 54/192#w2 ———
https://www.royalmint.com/invest/bullion/bullion-coins/silver-coins/the-royal-tudor-beasts-2026-queens-lion-2oz-silver-bullion-coin
[52/192#w1]   ✓ 50th-anniversary-of-the-first-flight-of-concorde-silver-set-obv.webp
[52/192#w1]   ✓ 50th-anniversary-of-the-first-flight-of-concorde-silver-set-rev.webp
[52/192#w1] __RM_JSON__ /Users/mihail/Desktop/Нумизматика сайт/omonete-app/data/royal-mint-50th-anniversary-of-the-first-flight-of-concorde-silver-set.json
[52/192#w1] 
[52/192#w1] Готово: /Users/mihail/Desktop/Нумизматика сайт/omonete-app/data/royal-mint-50th-anniversary-of-the-first-flight-of-concorde-silver-set.json
[52/192#w1] Загрузка PDP: https://www.royalmint.com/shop/limited-editions/concorde/50th-anniversary-of-the-first-flight-of-concorde-silver-set
[52/192#w1] Классификация картинок: {
[52/192#w1]   "obverse": "https://www.royalmint.com/globalassets/_ecommerce/commemorative/launches/2026-launches/concorde/product-images/his26csshis26cbs-50th-anniversary-of-the-first-flight-of-concorde-1976-50p-obverse.jpg",
[52/192#w1]   "reverse": "https://www.royalmint.com/globalassets/_ecommerce/commemorative/launches/2026-launches/concorde/product-images/his26csshis26cbs-50th-anniversary-of-the-first-flight-of-concorde-1976-50p-reverse.jpg",
[52/192#w1]   "blister_obverse": null,
[52/192#w1]   "blister_reverse": null,
[52/192#w1]   "box": null,
[52/192#w1]   "certificate": null
[52/192#w1] }
[52/192#w1] 
[52/192#w1] ────────── Как увидеть монету на сайте (localhost) ──────────
[52/192#w1] Быстро (парсинг + public/data в один заход): npm run royal-mint:preview
[52/192#w1]   (или уже есть JSON: npx tsx scripts/royal-mint-to-public-catalog.ts "/Users/mihail/Desktop/Нумизматика сайт/omonete-app/data/royal-mint-50th-anniversary-of-the-first-flight-of-concorde-silver-set.json")
[52/192#w1] Потом: npm run dev → http://localhost:3000/coins/991001/ (или ROYAL_MINT_LOCAL_ID)
[52/192#w1] Картинки (если скачались): public/image/coins/foreign/ — пути уже в JSON монеты.
[52/192#w1] В БД: npm run royal-mint:import → npm run data:export (или data:export:incremental).

——— старт 55/192#w1 ———
https://www.royalmint.com/invest/bullion/uk-coin-ranges/world-coins/australian-kangaroo-2024-1oz-silver-bullion-coin
[54/192#w2] Блок характеристик: div.mod-section.specification — найден, полей в specs: 11
[54/192#w2]   ✓ the-royal-tudor-beasts-2026-queens-lion-2oz-silver-bullion-coin-obv.webp
[54/192#w2]   ✓ the-royal-tudor-beasts-2026-queens-lion-2oz-silver-bullion-coin-rev.webp
[55/192#w1] Блок характеристик: div.mod-section.specification — найден, полей в specs: 11
[54/192#w2]   ✓ the-royal-tudor-beasts-2026-queens-lion-2oz-silver-bullion-coin-blister-obv.webp
[55/192#w1]   ✓ australian-kangaroo-2024-1oz-silver-bullion-coin-obv.webp
[54/192#w2]   ✓ the-royal-tudor-beasts-2026-queens-lion-2oz-silver-bullion-coin-blister-rev.webp
[54/192#w2] __RM_JSON__ /Users/mihail/Desktop/Нумизматика сайт/omonete-app/data/royal-mint-the-royal-tudor-beasts-2026-queens-lion-2oz-silver-bullion-coin.json
[54/192#w2] 
[54/192#w2] Готово: /Users/mihail/Desktop/Нумизматика сайт/omonete-app/data/royal-mint-the-royal-tudor-beasts-2026-queens-lion-2oz-silver-bullion-coin.json
[54/192#w2] Загрузка PDP: https://www.royalmint.com/invest/bullion/bullion-coins/silver-coins/the-royal-tudor-beasts-2026-queens-lion-2oz-silver-bullion-coin
[54/192#w2] Классификация картинок: {
[54/192#w2]   "obverse": "https://www.royalmint.com/globalassets/_ecommerce/invest/launches/2026/rtb/queens-lion/products/rtql262sc---2026-bullion-royal-tudor-beasts-the-queens-lion-silver-2oz-coin-obverse-edge-1500x1500-f3a2c67.jpg",
[54/192#w2]   "reverse": "https://www.royalmint.com/globalassets/_ecommerce/invest/launches/2026/rtb/queens-lion/products/rtql262sc---2026-bullion-royal-tudor-beasts-the-queens-lion-silver-2oz-coin-reverse-edge-1500x1500-f3a2c67.jpg",
[54/192#w2]   "blister_obverse": "https://www.royalmint.com/globalassets/_ecommerce/invest/launches/2026/rtb/queens-lion/products/rtql262sc---2026-bullion-royal-tudor-beasts-the-queens-lion-silver-2oz-coin-obverse-capsule-1500x1500-f3a2c67.jpg",
[54/192#w2]   "blister_reverse": "https://www.royalmint.com/globalassets/_ecommerce/invest/launches/2026/rtb/queens-lion/products/rtql262sc---2026-bullion-royal-tudor-beasts-the-queens-lion-silver-2oz-coin-reverse-capsule-1500x1500-f3a2c67.jpg",
[54/192#w2]   "box": null,
[54/192#w2]   "certificate": null
[54/192#w2] }
[54/192#w2] 
[54/192#w2] ────────── Как увидеть монету на сайте (localhost) ──────────
[54/192#w2] Быстро (парсинг + public/data в один заход): npm run royal-mint:preview
[54/192#w2]   (или уже есть JSON: npx tsx scripts/royal-mint-to-public-catalog.ts "/Users/mihail/Desktop/Нумизматика сайт/omonete-app/data/royal-mint-the-royal-tudor-beasts-2026-queens-lion-2oz-silver-bullion-coin.json")
[54/192#w2] Потом: npm run dev → http://localhost:3000/coins/991001/ (или ROYAL_MINT_LOCAL_ID)
[54/192#w2] Картинки (если скачались): public/image/coins/foreign/ — пути уже в JSON монеты.
[54/192#w2] В БД: npm run royal-mint:import → npm run data:export (или data:export:incremental).

——— старт 56/192#w2 ———
https://www.royalmint.com/gifts/2026-baby-silver-penny
[55/192#w1]   ✓ australian-kangaroo-2024-1oz-silver-bullion-coin-rev.webp
[55/192#w1] __RM_JSON__ /Users/mihail/Desktop/Нумизматика сайт/omonete-app/data/royal-mint-australian-kangaroo-2024-1oz-silver-bullion-coin.json
[55/192#w1] 
[55/192#w1] Готово: /Users/mihail/Desktop/Нумизматика сайт/omonete-app/data/royal-mint-australian-kangaroo-2024-1oz-silver-bullion-coin.json
[55/192#w1] Загрузка PDP: https://www.royalmint.com/invest/bullion/uk-coin-ranges/world-coins/australian-kangaroo-2024-1oz-silver-bullion-coin
[55/192#w1] Классификация картинок: {
[55/192#w1]   "obverse": "https://www.royalmint.com/globalassets/bullion/images/products/worldcoins/2024/b24akis---australian-kangaroo-2024-1oz-silver-obverse-1500x1500-f3a2c67.jpg",
[55/192#w1]   "reverse": "https://www.royalmint.com/globalassets/bullion/images/products/worldcoins/2024/b24akis---australian-kangaroo-2024-1oz-silver-reverse-1500x1500-f3a2c67.jpg",
[55/192#w1]   "blister_obverse": null,
[55/192#w1]   "blister_reverse": null,
[55/192#w1]   "box": null,
[55/192#w1]   "certificate": null
[55/192#w1] }
[55/192#w1] 
[55/192#w1] ────────── Как увидеть монету на сайте (localhost) ──────────
[55/192#w1] Быстро (парсинг + public/data в один заход): npm run royal-mint:preview
[55/192#w1]   (или уже есть JSON: npx tsx scripts/royal-mint-to-public-catalog.ts "/Users/mihail/Desktop/Нумизматика сайт/omonete-app/data/royal-mint-australian-kangaroo-2024-1oz-silver-bullion-coin.json")
[55/192#w1] Потом: npm run dev → http://localhost:3000/coins/991001/ (или ROYAL_MINT_LOCAL_ID)
[55/192#w1] Картинки (если скачались): public/image/coins/foreign/ — пути уже в JSON монеты.
[55/192#w1] В БД: npm run royal-mint:import → npm run data:export (или data:export:incremental).

——— старт 57/192#w1 ———
https://www.royalmint.com/shop/limited-editions/the-royal-observatory/350-years-of-the-royal-observatory-greenwich-2025-silver-proof-coin
[56/192#w2] Блок характеристик: div.mod-section.specification — найден, полей в specs: 9
[56/192#w2]   ✓ 2026-baby-silver-penny-obv.webp
[57/192#w1] Блок характеристик: div.mod-section.specification — найден, полей в specs: 12
[56/192#w2]   ✓ 2026-baby-silver-penny-rev.webp
[56/192#w2] __RM_JSON__ /Users/mihail/Desktop/Нумизматика сайт/omonete-app/data/royal-mint-2026-baby-silver-penny.json
[56/192#w2] 
[56/192#w2] Готово: /Users/mihail/Desktop/Нумизматика сайт/omonete-app/data/royal-mint-2026-baby-silver-penny.json
[56/192#w2] Загрузка PDP: https://www.royalmint.com/gifts/2026-baby-silver-penny
[56/192#w2] Классификация картинок: {
[56/192#w2]   "obverse": "https://www.royalmint.com/globalassets/_ecommerce/commemorative/launches/2026-launches/january-gifting/product-images/uk26spgb2026-baby-silver-penny-obverse.jpg",
[56/192#w2]   "reverse": "https://www.royalmint.com/globalassets/_ecommerce/commemorative/launches/2026-launches/january-gifting/product-images/uk26spgb2026-baby-silver-penny-reverse.jpg",
[56/192#w2]   "blister_obverse": null,
[56/192#w2]   "blister_reverse": null,
[56/192#w2]   "box": null,
[56/192#w2]   "certificate": null
[56/192#w2] }
[56/192#w2] 
[56/192#w2] ────────── Как увидеть монету на сайте (localhost) ──────────
[56/192#w2] Быстро (парсинг + public/data в один заход): npm run royal-mint:preview
[56/192#w2]   (или уже есть JSON: npx tsx scripts/royal-mint-to-public-catalog.ts "/Users/mihail/Desktop/Нумизматика сайт/omonete-app/data/royal-mint-2026-baby-silver-penny.json")
[56/192#w2] Потом: npm run dev → http://localhost:3000/coins/991001/ (или ROYAL_MINT_LOCAL_ID)
[56/192#w2] Картинки (если скачались): public/image/coins/foreign/ — пути уже в JSON монеты.
[56/192#w2] В БД: npm run royal-mint:import → npm run data:export (или data:export:incremental).

——— старт 58/192#w2 ———
https://www.royalmint.com/shop/limited-editions/the-angel/the-angel-2026-1oz-silver-proof-coin
[57/192#w1]   ✓ 350-years-of-the-royal-observatory-greenwich-2025-silver-proof-coin-obv.webp
[57/192#w1]   ✓ 350-years-of-the-royal-observatory-greenwich-2025-silver-proof-coin-rev.webp
[57/192#w1]   ✓ 350-years-of-the-royal-observatory-greenwich-2025-silver-proof-coin-cert.webp
[57/192#w1] __RM_JSON__ /Users/mihail/Desktop/Нумизматика сайт/omonete-app/data/royal-mint-350-years-of-the-royal-observatory-greenwich-2025-silver-proof-coin.json
[57/192#w1] 
[57/192#w1] Готово: /Users/mihail/Desktop/Нумизматика сайт/omonete-app/data/royal-mint-350-years-of-the-royal-observatory-greenwich-2025-silver-proof-coin.json
[57/192#w1] Загрузка PDP: https://www.royalmint.com/shop/limited-editions/the-royal-observatory/350-years-of-the-royal-observatory-greenwich-2025-silver-proof-coin
[57/192#w1] Классификация картинок: {
[57/192#w1]   "obverse": "https://www.royalmint.com/globalassets/_ecommerce/commemorative/launches/2025-launches/royal-observatory-greenwich/product-images/uk25rosp-t350-years-of-the-royal-observatory--greenwich-2025-uk-gbp2-silver-proof-coin-obverse-edge--1500x1500-f3a2c67.jpg",
[57/192#w1]   "reverse": "https://www.royalmint.com/globalassets/_ecommerce/commemorative/launches/2025-launches/royal-observatory-greenwich/product-images/uk25rosp-t350-years-of-the-royal-observatory--greenwich-2025-uk-gbp2-silver-proof-coin-reverse-edge-1500x1500-f3a2c67.jpg",
[57/192#w1]   "blister_obverse": null,
[57/192#w1]   "blister_reverse": null,
[57/192#w1]   "box": null,
[57/192#w1]   "certificate": "https://www.royalmint.com/globalassets/_ecommerce/commemorative/launches/2025-launches/royal-observatory-greenwich/product-images/uk25rosp---350-years-of-the-royal-observatory--greenwich-2025-uk-gbp2-silver-proof-coin-case-1500x1500-f3a2c67.jpg"
[57/192#w1] }
[57/192#w1] 
[57/192#w1] ────────── Как увидеть монету на сайте (localhost) ──────────
[57/192#w1] Быстро (парсинг + public/data в один заход): npm run royal-mint:preview
[57/192#w1]   (или уже есть JSON: npx tsx scripts/royal-mint-to-public-catalog.ts "/Users/mihail/Desktop/Нумизматика сайт/omonete-app/data/royal-mint-350-years-of-the-royal-observatory-greenwich-2025-silver-proof-coin.json")
[57/192#w1] Потом: npm run dev → http://localhost:3000/coins/991001/ (или ROYAL_MINT_LOCAL_ID)
[57/192#w1] Картинки (если скачались): public/image/coins/foreign/ — пути уже в JSON монеты.
[57/192#w1] В БД: npm run royal-mint:import → npm run data:export (или data:export:incremental).

——— старт 59/192#w1 ———
https://www.royalmint.com/shop/limited-editions/ve-day/the-80th-anniversary-of-ve-day-2025-50p-silver-proof-piedfort-coin
[58/192#w2] Блок характеристик: div.mod-section.specification — найден, полей в specs: 11
[59/192#w1] Блок характеристик: div.mod-section.specification — найден, полей в specs: 10
[58/192#w2]   ✓ the-angel-2026-1oz-silver-proof-coin-obv.webp
[59/192#w1]   ✓ the-80th-anniversary-of-ve-day-2025-50p-silver-proof-piedfort-coin-obv.webp
[58/192#w2]   ✓ the-angel-2026-1oz-silver-proof-coin-rev.webp
[59/192#w1]   ✓ the-80th-anniversary-of-ve-day-2025-50p-silver-proof-piedfort-coin-rev.webp
[58/192#w2]   ✓ the-angel-2026-1oz-silver-proof-coin-cert.webp
[58/192#w2] __RM_JSON__ /Users/mihail/Desktop/Нумизматика сайт/omonete-app/data/royal-mint-the-angel-2026-1oz-silver-proof-coin.json
[58/192#w2] 
[58/192#w2] Готово: /Users/mihail/Desktop/Нумизматика сайт/omonete-app/data/royal-mint-the-angel-2026-1oz-silver-proof-coin.json
[58/192#w2] Загрузка PDP: https://www.royalmint.com/shop/limited-editions/the-angel/the-angel-2026-1oz-silver-proof-coin
[58/192#w2] Классификация картинок: {
[58/192#w2]   "obverse": "https://www.royalmint.com/globalassets/_ecommerce/commemorative/launches/2026-launches/the-gold-angel/product-images/uk26as1---the-angel-2026-uk-1oz-silver-proof-coin-obverse-edge.jpg",
[58/192#w2]   "reverse": "https://www.royalmint.com/globalassets/_ecommerce/commemorative/launches/2026-launches/the-gold-angel/product-images/uk26as1---the-angel-2026-uk-1oz-silver-proof-coin-reverse-edge.jpg",
[58/192#w2]   "blister_obverse": null,
[58/192#w2]   "blister_reverse": null,
[58/192#w2]   "box": null,
[58/192#w2]   "certificate": "https://www.royalmint.com/globalassets/_ecommerce/commemorative/launches/2026-launches/the-gold-angel/product-images/uk26as1---the-angel-2026-uk-1oz-silver-proof-coin-case.jpg"
[58/192#w2] }
[58/192#w2] 
[58/192#w2] ────────── Как увидеть монету на сайте (localhost) ──────────
[58/192#w2] Быстро (парсинг + public/data в один заход): npm run royal-mint:preview
[58/192#w2]   (или уже есть JSON: npx tsx scripts/royal-mint-to-public-catalog.ts "/Users/mihail/Desktop/Нумизматика сайт/omonete-app/data/royal-mint-the-angel-2026-1oz-silver-proof-coin.json")
[58/192#w2] Потом: npm run dev → http://localhost:3000/coins/991001/ (или ROYAL_MINT_LOCAL_ID)
[58/192#w2] Картинки (если скачались): public/image/coins/foreign/ — пути уже в JSON монеты.
[58/192#w2] В БД: npm run royal-mint:import → npm run data:export (или data:export:incremental).

——— старт 60/192#w2 ———
https://www.royalmint.com/shop/limited-editions/mary-poppins/mary-poppins-2025-50p-silver-proof-colour-coin
[59/192#w1]   ✓ the-80th-anniversary-of-ve-day-2025-50p-silver-proof-piedfort-coin-box.webp
[59/192#w1] __RM_JSON__ /Users/mihail/Desktop/Нумизматика сайт/omonete-app/data/royal-mint-the-80th-anniversary-of-ve-day-2025-50p-silver-proof-piedfort-coin.json
[59/192#w1] 
[59/192#w1] Готово: /Users/mihail/Desktop/Нумизматика сайт/omonete-app/data/royal-mint-the-80th-anniversary-of-ve-day-2025-50p-silver-proof-piedfort-coin.json
[59/192#w1] Загрузка PDP: https://www.royalmint.com/shop/limited-editions/ve-day/the-80th-anniversary-of-ve-day-2025-50p-silver-proof-piedfort-coin
[59/192#w1] Классификация картинок: {
[59/192#w1]   "obverse": "https://www.royalmint.com/globalassets/_ecommerce/commemorative/launches/2025-launches/ve-day/product-images/uk25vepf-t80th-anniversary-of-ve-day-2025-uk-50p-silver-proof-piedfort-coin-obverse-with-edge-1500x1500-f3a2c67.jpg",
[59/192#w1]   "reverse": "https://www.royalmint.com/globalassets/_ecommerce/commemorative/launches/2025-launches/ve-day/product-images/uk25vepf-t80th-anniversary-of-ve-day-2025-uk-50p-silver-proof-piedfort-coin-reverse-with-edge-1500x1500-f3a2c67.jpg",
[59/192#w1]   "blister_obverse": null,
[59/192#w1]   "blister_reverse": null,
[59/192#w1]   "box": "https://www.royalmint.com/globalassets/_ecommerce/commemorative/launches/2025-launches/ve-day/product-images/uk25vepf---the-80th-anniversary-of-ve-day-2025-uk-50p-silver-proof-piedfort-coin-case-left-1500x1500-f3a2c67.jpg",
[59/192#w1]   "certificate": null
[59/192#w1] }
[59/192#w1] 
[59/192#w1] ────────── Как увидеть монету на сайте (localhost) ──────────
[59/192#w1] Быстро (парсинг + public/data в один заход): npm run royal-mint:preview
[59/192#w1]   (или уже есть JSON: npx tsx scripts/royal-mint-to-public-catalog.ts "/Users/mihail/Desktop/Нумизматика сайт/omonete-app/data/royal-mint-the-80th-anniversary-of-ve-day-2025-50p-silver-proof-piedfort-coin.json")
[59/192#w1] Потом: npm run dev → http://localhost:3000/coins/991001/ (или ROYAL_MINT_LOCAL_ID)
[59/192#w1] Картинки (если скачались): public/image/coins/foreign/ — пути уже в JSON монеты.
[59/192#w1] В БД: npm run royal-mint:import → npm run data:export (или data:export:incremental).

——— старт 61/192#w1 ———
https://www.royalmint.com/invest/bullion/bullion-coins/silver-coins/the-royal-tudor-beasts-2026-queens-lion-10oz-silver-bullion-coin
[60/192#w2] Блок характеристик: div.mod-section.specification — найден, полей в specs: 10
[61/192#w1] Блок характеристик: div.mod-section.specification — найден, полей в specs: 11
[60/192#w2]   ✓ mary-poppins-2025-50p-silver-proof-colour-coin-obv.webp
[61/192#w1]   ✓ the-royal-tudor-beasts-2026-queens-lion-10oz-silver-bullion-coin-obv.webp
[60/192#w2]   ✓ mary-poppins-2025-50p-silver-proof-colour-coin-rev.webp
[60/192#w2] __RM_JSON__ /Users/mihail/Desktop/Нумизматика сайт/omonete-app/data/royal-mint-mary-poppins-2025-50p-silver-proof-colour-coin.json
[60/192#w2] 
[60/192#w2] Готово: /Users/mihail/Desktop/Нумизматика сайт/omonete-app/data/royal-mint-mary-poppins-2025-50p-silver-proof-colour-coin.json
[60/192#w2] Загрузка PDP: https://www.royalmint.com/shop/limited-editions/mary-poppins/mary-poppins-2025-50p-silver-proof-colour-coin
[60/192#w2] Классификация картинок: {
[60/192#w2]   "obverse": "https://www.royalmint.com/globalassets/_ecommerce/commemorative/launches/2025-launches/mary-poppins/product-images/uk25mpsp--mary-poppins-2025-uk-50p-silver-proof-colour-coin-obverse-edge-1500x1500-f3a2c67.jpg",
[60/192#w2]   "reverse": "https://www.royalmint.com/globalassets/_ecommerce/commemorative/launches/2025-launches/mary-poppins/product-images/uk25mpsp-tmary-poppins-2025-uk-50p-silver-proof-colour-coin-reverse-edge-1500x1500-f3a2c67.jpg",
[60/192#w2]   "blister_obverse": null,
[60/192#w2]   "blister_reverse": null,
[60/192#w2]   "box": null,
[60/192#w2]   "certificate": null
[60/192#w2] }
[60/192#w2] 
[60/192#w2] ────────── Как увидеть монету на сайте (localhost) ──────────
[60/192#w2] Быстро (парсинг + public/data в один заход): npm run royal-mint:preview
[60/192#w2]   (или уже есть JSON: npx tsx scripts/royal-mint-to-public-catalog.ts "/Users/mihail/Desktop/Нумизматика сайт/omonete-app/data/royal-mint-mary-poppins-2025-50p-silver-proof-colour-coin.json")
[60/192#w2] Потом: npm run dev → http://localhost:3000/coins/991001/ (или ROYAL_MINT_LOCAL_ID)
[60/192#w2] Картинки (если скачались): public/image/coins/foreign/ — пути уже в JSON монеты.
[60/192#w2] В БД: npm run royal-mint:import → npm run data:export (или data:export:incremental).

——— старт 62/192#w2 ———
https://www.royalmint.com/shop/ancient-historic/trial-of-the-pyx/Star-Wars-Darth-Vader-and-Emperor-Palpatine-2023-UK-5oz-Silver-Proof-Coin
[61/192#w1]   ✓ the-royal-tudor-beasts-2026-queens-lion-10oz-silver-bullion-coin-rev.webp
[61/192#w1]   ✓ the-royal-tudor-beasts-2026-queens-lion-10oz-silver-bullion-coin-blister-obv.webp
[61/192#w1]   ✓ the-royal-tudor-beasts-2026-queens-lion-10oz-silver-bullion-coin-blister-rev.webp
[61/192#w1] __RM_JSON__ /Users/mihail/Desktop/Нумизматика сайт/omonete-app/data/royal-mint-the-royal-tudor-beasts-2026-queens-lion-10oz-silver-bullion-coin.json
[61/192#w1] 
[61/192#w1] Готово: /Users/mihail/Desktop/Нумизматика сайт/omonete-app/data/royal-mint-the-royal-tudor-beasts-2026-queens-lion-10oz-silver-bullion-coin.json
[61/192#w1] Загрузка PDP: https://www.royalmint.com/invest/bullion/bullion-coins/silver-coins/the-royal-tudor-beasts-2026-queens-lion-10oz-silver-bullion-coin
[61/192#w1] Классификация картинок: {
[61/192#w1]   "obverse": "https://www.royalmint.com/globalassets/_ecommerce/invest/launches/2026/rtb/queens-lion/products/rtql2610sc---2026-bullion-royal-tudor-beasts-the-queens-lion-silver-10oz-obverse-edge-1500x1500-f3a2c67.jpg",
[61/192#w1]   "reverse": "https://www.royalmint.com/globalassets/_ecommerce/invest/launches/2026/rtb/queens-lion/products/rtql2610sc---2026-bullion-royal-tudor-beasts-the-queens-lion-silver-10oz-reverse-edge-1500x1500-f3a2c67.jpg",
[61/192#w1]   "blister_obverse": "https://www.royalmint.com/globalassets/_ecommerce/invest/launches/2026/rtb/queens-lion/products/rtql2610sc---2026-bullion-royal-tudor-beasts-the-queens-lion-silver-10oz-obverse-capsule-1500x1500-f3a2c67.jpg",
[61/192#w1]   "blister_reverse": "https://www.royalmint.com/globalassets/_ecommerce/invest/launches/2026/rtb/queens-lion/products/rtql2610sc---2026-bullion-royal-tudor-beasts-the-queens-lion-silver-10oz-reverse-capsule-1500x1500-f3a2c67.jpg",
[61/192#w1]   "box": null,
[61/192#w1]   "certificate": null
[61/192#w1] }
[61/192#w1] 
[61/192#w1] ────────── Как увидеть монету на сайте (localhost) ──────────
[61/192#w1] Быстро (парсинг + public/data в один заход): npm run royal-mint:preview
[61/192#w1]   (или уже есть JSON: npx tsx scripts/royal-mint-to-public-catalog.ts "/Users/mihail/Desktop/Нумизматика сайт/omonete-app/data/royal-mint-the-royal-tudor-beasts-2026-queens-lion-10oz-silver-bullion-coin.json")
[61/192#w1] Потом: npm run dev → http://localhost:3000/coins/991001/ (или ROYAL_MINT_LOCAL_ID)
[61/192#w1] Картинки (если скачались): public/image/coins/foreign/ — пути уже в JSON монеты.
[61/192#w1] В БД: npm run royal-mint:import → npm run data:export (или data:export:incremental).

——— старт 63/192#w1 ———
https://www.royalmint.com/shop/limited-editions/the-lion-and-eagle/bullion-range/the-lion-and-the-eagle-2026-1-2oz-silver-bullion-coin
[62/192#w2] Блок характеристик: div.mod-section.specification — найден, полей в specs: 5
[62/192#w2]   ✓ star-wars-darth-vader-and-emperor-palpatine-2023-uk-5oz-silver-proof-coin-obv.webp
[62/192#w2]   ✓ star-wars-darth-vader-and-emperor-palpatine-2023-uk-5oz-silver-proof-coin-rev.webp
[62/192#w2]   ✓ star-wars-darth-vader-and-emperor-palpatine-2023-uk-5oz-silver-proof-coin-blister-obv.webp
[63/192#w1] Блок характеристик: div.mod-section.specification — найден, полей в specs: 11
[62/192#w2]   ✓ star-wars-darth-vader-and-emperor-palpatine-2023-uk-5oz-silver-proof-coin-blister-rev.webp
[62/192#w2] __RM_JSON__ /Users/mihail/Desktop/Нумизматика сайт/omonete-app/data/royal-mint-star-wars-darth-vader-and-emperor-palpatine-2023-uk-5oz-silver-proof-coin.json
[62/192#w2] 
[62/192#w2] Готово: /Users/mihail/Desktop/Нумизматика сайт/omonete-app/data/royal-mint-star-wars-darth-vader-and-emperor-palpatine-2023-uk-5oz-silver-proof-coin.json
[62/192#w2] Загрузка PDP: https://www.royalmint.com/shop/ancient-historic/trial-of-the-pyx/Star-Wars-Darth-Vader-and-Emperor-Palpatine-2023-UK-5oz-Silver-Proof-Coin
[62/192#w2] Классификация картинок: {
[62/192#w2]   "obverse": "https://www.royalmint.com/globalassets/__rebrand/_structure/shop/editions/_historic-coins/trial-of-the-pyx/2025/tp24p100-star-wars-darth-vader---emperor-palpatine-2023-uk-5oz-silver-proof-coin-obverse.jpg",
[62/192#w2]   "reverse": "https://www.royalmint.com/globalassets/__rebrand/_structure/shop/editions/_historic-coins/trial-of-the-pyx/2025/tp24p100-star-wars-darth-vader---emperor-palpatine-2023-uk-5oz-silver-proof-coin-reverse.jpg",
[62/192#w2]   "blister_obverse": "https://www.royalmint.com/globalassets/__rebrand/_structure/shop/editions/_historic-coins/trial-of-the-pyx/2025/tp24p100-star-wars-darth-vader---emperor-palpatine-2023-uk-5oz-silver-proof-coin-blister-front.jpg",
[62/192#w2]   "blister_reverse": "https://www.royalmint.com/globalassets/__rebrand/_structure/shop/editions/_historic-coins/trial-of-the-pyx/2025/tp24p100-star-wars-darth-vader---emperor-palpatine-2023-uk-5oz-silver-proof-coin-blister-back.jpg",
[62/192#w2]   "box": null,
[62/192#w2]   "certificate": null
[62/192#w2] }
[62/192#w2] 
[62/192#w2] ────────── Как увидеть монету на сайте (localhost) ──────────
[62/192#w2] Быстро (парсинг + public/data в один заход): npm run royal-mint:preview
[62/192#w2]   (или уже есть JSON: npx tsx scripts/royal-mint-to-public-catalog.ts "/Users/mihail/Desktop/Нумизматика сайт/omonete-app/data/royal-mint-star-wars-darth-vader-and-emperor-palpatine-2023-uk-5oz-silver-proof-coin.json")
[62/192#w2] Потом: npm run dev → http://localhost:3000/coins/991001/ (или ROYAL_MINT_LOCAL_ID)
[62/192#w2] Картинки (если скачались): public/image/coins/foreign/ — пути уже в JSON монеты.
[62/192#w2] В БД: npm run royal-mint:import → npm run data:export (или data:export:incremental).

——— старт 64/192#w2 ———
https://www.royalmint.com/shop/ancient-historic/trial-of-the-pyx/Britannia-and-Liberty-2024-UK-1oz-Silver-Bullion-Coin
[63/192#w1]   ✓ the-lion-and-the-eagle-2026-1-2oz-silver-bullion-coin-obv.webp
[63/192#w1]   ✓ the-lion-and-the-eagle-2026-1-2oz-silver-bullion-coin-rev.webp
[63/192#w1]   ✓ the-lion-and-the-eagle-2026-1-2oz-silver-bullion-coin-blister-obv.webp
[63/192#w1]   ✓ the-lion-and-the-eagle-2026-1-2oz-silver-bullion-coin-blister-rev.webp
[63/192#w1] __RM_JSON__ /Users/mihail/Desktop/Нумизматика сайт/omonete-app/data/royal-mint-the-lion-and-the-eagle-2026-1-2oz-silver-bullion-coin.json
[63/192#w1] 
[63/192#w1] Готово: /Users/mihail/Desktop/Нумизматика сайт/omonete-app/data/royal-mint-the-lion-and-the-eagle-2026-1-2oz-silver-bullion-coin.json
[63/192#w1] Загрузка PDP: https://www.royalmint.com/shop/limited-editions/the-lion-and-eagle/bullion-range/the-lion-and-the-eagle-2026-1-2oz-silver-bullion-coin
[63/192#w1] Классификация картинок: {
[63/192#w1]   "obverse": "https://www.royalmint.com/globalassets/_ecommerce/invest/launches/2026/lion-and-eagle/product-images/le26sh---2026-bullion-the-lion-and-the-eagle-1-2oz-silver-coin-obverse-edge.jpg",
[63/192#w1]   "reverse": "https://www.royalmint.com/globalassets/_ecommerce/invest/launches/2026/lion-and-eagle/product-images/le26sh---2026-bullion-the-lion-and-the-eagle-1-2oz-silver-coin-reverse-edge.jpg",
[63/192#w1]   "blister_obverse": "https://www.royalmint.com/globalassets/_ecommerce/invest/launches/2026/lion-and-eagle/product-images/le26sh---2026-bullion-the-lion-and-the-eagle-1-2oz-silver-coin-obverse-capsule.jpg",
[63/192#w1]   "blister_reverse": "https://www.royalmint.com/globalassets/_ecommerce/invest/launches/2026/lion-and-eagle/product-images/le26sh---2026-bullion-the-lion-and-the-eagle-1-2oz-silver-coin-reverse-capsule.jpg",
[63/192#w1]   "box": null,
[63/192#w1]   "certificate": null
[63/192#w1] }
[63/192#w1] 
[63/192#w1] ────────── Как увидеть монету на сайте (localhost) ──────────
[63/192#w1] Быстро (парсинг + public/data в один заход): npm run royal-mint:preview
[63/192#w1]   (или уже есть JSON: npx tsx scripts/royal-mint-to-public-catalog.ts "/Users/mihail/Desktop/Нумизматика сайт/omonete-app/data/royal-mint-the-lion-and-the-eagle-2026-1-2oz-silver-bullion-coin.json")
[63/192#w1] Потом: npm run dev → http://localhost:3000/coins/991001/ (или ROYAL_MINT_LOCAL_ID)
[63/192#w1] Картинки (если скачались): public/image/coins/foreign/ — пути уже в JSON монеты.
[63/192#w1] В БД: npm run royal-mint:import → npm run data:export (или data:export:incremental).

——— старт 65/192#w1 ———
https://www.royalmint.com/shop/limited-editions/dennis-the-menace/75-years-of-dennis-the-menace-2026-50p-silver-proof-colour-coin
[64/192#w2] Блок характеристик: div.mod-section.specification — найден, полей в specs: 9
[64/192#w2]   ✓ britannia-and-liberty-2024-uk-1oz-silver-bullion-coin-obv.webp
[64/192#w2]   ✓ britannia-and-liberty-2024-uk-1oz-silver-bullion-coin-rev.webp
[64/192#w2] __RM_JSON__ /Users/mihail/Desktop/Нумизматика сайт/omonete-app/data/royal-mint-britannia-and-liberty-2024-uk-1oz-silver-bullion-coin.json
[64/192#w2] 
[64/192#w2] Готово: /Users/mihail/Desktop/Нумизматика сайт/omonete-app/data/royal-mint-britannia-and-liberty-2024-uk-1oz-silver-bullion-coin.json
[64/192#w2] Загрузка PDP: https://www.royalmint.com/shop/ancient-historic/trial-of-the-pyx/Britannia-and-Liberty-2024-UK-1oz-Silver-Bullion-Coin
[64/192#w2] Классификация картинок: {
[64/192#w2]   "obverse": "https://www.royalmint.com/globalassets/_ecommerce/collect/launches/2025/trial-of-the-pyx/images/uks02739-lpm---britannia-and-liberty-1oz-silver-obv-tp25px85.jpg",
[64/192#w2]   "reverse": "https://www.royalmint.com/globalassets/_ecommerce/collect/launches/2025/trial-of-the-pyx/images/uks02739-lpm---britannia-and-liberty-1oz-silver-rev-tp25px85.jpg",
[64/192#w2]   "blister_obverse": null,
[64/192#w2]   "blister_reverse": null,
[64/192#w2]   "box": null,
[64/192#w2]   "certificate": null
[64/192#w2] }
[64/192#w2] 
[64/192#w2] ────────── Как увидеть монету на сайте (localhost) ──────────
[64/192#w2] Быстро (парсинг + public/data в один заход): npm run royal-mint:preview
[64/192#w2]   (или уже есть JSON: npx tsx scripts/royal-mint-to-public-catalog.ts "/Users/mihail/Desktop/Нумизматика сайт/omonete-app/data/royal-mint-britannia-and-liberty-2024-uk-1oz-silver-bullion-coin.json")
[64/192#w2] Потом: npm run dev → http://localhost:3000/coins/991001/ (или ROYAL_MINT_LOCAL_ID)
[64/192#w2] Картинки (если скачались): public/image/coins/foreign/ — пути уже в JSON монеты.
[64/192#w2] В БД: npm run royal-mint:import → npm run data:export (или data:export:incremental).

——— старт 66/192#w2 ———
https://www.royalmint.com/the-royal-tudor-beasts/greyhound-of-richmond/the-greyhound-of-richmond-2025-2oz-silver-proof-coin
[65/192#w1] Блок характеристик: div.mod-section.specification — найден, полей в specs: 10
[65/192#w1]   ✓ 75-years-of-dennis-the-menace-2026-50p-silver-proof-colour-coin-obv.webp
[65/192#w1]   ✓ 75-years-of-dennis-the-menace-2026-50p-silver-proof-colour-coin-rev.webp
[65/192#w1]   ✓ 75-years-of-dennis-the-menace-2026-50p-silver-proof-colour-coin-box.webp
[65/192#w1] __RM_JSON__ /Users/mihail/Desktop/Нумизматика сайт/omonete-app/data/royal-mint-75-years-of-dennis-the-menace-2026-50p-silver-proof-colour-coin.json
[65/192#w1] 
[65/192#w1] Готово: /Users/mihail/Desktop/Нумизматика сайт/omonete-app/data/royal-mint-75-years-of-dennis-the-menace-2026-50p-silver-proof-colour-coin.json
[65/192#w1] Загрузка PDP: https://www.royalmint.com/shop/limited-editions/dennis-the-menace/75-years-of-dennis-the-menace-2026-50p-silver-proof-colour-coin
[65/192#w1] Классификация картинок: {
[65/192#w1]   "obverse": "https://www.royalmint.com/globalassets/_ecommerce/commemorative/launches/2026-launches/denis-the-menace/product-images/uk26dmsp75-years-of-dennis-the-menace-2026-uk-50p-silver-proof-colour-coin-obverse-with-edge.jpg",
[65/192#w1]   "reverse": "https://www.royalmint.com/globalassets/_ecommerce/commemorative/launches/2026-launches/denis-the-menace/product-images/uk26dmbu-75-years-of-dennis-the-menace-2026-uk-50p-brilliant-uncirculated-coin-reverse-pack-front.jpg",
[65/192#w1]   "blister_obverse": null,
[65/192#w1]   "blister_reverse": null,
[65/192#w1]   "box": "https://www.royalmint.com/globalassets/_ecommerce/commemorative/launches/2026-launches/denis-the-menace/product-images/uk26dmsp75-years-of-dennis-the-menace-2026-uk-50p-silver-proof-colour-coin-acrylic-block-angled.jpg",
[65/192#w1]   "certificate": null
[65/192#w1] }
[65/192#w1] 
[65/192#w1] ────────── Как увидеть монету на сайте (localhost) ──────────
[65/192#w1] Быстро (парсинг + public/data в один заход): npm run royal-mint:preview
[65/192#w1]   (или уже есть JSON: npx tsx scripts/royal-mint-to-public-catalog.ts "/Users/mihail/Desktop/Нумизматика сайт/omonete-app/data/royal-mint-75-years-of-dennis-the-menace-2026-50p-silver-proof-colour-coin.json")
[65/192#w1] Потом: npm run dev → http://localhost:3000/coins/991001/ (или ROYAL_MINT_LOCAL_ID)
[65/192#w1] Картинки (если скачались): public/image/coins/foreign/ — пути уже в JSON монеты.
[65/192#w1] В БД: npm run royal-mint:import → npm run data:export (или data:export:incremental).

——— старт 67/192#w1 ———
https://www.royalmint.com/the-royal-tudor-beasts/the-queens-panther/the-queens-panther-2025-5oz-silver-proof-coin
[66/192#w2] Блок характеристик: div.mod-section.specification — найден, полей в specs: 11
[66/192#w2]   ✓ the-greyhound-of-richmond-2025-2oz-silver-proof-coin-obv.webp
[66/192#w2]   ✓ the-greyhound-of-richmond-2025-2oz-silver-proof-coin-rev.webp
[66/192#w2]   ✓ the-greyhound-of-richmond-2025-2oz-silver-proof-coin-box.webp
[66/192#w2] __RM_JSON__ /Users/mihail/Desktop/Нумизматика сайт/omonete-app/data/royal-mint-the-greyhound-of-richmond-2025-2oz-silver-proof-coin.json
[66/192#w2] 
[66/192#w2] Готово: /Users/mihail/Desktop/Нумизматика сайт/omonete-app/data/royal-mint-the-greyhound-of-richmond-2025-2oz-silver-proof-coin.json
[66/192#w2] Загрузка PDP: https://www.royalmint.com/the-royal-tudor-beasts/greyhound-of-richmond/the-greyhound-of-richmond-2025-2oz-silver-proof-coin
[66/192#w2] Классификация картинок: {
[66/192#w2]   "obverse": "https://www.royalmint.com/globalassets/_ecommerce/commemorative/launches/2025-launches/royal-tudor-beasts/greyhound-of-richmond/product-images/uk25grs2---the-royal-tudor-beasts-the-greyhound-of-richmond-2025-uk-2oz-silver-proof-coin-obverse-edge-1500x1500-f3a2c67.jpg",
[66/192#w2]   "reverse": "https://www.royalmint.com/globalassets/_ecommerce/commemorative/launches/2025-launches/royal-tudor-beasts/greyhound-of-richmond/product-images/uk25grs2---the-royal-tudor-beasts-the-greyhound-of-richmond-2025-uk-2oz-silver-proof-coin-reverse-edge-1500x1500-f3a2c67.jpg",
[66/192#w2]   "blister_obverse": null,
[66/192#w2]   "blister_reverse": null,
[66/192#w2]   "box": "https://www.royalmint.com/globalassets/_ecommerce/commemorative/launches/2025-launches/royal-tudor-beasts/greyhound-of-richmond/product-images/uk25grs2---the-royal-tudor-beasts-the-greyhound-of-richmond-2025-uk-2oz-silver-proof-coin-case-left-1500x1500-f3a2c67.jpg",
[66/192#w2]   "certificate": null
[66/192#w2] }
[66/192#w2] 
[66/192#w2] ────────── Как увидеть монету на сайте (localhost) ──────────
[66/192#w2] Быстро (парсинг + public/data в один заход): npm run royal-mint:preview
[66/192#w2]   (или уже есть JSON: npx tsx scripts/royal-mint-to-public-catalog.ts "/Users/mihail/Desktop/Нумизматика сайт/omonete-app/data/royal-mint-the-greyhound-of-richmond-2025-2oz-silver-proof-coin.json")
[66/192#w2] Потом: npm run dev → http://localhost:3000/coins/991001/ (или ROYAL_MINT_LOCAL_ID)
[66/192#w2] Картинки (если скачались): public/image/coins/foreign/ — пути уже в JSON монеты.
[66/192#w2] В БД: npm run royal-mint:import → npm run data:export (или data:export:incremental).

——— старт 68/192#w2 ———
https://www.royalmint.com/shop/limited-editions/the-angel/the-angel-2026-2oz-silver-proof-coin
[67/192#w1] Блок характеристик: div.mod-section.specification — найден, полей в specs: 11
[67/192#w1] __RM_JSON__ /Users/mihail/Desktop/Нумизматика сайт/omonete-app/data/royal-mint-the-queens-panther-2025-5oz-silver-proof-coin.json
[67/192#w1] 
[67/192#w1] Готово: /Users/mihail/Desktop/Нумизматика сайт/omonete-app/data/royal-mint-the-queens-panther-2025-5oz-silver-proof-coin.json
[67/192#w1] Загрузка PDP: https://www.royalmint.com/the-royal-tudor-beasts/the-queens-panther/the-queens-panther-2025-5oz-silver-proof-coin
[67/192#w1] Классификация картинок: {
[67/192#w1]   "obverse": null,
[67/192#w1]   "reverse": null,
[67/192#w1]   "blister_obverse": null,
[67/192#w1]   "blister_reverse": null,
[67/192#w1]   "box": null,
[67/192#w1]   "certificate": null
[67/192#w1] }
[67/192#w1] 
[67/192#w1] ────────── Как увидеть монету на сайте (localhost) ──────────
[67/192#w1] Быстро (парсинг + public/data в один заход): npm run royal-mint:preview
[67/192#w1]   (или уже есть JSON: npx tsx scripts/royal-mint-to-public-catalog.ts "/Users/mihail/Desktop/Нумизматика сайт/omonete-app/data/royal-mint-the-queens-panther-2025-5oz-silver-proof-coin.json")
[67/192#w1] Потом: npm run dev → http://localhost:3000/coins/991001/ (или ROYAL_MINT_LOCAL_ID)
[67/192#w1] Картинки (если скачались): public/image/coins/foreign/ — пути уже в JSON монеты.
[67/192#w1] В БД: npm run royal-mint:import → npm run data:export (или data:export:incremental).

——— старт 69/192#w1 ———
https://www.royalmint.com/shop/limited-editions/the-battles-of-lexington-and-concord/the-battles-of-lexington-and-concord-2025-uk-2oz-silver-proof-coin
[68/192#w2] Блок характеристик: div.mod-section.specification — найден, полей в specs: 11
[68/192#w2]   ✓ the-angel-2026-2oz-silver-proof-coin-obv.webp
[69/192#w1] Блок характеристик: div.mod-section.specification — найден, полей в specs: 11
[68/192#w2]   ✓ the-angel-2026-2oz-silver-proof-coin-rev.webp
[69/192#w1]   ✓ the-battles-of-lexington-and-concord-2025-uk-2oz-silver-proof-coin-obv.webp
[68/192#w2]   ✓ the-angel-2026-2oz-silver-proof-coin-cert.webp
[68/192#w2] __RM_JSON__ /Users/mihail/Desktop/Нумизматика сайт/omonete-app/data/royal-mint-the-angel-2026-2oz-silver-proof-coin.json
[68/192#w2] 
[68/192#w2] Готово: /Users/mihail/Desktop/Нумизматика сайт/omonete-app/data/royal-mint-the-angel-2026-2oz-silver-proof-coin.json
[68/192#w2] Загрузка PDP: https://www.royalmint.com/shop/limited-editions/the-angel/the-angel-2026-2oz-silver-proof-coin
[68/192#w2] Классификация картинок: {
[68/192#w2]   "obverse": "https://www.royalmint.com/globalassets/_ecommerce/commemorative/launches/2026-launches/the-gold-angel/product-images/uk26as2---the-angel-2026-uk-2oz-silver-proof-coin-obverse-edge.jpg",
[68/192#w2]   "reverse": "https://www.royalmint.com/globalassets/_ecommerce/commemorative/launches/2026-launches/the-gold-angel/product-images/uk26as2---the-angel-2026-uk-2oz-silver-proof-coin-reverse-edge.jpg",
[68/192#w2]   "blister_obverse": null,
[68/192#w2]   "blister_reverse": null,
[68/192#w2]   "box": null,
[68/192#w2]   "certificate": "https://www.royalmint.com/globalassets/_ecommerce/commemorative/launches/2026-launches/the-gold-angel/product-images/uk26as2---the-angel-2026-uk-2oz-silver-proof-coin-case.jpg"
[68/192#w2] }
[68/192#w2] 
[68/192#w2] ────────── Как увидеть монету на сайте (localhost) ──────────
[68/192#w2] Быстро (парсинг + public/data в один заход): npm run royal-mint:preview
[68/192#w2]   (или уже есть JSON: npx tsx scripts/royal-mint-to-public-catalog.ts "/Users/mihail/Desktop/Нумизматика сайт/omonete-app/data/royal-mint-the-angel-2026-2oz-silver-proof-coin.json")
[68/192#w2] Потом: npm run dev → http://localhost:3000/coins/991001/ (или ROYAL_MINT_LOCAL_ID)
[68/192#w2] Картинки (если скачались): public/image/coins/foreign/ — пути уже в JSON монеты.
[68/192#w2] В БД: npm run royal-mint:import → npm run data:export (или data:export:incremental).

——— старт 70/192#w2 ———
https://www.royalmint.com/shop/ancient-historic/trial-of-the-pyx/Britannia-2024-UK-1oz-Silver-Bullion-Coin
[69/192#w1]   ✓ the-battles-of-lexington-and-concord-2025-uk-2oz-silver-proof-coin-rev.webp
[69/192#w1]   ✓ the-battles-of-lexington-and-concord-2025-uk-2oz-silver-proof-coin-box.webp
[69/192#w1] __RM_JSON__ /Users/mihail/Desktop/Нумизматика сайт/omonete-app/data/royal-mint-the-battles-of-lexington-and-concord-2025-uk-2oz-silver-proof-coin.json
[69/192#w1] 
[69/192#w1] Готово: /Users/mihail/Desktop/Нумизматика сайт/omonete-app/data/royal-mint-the-battles-of-lexington-and-concord-2025-uk-2oz-silver-proof-coin.json
[69/192#w1] Загрузка PDP: https://www.royalmint.com/shop/limited-editions/the-battles-of-lexington-and-concord/the-battles-of-lexington-and-concord-2025-uk-2oz-silver-proof-coin
[69/192#w1] Классификация картинок: {
[69/192#w1]   "obverse": "https://www.royalmint.com/globalassets/_ecommerce/commemorative/launches/2025-launches/battle-of-independence/product-images/uk25bis2-the-battle-of-independence-2025-uk-2oz-silver-proof-coin-obverse-1500x1500-f3a2c67.jpg",
[69/192#w1]   "reverse": "https://www.royalmint.com/globalassets/_ecommerce/commemorative/launches/2025-launches/battle-of-independence/product-images/uk25bis2-the-battle-of-independence-2025-uk-2oz-silver-proof-coin-reverse-edge-1500x1500-f3a2c67.jpg",
[69/192#w1]   "blister_obverse": null,
[69/192#w1]   "blister_reverse": null,
[69/192#w1]   "box": "https://www.royalmint.com/globalassets/_ecommerce/commemorative/launches/2025-launches/battle-of-independence/product-images/the-battle-of-independence-2025-2oz-silver-proof-coin-case-left---uk25bis2-1500x1500-f3a2c67.jpg",
[69/192#w1]   "certificate": null
[69/192#w1] }
[69/192#w1] 
[69/192#w1] ────────── Как увидеть монету на сайте (localhost) ──────────
[69/192#w1] Быстро (парсинг + public/data в один заход): npm run royal-mint:preview
[69/192#w1]   (или уже есть JSON: npx tsx scripts/royal-mint-to-public-catalog.ts "/Users/mihail/Desktop/Нумизматика сайт/omonete-app/data/royal-mint-the-battles-of-lexington-and-concord-2025-uk-2oz-silver-proof-coin.json")
[69/192#w1] Потом: npm run dev → http://localhost:3000/coins/991001/ (или ROYAL_MINT_LOCAL_ID)
[69/192#w1] Картинки (если скачались): public/image/coins/foreign/ — пути уже в JSON монеты.
[69/192#w1] В БД: npm run royal-mint:import → npm run data:export (или data:export:incremental).

——— старт 71/192#w1 ———
https://www.royalmint.com/shop/ancient-historic/trial-of-the-pyx/Britannia-2024-UK-1-10oz-Silver-Bullion-Coin
[70/192#w2] Блок характеристик: div.mod-section.specification — найден, полей в specs: 12
[71/192#w1] Блок характеристик: div.mod-section.specification — найден, полей в specs: 9
[70/192#w2]   ✓ britannia-2024-uk-1oz-silver-bullion-coin-obv.webp
[71/192#w1]   ✓ britannia-2024-uk-1-10oz-silver-bullion-coin-obv.webp
[70/192#w2]   ✓ britannia-2024-uk-1oz-silver-bullion-coin-rev.webp
[70/192#w2] __RM_JSON__ /Users/mihail/Desktop/Нумизматика сайт/omonete-app/data/royal-mint-britannia-2024-uk-1oz-silver-bullion-coin.json
[70/192#w2] 
[70/192#w2] Готово: /Users/mihail/Desktop/Нумизматика сайт/omonete-app/data/royal-mint-britannia-2024-uk-1oz-silver-bullion-coin.json
[70/192#w2] Загрузка PDP: https://www.royalmint.com/shop/ancient-historic/trial-of-the-pyx/Britannia-2024-UK-1oz-Silver-Bullion-Coin
[70/192#w2] Классификация картинок: {
[70/192#w2]   "obverse": "https://www.royalmint.com/globalassets/_ecommerce/collect/launches/2025/trial-of-the-pyx/images/uks06429-lpm---britannia-1oz-silver-obv-tp25px80.jpg",
[70/192#w2]   "reverse": "https://www.royalmint.com/globalassets/_ecommerce/collect/launches/2025/trial-of-the-pyx/images/uks06429-lpm---britannia-1oz-silver-rev-tp25px80.jpg",
[70/192#w2]   "blister_obverse": null,
[70/192#w2]   "blister_reverse": null,
[70/192#w2]   "box": null,
[70/192#w2]   "certificate": null
[70/192#w2] }
[70/192#w2] 
[70/192#w2] ────────── Как увидеть монету на сайте (localhost) ──────────
[70/192#w2] Быстро (парсинг + public/data в один заход): npm run royal-mint:preview
[70/192#w2]   (или уже есть JSON: npx tsx scripts/royal-mint-to-public-catalog.ts "/Users/mihail/Desktop/Нумизматика сайт/omonete-app/data/royal-mint-britannia-2024-uk-1oz-silver-bullion-coin.json")
[70/192#w2] Потом: npm run dev → http://localhost:3000/coins/991001/ (или ROYAL_MINT_LOCAL_ID)
[70/192#w2] Картинки (если скачались): public/image/coins/foreign/ — пути уже в JSON монеты.
[70/192#w2] В БД: npm run royal-mint:import → npm run data:export (или data:export:incremental).

——— старт 72/192#w2 ———
https://www.royalmint.com/shop/limited-editions/the-lion-and-eagle/commemorative/the-lion-and-the-eagle-2026-1oz-silver-proof-coin
[71/192#w1]   ✓ britannia-2024-uk-1-10oz-silver-bullion-coin-rev.webp
[71/192#w1] __RM_JSON__ /Users/mihail/Desktop/Нумизматика сайт/omonete-app/data/royal-mint-britannia-2024-uk-1-10oz-silver-bullion-coin.json
[71/192#w1] 
[71/192#w1] Готово: /Users/mihail/Desktop/Нумизматика сайт/omonete-app/data/royal-mint-britannia-2024-uk-1-10oz-silver-bullion-coin.json
[71/192#w1] Загрузка PDP: https://www.royalmint.com/shop/ancient-historic/trial-of-the-pyx/Britannia-2024-UK-1-10oz-Silver-Bullion-Coin
[71/192#w1] Классификация картинок: {
[71/192#w1]   "obverse": "https://www.royalmint.com/globalassets/_ecommerce/collect/launches/2025/trial-of-the-pyx/images/uks08429-2024-tenth-oz-ag-britannia-obverse-tp25px106.jpg",
[71/192#w1]   "reverse": "https://www.royalmint.com/globalassets/_ecommerce/collect/launches/2025/trial-of-the-pyx/images/uks08429-2024-tenth-oz-ag-britannia-reverse-tp25px106.jpg",
[71/192#w1]   "blister_obverse": null,
[71/192#w1]   "blister_reverse": null,
[71/192#w1]   "box": null,
[71/192#w1]   "certificate": null
[71/192#w1] }
[71/192#w1] 
[71/192#w1] ────────── Как увидеть монету на сайте (localhost) ──────────
[71/192#w1] Быстро (парсинг + public/data в один заход): npm run royal-mint:preview
[71/192#w1]   (или уже есть JSON: npx tsx scripts/royal-mint-to-public-catalog.ts "/Users/mihail/Desktop/Нумизматика сайт/omonete-app/data/royal-mint-britannia-2024-uk-1-10oz-silver-bullion-coin.json")
[71/192#w1] Потом: npm run dev → http://localhost:3000/coins/991001/ (или ROYAL_MINT_LOCAL_ID)
[71/192#w1] Картинки (если скачались): public/image/coins/foreign/ — пути уже в JSON монеты.
[71/192#w1] В БД: npm run royal-mint:import → npm run data:export (или data:export:incremental).

——— старт 73/192#w1 ———
https://www.royalmint.com/shop/limited-editions/the-battles-of-lexington-and-concord/the-battles-of-lexington-and-concord-2025-uk-1oz-silver-proof-coin
[72/192#w2] Блок характеристик: div.mod-section.specification — найден, полей в specs: 11
[72/192#w2]   ✓ the-lion-and-the-eagle-2026-1oz-silver-proof-coin-obv.webp
[73/192#w1] Блок характеристик: div.mod-section.specification — найден, полей в specs: 11
[72/192#w2]   ✓ the-lion-and-the-eagle-2026-1oz-silver-proof-coin-rev.webp
[73/192#w1]   ✓ the-battles-of-lexington-and-concord-2025-uk-1oz-silver-proof-coin-obv.webp
[72/192#w2]   ✓ the-lion-and-the-eagle-2026-1oz-silver-proof-coin-cert.webp
[72/192#w2] __RM_JSON__ /Users/mihail/Desktop/Нумизматика сайт/omonete-app/data/royal-mint-the-lion-and-the-eagle-2026-1oz-silver-proof-coin.json
[72/192#w2] 
[72/192#w2] Готово: /Users/mihail/Desktop/Нумизматика сайт/omonete-app/data/royal-mint-the-lion-and-the-eagle-2026-1oz-silver-proof-coin.json
[72/192#w2] Загрузка PDP: https://www.royalmint.com/shop/limited-editions/the-lion-and-eagle/commemorative/the-lion-and-the-eagle-2026-1oz-silver-proof-coin
[72/192#w2] Классификация картинок: {
[72/192#w2]   "obverse": "https://www.royalmint.com/globalassets/_ecommerce/commemorative/launches/2026-launches/lion-and-eagle/product-images/uk26le1sthe-lion-and-the-eagle-2026-uk-1oz-silver-proof-coin-obverse-with-edge.jpg",
[72/192#w2]   "reverse": "https://www.royalmint.com/globalassets/_ecommerce/commemorative/launches/2026-launches/lion-and-eagle/product-images/uk26le1sthe-lion-and-the-eagle-2026-uk-1oz-silver-proof-coin--reverse-with-edge.jpg",
[72/192#w2]   "blister_obverse": null,
[72/192#w2]   "blister_reverse": null,
[72/192#w2]   "box": null,
[72/192#w2]   "certificate": "https://www.royalmint.com/globalassets/_ecommerce/commemorative/launches/2026-launches/lion-and-eagle/product-images/uk26le1sthe-lion-and-the-eagle-2026-uk-1oz-silver-proof-coin-case.jpg"
[72/192#w2] }
[72/192#w2] 
[72/192#w2] ────────── Как увидеть монету на сайте (localhost) ──────────
[72/192#w2] Быстро (парсинг + public/data в один заход): npm run royal-mint:preview
[72/192#w2]   (или уже есть JSON: npx tsx scripts/royal-mint-to-public-catalog.ts "/Users/mihail/Desktop/Нумизматика сайт/omonete-app/data/royal-mint-the-lion-and-the-eagle-2026-1oz-silver-proof-coin.json")
[72/192#w2] Потом: npm run dev → http://localhost:3000/coins/991001/ (или ROYAL_MINT_LOCAL_ID)
[72/192#w2] Картинки (если скачались): public/image/coins/foreign/ — пути уже в JSON монеты.
[72/192#w2] В БД: npm run royal-mint:import → npm run data:export (или data:export:incremental).

——— старт 74/192#w2 ———
https://www.royalmint.com/six-decades-of-007/bond-films-of-the-1990s/bond-films-of-the-1990s-2024-1oz-silver-proof-coin
[73/192#w1]   ✓ the-battles-of-lexington-and-concord-2025-uk-1oz-silver-proof-coin-rev.webp
[73/192#w1]   ✓ the-battles-of-lexington-and-concord-2025-uk-1oz-silver-proof-coin-box.webp
[73/192#w1] __RM_JSON__ /Users/mihail/Desktop/Нумизматика сайт/omonete-app/data/royal-mint-the-battles-of-lexington-and-concord-2025-uk-1oz-silver-proof-coin.json
[73/192#w1] 
[73/192#w1] Готово: /Users/mihail/Desktop/Нумизматика сайт/omonete-app/data/royal-mint-the-battles-of-lexington-and-concord-2025-uk-1oz-silver-proof-coin.json
[73/192#w1] Загрузка PDP: https://www.royalmint.com/shop/limited-editions/the-battles-of-lexington-and-concord/the-battles-of-lexington-and-concord-2025-uk-1oz-silver-proof-coin
[73/192#w1] Классификация картинок: {
[73/192#w1]   "obverse": "https://www.royalmint.com/globalassets/_ecommerce/commemorative/launches/2025-launches/battle-of-independence/product-images/uk25bis-the-battle-of-independence-2025-uk-1oz-silver-proof-coin-obverse-edge-1500x1500-f3a2c67.jpg",
[73/192#w1]   "reverse": "https://www.royalmint.com/globalassets/_ecommerce/commemorative/launches/2025-launches/battle-of-independence/product-images/uk25bis-the-battle-of-independence-2025-uk-1oz-silver-proof-coin-reverse-edge-1500x1500-f3a2c67.jpg",
[73/192#w1]   "blister_obverse": null,
[73/192#w1]   "blister_reverse": null,
[73/192#w1]   "box": "https://www.royalmint.com/globalassets/_ecommerce/commemorative/launches/2025-launches/battle-of-independence/product-images/the-battle-of-independence-2025-1oz-silver-proof-coin-case-left---uk25bis-1500x1500-f3a2c67.jpg",
[73/192#w1]   "certificate": null
[73/192#w1] }
[73/192#w1] 
[73/192#w1] ────────── Как увидеть монету на сайте (localhost) ──────────
[73/192#w1] Быстро (парсинг + public/data в один заход): npm run royal-mint:preview
[73/192#w1]   (или уже есть JSON: npx tsx scripts/royal-mint-to-public-catalog.ts "/Users/mihail/Desktop/Нумизматика сайт/omonete-app/data/royal-mint-the-battles-of-lexington-and-concord-2025-uk-1oz-silver-proof-coin.json")
[73/192#w1] Потом: npm run dev → http://localhost:3000/coins/991001/ (или ROYAL_MINT_LOCAL_ID)
[73/192#w1] Картинки (если скачались): public/image/coins/foreign/ — пути уже в JSON монеты.
[73/192#w1] В БД: npm run royal-mint:import → npm run data:export (или data:export:incremental).

——— старт 75/192#w1 ———
https://www.royalmint.com/the-royal-tudor-beasts/the-queens-lion/the-royal-tudor-beasts-the-queens-lion-2026-1oz-silver-proof-coin
[74/192#w2] Внимание: на странице не найден блок div.mod-section.specification — спеки взяты из остальных table (если есть).
[74/192#w2] __RM_JSON__ /Users/mihail/Desktop/Нумизматика сайт/omonete-app/data/royal-mint-bond-films-of-the-1990s-2024-1oz-silver-proof-coin.json
[74/192#w2] 
[74/192#w2] Готово: /Users/mihail/Desktop/Нумизматика сайт/omonete-app/data/royal-mint-bond-films-of-the-1990s-2024-1oz-silver-proof-coin.json
[74/192#w2] Загрузка PDP: https://www.royalmint.com/six-decades-of-007/bond-films-of-the-1990s/bond-films-of-the-1990s-2024-1oz-silver-proof-coin
[74/192#w2] Классификация картинок: {
[74/192#w2]   "obverse": null,
[74/192#w2]   "reverse": null,
[74/192#w2]   "blister_obverse": null,
[74/192#w2]   "blister_reverse": null,
[74/192#w2]   "box": null,
[74/192#w2]   "certificate": null
[74/192#w2] }
[74/192#w2] 
[74/192#w2] ────────── Как увидеть монету на сайте (localhost) ──────────
[74/192#w2] Быстро (парсинг + public/data в один заход): npm run royal-mint:preview
[74/192#w2]   (или уже есть JSON: npx tsx scripts/royal-mint-to-public-catalog.ts "/Users/mihail/Desktop/Нумизматика сайт/omonete-app/data/royal-mint-bond-films-of-the-1990s-2024-1oz-silver-proof-coin.json")
[74/192#w2] Потом: npm run dev → http://localhost:3000/coins/991001/ (или ROYAL_MINT_LOCAL_ID)
[74/192#w2] Картинки (если скачались): public/image/coins/foreign/ — пути уже в JSON монеты.
[74/192#w2] В БД: npm run royal-mint:import → npm run data:export (или data:export:incremental).

——— старт 76/192#w2 ———
https://www.royalmint.com/shop/limited-editions/200-years-of-the-modern-railway/200-years-of-the-modern-railway-collector-set
[75/192#w1] Блок характеристик: div.mod-section.specification — найден, полей в specs: 12
[75/192#w1]   ✓ the-royal-tudor-beasts-the-queens-lion-2026-1oz-silver-proof-coin-obv.webp
[75/192#w1]   ✓ the-royal-tudor-beasts-the-queens-lion-2026-1oz-silver-proof-coin-rev.webp
[75/192#w1]   ✓ the-royal-tudor-beasts-the-queens-lion-2026-1oz-silver-proof-coin-cert.webp
[75/192#w1] __RM_JSON__ /Users/mihail/Desktop/Нумизматика сайт/omonete-app/data/royal-mint-the-royal-tudor-beasts-the-queens-lion-2026-1oz-silver-proof-coin.json
[75/192#w1] 
[75/192#w1] Готово: /Users/mihail/Desktop/Нумизматика сайт/omonete-app/data/royal-mint-the-royal-tudor-beasts-the-queens-lion-2026-1oz-silver-proof-coin.json
[75/192#w1] Загрузка PDP: https://www.royalmint.com/the-royal-tudor-beasts/the-queens-lion/the-royal-tudor-beasts-the-queens-lion-2026-1oz-silver-proof-coin
[75/192#w1] Классификация картинок: {
[75/192#w1]   "obverse": "https://www.royalmint.com/globalassets/_ecommerce/commemorative/launches/2026-launches/royal-tudor-beasts/queens-lion/product-images/uk26qlspthe-royal-tudor-beasts-the-queen-s-lion-2026-uk-1oz-silver-proof-coin-obverse-upright-with-shadow.jpg",
[75/192#w1]   "reverse": "https://www.royalmint.com/globalassets/_ecommerce/commemorative/launches/2026-launches/royal-tudor-beasts/queens-lion/product-images/uk26qlspthe-royal-tudor-beasts-the-queen-s-lion-2026-uk-1oz-silver-proof-coin-reverse-upright-with-shadow.jpg",
[75/192#w1]   "blister_obverse": null,
[75/192#w1]   "blister_reverse": null,
[75/192#w1]   "box": null,
[75/192#w1]   "certificate": "https://www.royalmint.com/globalassets/_ecommerce/commemorative/launches/2026-launches/royal-tudor-beasts/queens-lion/product-images/uk26qlsp---the-royal-tudor-beasts-the-queen-s-lion-2026-uk-1oz-silver-proof-coin-case.jpg"
[75/192#w1] }
[75/192#w1] 
[75/192#w1] ────────── Как увидеть монету на сайте (localhost) ──────────
[75/192#w1] Быстро (парсинг + public/data в один заход): npm run royal-mint:preview
[75/192#w1]   (или уже есть JSON: npx tsx scripts/royal-mint-to-public-catalog.ts "/Users/mihail/Desktop/Нумизматика сайт/omonete-app/data/royal-mint-the-royal-tudor-beasts-the-queens-lion-2026-1oz-silver-proof-coin.json")
[75/192#w1] Потом: npm run dev → http://localhost:3000/coins/991001/ (или ROYAL_MINT_LOCAL_ID)
[75/192#w1] Картинки (если скачались): public/image/coins/foreign/ — пути уже в JSON монеты.
[75/192#w1] В БД: npm run royal-mint:import → npm run data:export (или data:export:incremental).

——— старт 77/192#w1 ———
https://www.royalmint.com/shop/limited-editions/portraits-of-a-queen/the-second-effigy/elizabeth-ii-the-second-effigy-2026-silver-proof-coin
[76/192#w2] Блок характеристик: div.mod-section.specification — найден, полей в specs: 10
[76/192#w2]   ✓ 200-years-of-the-modern-railway-collector-set-obv.webp
[76/192#w2]   ✓ 200-years-of-the-modern-railway-collector-set-rev.webp
[76/192#w2]   ✓ 200-years-of-the-modern-railway-collector-set-cert.webp
[76/192#w2] __RM_JSON__ /Users/mihail/Desktop/Нумизматика сайт/omonete-app/data/royal-mint-200-years-of-the-modern-railway-collector-set.json
[76/192#w2] 
[76/192#w2] Готово: /Users/mihail/Desktop/Нумизматика сайт/omonete-app/data/royal-mint-200-years-of-the-modern-railway-collector-set.json
[76/192#w2] Загрузка PDP: https://www.royalmint.com/shop/limited-editions/200-years-of-the-modern-railway/200-years-of-the-modern-railway-collector-set
[76/192#w2] Классификация картинок: {
[76/192#w2]   "obverse": "https://www.royalmint.com/globalassets/_ecommerce/commemorative/launches/2025-launches/modern-railway/product-images/uk25ttsp---200-years-of-the-modern-railway-2025-uk-gbp2-silver-proof-coin-obverse-edge---1500x1500-f3a2c67.jpg",
[76/192#w2]   "reverse": "https://www.royalmint.com/globalassets/_ecommerce/commemorative/launches/2025-launches/modern-railway/product-images/uk25ttsp---200-years-of-the-modern-railway-2025-uk-gbp2-silver-proof-coin-reverse-edge---1500x1500-f3a2c67.jpg",
[76/192#w2]   "blister_obverse": null,
[76/192#w2]   "blister_reverse": null,
[76/192#w2]   "box": null,
[76/192#w2]   "certificate": "https://www.royalmint.com/globalassets/_ecommerce/commemorative/launches/2025-launches/modern-railway/product-images/his25tss-t200-years-of-the-modern-railway-collector-set-case-1500x1500-f3a2c67.jpg"
[76/192#w2] }
[76/192#w2] 
[76/192#w2] ────────── Как увидеть монету на сайте (localhost) ──────────
[76/192#w2] Быстро (парсинг + public/data в один заход): npm run royal-mint:preview
[76/192#w2]   (или уже есть JSON: npx tsx scripts/royal-mint-to-public-catalog.ts "/Users/mihail/Desktop/Нумизматика сайт/omonete-app/data/royal-mint-200-years-of-the-modern-railway-collector-set.json")
[76/192#w2] Потом: npm run dev → http://localhost:3000/coins/991001/ (или ROYAL_MINT_LOCAL_ID)
[76/192#w2] Картинки (если скачались): public/image/coins/foreign/ — пути уже в JSON монеты.
[76/192#w2] В БД: npm run royal-mint:import → npm run data:export (или data:export:incremental).

——— старт 78/192#w2 ———
https://www.royalmint.com/the-royal-tudor-beasts/seymour-unicorn/the-royal-tudor-beasts-the-seymour-unicorn-2024-10oz-silver-proof-coin
[77/192#w1] Внимание: на странице не найден блок div.mod-section.specification — спеки взяты из остальных table (если есть).
[77/192#w1]   ✓ elizabeth-ii-the-second-effigy-2026-silver-proof-coin-obv.webp
[77/192#w1]   ✓ elizabeth-ii-the-second-effigy-2026-silver-proof-coin-rev.webp
[77/192#w1]   ✓ elizabeth-ii-the-second-effigy-2026-silver-proof-coin-cert.webp
[77/192#w1] __RM_JSON__ /Users/mihail/Desktop/Нумизматика сайт/omonete-app/data/royal-mint-elizabeth-ii-the-second-effigy-2026-silver-proof-coin.json
[77/192#w1] 
[77/192#w1] Готово: /Users/mihail/Desktop/Нумизматика сайт/omonete-app/data/royal-mint-elizabeth-ii-the-second-effigy-2026-silver-proof-coin.json
[77/192#w1] Загрузка PDP: https://www.royalmint.com/shop/limited-editions/portraits-of-a-queen/the-second-effigy/elizabeth-ii-the-second-effigy-2026-silver-proof-coin
[77/192#w1] Классификация картинок: {
[77/192#w1]   "obverse": "https://www.royalmint.com/globalassets/_ecommerce/commemorative/launches/2026-launches/portraits-of-a-queen/the-second-effigy/product-images/uk26qe4sppportraits-of-a-queen---elizabeth-ii-the-second-effigy-2026-uk-5-silver-proof-coin-obverse-with-edge.jpg",
[77/192#w1]   "reverse": "https://www.royalmint.com/globalassets/_ecommerce/commemorative/launches/2026-launches/portraits-of-a-queen/the-second-effigy/product-images/uk26qe4sppportraits-of-a-queen---elizabeth-ii-the-second-effigy-2026-uk-5-silver-proof-coin-reverse-with-edge.jpg",
[77/192#w1]   "blister_obverse": null,
[77/192#w1]   "blister_reverse": null,
[77/192#w1]   "box": null,
[77/192#w1]   "certificate": "https://www.royalmint.com/globalassets/_ecommerce/commemorative/launches/2026-launches/portraits-of-a-queen/the-second-effigy/product-images/uk26qe4pfportraits-of-a-queen---elizabeth-ii-the-second-effigy-2026-uk-5-silver-proof-piedfort-coin-case.jpg"
[77/192#w1] }
[77/192#w1] 
[77/192#w1] ────────── Как увидеть монету на сайте (localhost) ──────────
[77/192#w1] Быстро (парсинг + public/data в один заход): npm run royal-mint:preview
[77/192#w1]   (или уже есть JSON: npx tsx scripts/royal-mint-to-public-catalog.ts "/Users/mihail/Desktop/Нумизматика сайт/omonete-app/data/royal-mint-elizabeth-ii-the-second-effigy-2026-silver-proof-coin.json")
[77/192#w1] Потом: npm run dev → http://localhost:3000/coins/991001/ (или ROYAL_MINT_LOCAL_ID)
[77/192#w1] Картинки (если скачались): public/image/coins/foreign/ — пути уже в JSON монеты.
[77/192#w1] В БД: npm run royal-mint:import → npm run data:export (или data:export:incremental).

——— старт 79/192#w1 ———
https://www.royalmint.com/shop/coin-sets/the-legacy-of-the-napoleonic-war-four-coin-set
[78/192#w2] Блок характеристик: div.mod-section.specification — найден, полей в specs: 11
[78/192#w2] __RM_JSON__ /Users/mihail/Desktop/Нумизматика сайт/omonete-app/data/royal-mint-the-royal-tudor-beasts-the-seymour-unicorn-2024-10oz-silver-proof-coin.json
[78/192#w2] 
[78/192#w2] Готово: /Users/mihail/Desktop/Нумизматика сайт/omonete-app/data/royal-mint-the-royal-tudor-beasts-the-seymour-unicorn-2024-10oz-silver-proof-coin.json
[78/192#w2] Загрузка PDP: https://www.royalmint.com/the-royal-tudor-beasts/seymour-unicorn/the-royal-tudor-beasts-the-seymour-unicorn-2024-10oz-silver-proof-coin
[78/192#w2] Классификация картинок: {
[78/192#w2]   "obverse": null,
[78/192#w2]   "reverse": null,
[78/192#w2]   "blister_obverse": null,
[78/192#w2]   "blister_reverse": null,
[78/192#w2]   "box": null,
[78/192#w2]   "certificate": null
[78/192#w2] }
[78/192#w2] 
[78/192#w2] ────────── Как увидеть монету на сайте (localhost) ──────────
[78/192#w2] Быстро (парсинг + public/data в один заход): npm run royal-mint:preview
[78/192#w2]   (или уже есть JSON: npx tsx scripts/royal-mint-to-public-catalog.ts "/Users/mihail/Desktop/Нумизматика сайт/omonete-app/data/royal-mint-the-royal-tudor-beasts-the-seymour-unicorn-2024-10oz-silver-proof-coin.json")
[78/192#w2] Потом: npm run dev → http://localhost:3000/coins/991001/ (или ROYAL_MINT_LOCAL_ID)
[78/192#w2] Картинки (если скачались): public/image/coins/foreign/ — пути уже в JSON монеты.
[78/192#w2] В БД: npm run royal-mint:import → npm run data:export (или data:export:incremental).

——— старт 80/192#w2 ———
https://www.royalmint.com/the-royal-tudor-beasts/seymour-unicorn/the-royal-tudor-beasts-the-seymour-unicorn-2024-5oz-silver-proof-coin
[79/192#w1] Блок характеристик: div.mod-section.specification — найден, полей в specs: 10
[79/192#w1]   ✓ the-legacy-of-the-napoleonic-war-four-coin-set-obv.webp
[79/192#w1]   ✓ the-legacy-of-the-napoleonic-war-four-coin-set-rev.webp
[79/192#w1]   ✓ the-legacy-of-the-napoleonic-war-four-coin-set-box.webp
[79/192#w1] __RM_JSON__ /Users/mihail/Desktop/Нумизматика сайт/omonete-app/data/royal-mint-the-legacy-of-the-napoleonic-war-four-coin-set.json
[79/192#w1] 
[79/192#w1] Готово: /Users/mihail/Desktop/Нумизматика сайт/omonete-app/data/royal-mint-the-legacy-of-the-napoleonic-war-four-coin-set.json
[79/192#w1] Загрузка PDP: https://www.royalmint.com/shop/coin-sets/the-legacy-of-the-napoleonic-war-four-coin-set
[79/192#w1] Классификация картинок: {
[79/192#w1]   "obverse": "https://www.royalmint.com/globalassets/_ecommerce/commemorative/launches/2025-launches/waterloo-medal---victory/product-images/historic-set/hisbwsst-the-waterloo-medal---allied-leaders-2024-uk-2oz-silver-proof-coin-obverse--1500x1500-f3a2c67.jpg",
[79/192#w1]   "reverse": "https://www.royalmint.com/globalassets/_ecommerce/commemorative/launches/2025-launches/waterloo-medal---victory/product-images/historic-set/hisbwsst-the-waterloo-medal---allied-leaders-2024-uk-2oz-silver-proof-coin-reverse--1500x1500-f3a2c67.jpg",
[79/192#w1]   "blister_obverse": null,
[79/192#w1]   "blister_reverse": null,
[79/192#w1]   "box": "https://www.royalmint.com/globalassets/_ecommerce/commemorative/launches/2025-launches/waterloo-medal---victory/product-images/historic-set/hisbwsst-tthe-legacy-of-the-napoleonic-war-four-coin-set-case-right-coins.jpg",
[79/192#w1]   "certificate": null
[79/192#w1] }
[79/192#w1] 
[79/192#w1] ────────── Как увидеть монету на сайте (localhost) ──────────
[79/192#w1] Быстро (парсинг + public/data в один заход): npm run royal-mint:preview
[79/192#w1]   (или уже есть JSON: npx tsx scripts/royal-mint-to-public-catalog.ts "/Users/mihail/Desktop/Нумизматика сайт/omonete-app/data/royal-mint-the-legacy-of-the-napoleonic-war-four-coin-set.json")
[79/192#w1] Потом: npm run dev → http://localhost:3000/coins/991001/ (или ROYAL_MINT_LOCAL_ID)
[79/192#w1] Картинки (если скачались): public/image/coins/foreign/ — пути уже в JSON монеты.
[79/192#w1] В БД: npm run royal-mint:import → npm run data:export (или data:export:incremental).

——— старт 81/192#w1 ———
https://www.royalmint.com/shop/ancient-historic/trial-of-the-pyx/archive/King-Charles-III-Definitives-2024-UK-50p-Silver-Proof-Coin
[80/192#w2] Блок характеристик: div.mod-section.specification — найден, полей в specs: 11
[80/192#w2] __RM_JSON__ /Users/mihail/Desktop/Нумизматика сайт/omonete-app/data/royal-mint-the-royal-tudor-beasts-the-seymour-unicorn-2024-5oz-silver-proof-coin.json
[80/192#w2] 
[80/192#w2] Готово: /Users/mihail/Desktop/Нумизматика сайт/omonete-app/data/royal-mint-the-royal-tudor-beasts-the-seymour-unicorn-2024-5oz-silver-proof-coin.json
[80/192#w2] Загрузка PDP: https://www.royalmint.com/the-royal-tudor-beasts/seymour-unicorn/the-royal-tudor-beasts-the-seymour-unicorn-2024-5oz-silver-proof-coin
[80/192#w2] Классификация картинок: {
[80/192#w2]   "obverse": null,
[80/192#w2]   "reverse": null,
[80/192#w2]   "blister_obverse": null,
[80/192#w2]   "blister_reverse": null,
[80/192#w2]   "box": null,
[80/192#w2]   "certificate": null
[80/192#w2] }
[80/192#w2] 
[80/192#w2] ────────── Как увидеть монету на сайте (localhost) ──────────
[80/192#w2] Быстро (парсинг + public/data в один заход): npm run royal-mint:preview
[80/192#w2]   (или уже есть JSON: npx tsx scripts/royal-mint-to-public-catalog.ts "/Users/mihail/Desktop/Нумизматика сайт/omonete-app/data/royal-mint-the-royal-tudor-beasts-the-seymour-unicorn-2024-5oz-silver-proof-coin.json")
[80/192#w2] Потом: npm run dev → http://localhost:3000/coins/991001/ (или ROYAL_MINT_LOCAL_ID)
[80/192#w2] Картинки (если скачались): public/image/coins/foreign/ — пути уже в JSON монеты.
[80/192#w2] В БД: npm run royal-mint:import → npm run data:export (или data:export:incremental).

——— старт 82/192#w2 ———
https://www.royalmint.com/the-royal-tudor-beasts/seymour-unicorn/the-royal-tudor-beasts-the-seymour-unicorn-2024-silver-proof-two-coin-set
[81/192#w1] Внимание: на странице не найден блок div.mod-section.specification — спеки взяты из остальных table (если есть).
[81/192#w1] __RM_JSON__ /Users/mihail/Desktop/Нумизматика сайт/omonete-app/data/royal-mint-king-charles-iii-definitives-2024-uk-50p-silver-proof-coin.json
[81/192#w1] 
[81/192#w1] Готово: /Users/mihail/Desktop/Нумизматика сайт/omonete-app/data/royal-mint-king-charles-iii-definitives-2024-uk-50p-silver-proof-coin.json
[81/192#w1] Загрузка PDP: https://www.royalmint.com/shop/ancient-historic/trial-of-the-pyx/archive/King-Charles-III-Definitives-2024-UK-50p-Silver-Proof-Coin
[81/192#w1] Классификация картинок: {
[81/192#w1]   "obverse": null,
[81/192#w1]   "reverse": null,
[81/192#w1]   "blister_obverse": null,
[81/192#w1]   "blister_reverse": null,
[81/192#w1]   "box": null,
[81/192#w1]   "certificate": null
[81/192#w1] }
[81/192#w1] 
[81/192#w1] ────────── Как увидеть монету на сайте (localhost) ──────────
[81/192#w1] Быстро (парсинг + public/data в один заход): npm run royal-mint:preview
[81/192#w1]   (или уже есть JSON: npx tsx scripts/royal-mint-to-public-catalog.ts "/Users/mihail/Desktop/Нумизматика сайт/omonete-app/data/royal-mint-king-charles-iii-definitives-2024-uk-50p-silver-proof-coin.json")
[81/192#w1] Потом: npm run dev → http://localhost:3000/coins/991001/ (или ROYAL_MINT_LOCAL_ID)
[81/192#w1] Картинки (если скачались): public/image/coins/foreign/ — пути уже в JSON монеты.
[81/192#w1] В БД: npm run royal-mint:import → npm run data:export (или data:export:incremental).

——— старт 83/192#w1 ———
https://www.royalmint.com/shop/limited-editions/portraits-of-a-queen/the-third-effigy/portraits-of-a-queen-elizabeth-ii-the-third-effigy-2026-silver-proof-coin
[82/192#w2] Блок характеристик: div.mod-section.specification — найден, полей в specs: 11
[82/192#w2] __RM_JSON__ /Users/mihail/Desktop/Нумизматика сайт/omonete-app/data/royal-mint-the-royal-tudor-beasts-the-seymour-unicorn-2024-silver-proof-two-coin-set.json
[82/192#w2] 
[82/192#w2] Готово: /Users/mihail/Desktop/Нумизматика сайт/omonete-app/data/royal-mint-the-royal-tudor-beasts-the-seymour-unicorn-2024-silver-proof-two-coin-set.json
[82/192#w2] Загрузка PDP: https://www.royalmint.com/the-royal-tudor-beasts/seymour-unicorn/the-royal-tudor-beasts-the-seymour-unicorn-2024-silver-proof-two-coin-set
[82/192#w2] Классификация картинок: {
[82/192#w2]   "obverse": null,
[82/192#w2]   "reverse": null,
[82/192#w2]   "blister_obverse": null,
[82/192#w2]   "blister_reverse": null,
[82/192#w2]   "box": null,
[82/192#w2]   "certificate": null
[82/192#w2] }
[82/192#w2] 
[82/192#w2] ────────── Как увидеть монету на сайте (localhost) ──────────
[82/192#w2] Быстро (парсинг + public/data в один заход): npm run royal-mint:preview
[82/192#w2]   (или уже есть JSON: npx tsx scripts/royal-mint-to-public-catalog.ts "/Users/mihail/Desktop/Нумизматика сайт/omonete-app/data/royal-mint-the-royal-tudor-beasts-the-seymour-unicorn-2024-silver-proof-two-coin-set.json")
[82/192#w2] Потом: npm run dev → http://localhost:3000/coins/991001/ (или ROYAL_MINT_LOCAL_ID)
[82/192#w2] Картинки (если скачались): public/image/coins/foreign/ — пути уже в JSON монеты.
[82/192#w2] В БД: npm run royal-mint:import → npm run data:export (или data:export:incremental).

——— старт 84/192#w2 ———
https://www.royalmint.com/shop/limited-editions/red-arrows/The-Red-Arrows-Collector-Coin-Set
[83/192#w1] Внимание: на странице не найден блок div.mod-section.specification — спеки взяты из остальных table (если есть).
[83/192#w1]   ✓ portraits-of-a-queen-elizabeth-ii-the-third-effigy-2026-silver-proof-coin-obv.webp
[83/192#w1]   ✓ portraits-of-a-queen-elizabeth-ii-the-third-effigy-2026-silver-proof-coin-rev.webp
[83/192#w1]   ✓ portraits-of-a-queen-elizabeth-ii-the-third-effigy-2026-silver-proof-coin-box.webp
[84/192#w2] Блок характеристик: div.mod-section.specification — найден, полей в specs: 9
[83/192#w1]   ✓ portraits-of-a-queen-elizabeth-ii-the-third-effigy-2026-silver-proof-coin-cert.webp
[83/192#w1] __RM_JSON__ /Users/mihail/Desktop/Нумизматика сайт/omonete-app/data/royal-mint-portraits-of-a-queen-elizabeth-ii-the-third-effigy-2026-silver-proof-coin.json
[83/192#w1] 
[83/192#w1] Готово: /Users/mihail/Desktop/Нумизматика сайт/omonete-app/data/royal-mint-portraits-of-a-queen-elizabeth-ii-the-third-effigy-2026-silver-proof-coin.json
[83/192#w1] Загрузка PDP: https://www.royalmint.com/shop/limited-editions/portraits-of-a-queen/the-third-effigy/portraits-of-a-queen-elizabeth-ii-the-third-effigy-2026-silver-proof-coin
[83/192#w1] Классификация картинок: {
[83/192#w1]   "obverse": "https://www.royalmint.com/globalassets/_ecommerce/commemorative/launches/2026-launches/portraits-of-a-queen/the-third-effigy/product-images/uk26qe3spp---portraits-of-a-queen---elizabeth-ii-the-third-effigy-2026-uk-5-silver-proof-coin-obverse-shadow-edge.jpg",
[83/192#w1]   "reverse": "https://www.royalmint.com/globalassets/_ecommerce/commemorative/launches/2026-launches/portraits-of-a-queen/the-third-effigy/product-images/uk26qe3gp---portraits-of-a-queen---elizabeth-ii-the-third-effigy-2026-uk-5-gold-proof-coin-reverse-case.jpg",
[83/192#w1]   "blister_obverse": null,
[83/192#w1]   "blister_reverse": null,
[83/192#w1]   "box": "https://www.royalmint.com/globalassets/_ecommerce/commemorative/launches/2026-launches/portraits-of-a-queen/the-third-effigy/product-images/uk26qe3bu---portraits-of-a-queen---elizabeth-ii-the-third-effigy-2026-uk-5-brilliant-uncirculated-coin-pack-open.jpg",
[83/192#w1]   "certificate": "https://www.royalmint.com/globalassets/_ecommerce/commemorative/launches/2026-launches/portraits-of-a-queen/the-third-effigy/product-images/uk26qe3pf---portraits-of-a-queen---elizabeth-ii-the-third-effigy-2026-uk-5-silver-proof-piedfort-coin-case.jpg"
[83/192#w1] }
[83/192#w1] 
[83/192#w1] ────────── Как увидеть монету на сайте (localhost) ──────────
[83/192#w1] Быстро (парсинг + public/data в один заход): npm run royal-mint:preview
[83/192#w1]   (или уже есть JSON: npx tsx scripts/royal-mint-to-public-catalog.ts "/Users/mihail/Desktop/Нумизматика сайт/omonete-app/data/royal-mint-portraits-of-a-queen-elizabeth-ii-the-third-effigy-2026-silver-proof-coin.json")
[83/192#w1] Потом: npm run dev → http://localhost:3000/coins/991001/ (или ROYAL_MINT_LOCAL_ID)
[83/192#w1] Картинки (если скачались): public/image/coins/foreign/ — пути уже в JSON монеты.
[83/192#w1] В БД: npm run royal-mint:import → npm run data:export (или data:export:incremental).

——— старт 85/192#w1 ———
https://www.royalmint.com/shop/limited-editions/portraits-of-a-queen/the-fourth-effigy/portraits-of-a-queen-elizabeth-ii-the-fourth-effigy-2026-silver-proof-coin
[84/192#w2]   ✓ the-red-arrows-collector-coin-set-obv.webp
[84/192#w2]   ✓ the-red-arrows-collector-coin-set-rev.webp
[84/192#w2]   ✓ the-red-arrows-collector-coin-set-box.webp
[84/192#w2] __RM_JSON__ /Users/mihail/Desktop/Нумизматика сайт/omonete-app/data/royal-mint-the-red-arrows-collector-coin-set.json
[84/192#w2] 
[84/192#w2] Готово: /Users/mihail/Desktop/Нумизматика сайт/omonete-app/data/royal-mint-the-red-arrows-collector-coin-set.json
[84/192#w2] Загрузка PDP: https://www.royalmint.com/shop/limited-editions/red-arrows/The-Red-Arrows-Collector-Coin-Set
[84/192#w2] Классификация картинок: {
[84/192#w2]   "obverse": "https://www.royalmint.com/globalassets/__rebrand/_structure/shop/editions/_historic-coins/_product-image/queen-elizabeth-ii-1965-two-shillings-obverse-hise2965f.jpg",
[84/192#w2]   "reverse": "https://www.royalmint.com/globalassets/__rebrand/_structure/shop/editions/_historic-coins/_product-image/queen-elizabeth-ii-1965-two-shillings-reverse-hise2965f.jpg",
[84/192#w2]   "blister_obverse": null,
[84/192#w2]   "blister_reverse": null,
[84/192#w2]   "box": "https://www.royalmint.com/globalassets/__rebrand/_structure/shop/editions/_historic-coins/_product-image/hisracs-the-red-arrows-collector-coin-set-case-right.jpg",
[84/192#w2]   "certificate": null
[84/192#w2] }
[84/192#w2] 
[84/192#w2] ────────── Как увидеть монету на сайте (localhost) ──────────
[84/192#w2] Быстро (парсинг + public/data в один заход): npm run royal-mint:preview
[84/192#w2]   (или уже есть JSON: npx tsx scripts/royal-mint-to-public-catalog.ts "/Users/mihail/Desktop/Нумизматика сайт/omonete-app/data/royal-mint-the-red-arrows-collector-coin-set.json")
[84/192#w2] Потом: npm run dev → http://localhost:3000/coins/991001/ (или ROYAL_MINT_LOCAL_ID)
[84/192#w2] Картинки (если скачались): public/image/coins/foreign/ — пути уже в JSON монеты.
[84/192#w2] В БД: npm run royal-mint:import → npm run data:export (или data:export:incremental).

——— старт 86/192#w2 ———
https://www.royalmint.com/shop/limited-editions/dinosaurs-iconic-specimens/stegosaurus/stegosaurus-2024-50p-silver-proof-colour-coin
[85/192#w1] Внимание: на странице не найден блок div.mod-section.specification — спеки взяты из остальных table (если есть).
[85/192#w1]   ✓ portraits-of-a-queen-elizabeth-ii-the-fourth-effigy-2026-silver-proof-coin-obv.webp
[85/192#w1]   ✓ portraits-of-a-queen-elizabeth-ii-the-fourth-effigy-2026-silver-proof-coin-rev.webp
[86/192#w2] Внимание: на странице не найден блок div.mod-section.specification — спеки взяты из остальных table (если есть).
[86/192#w2] __RM_JSON__ /Users/mihail/Desktop/Нумизматика сайт/omonete-app/data/royal-mint-stegosaurus-2024-50p-silver-proof-colour-coin.json
[86/192#w2] 
[86/192#w2] Готово: /Users/mihail/Desktop/Нумизматика сайт/omonete-app/data/royal-mint-stegosaurus-2024-50p-silver-proof-colour-coin.json
[86/192#w2] Загрузка PDP: https://www.royalmint.com/shop/limited-editions/dinosaurs-iconic-specimens/stegosaurus/stegosaurus-2024-50p-silver-proof-colour-coin
[86/192#w2] Классификация картинок: {
[86/192#w2]   "obverse": null,
[86/192#w2]   "reverse": null,
[86/192#w2]   "blister_obverse": null,
[86/192#w2]   "blister_reverse": null,
[86/192#w2]   "box": null,
[86/192#w2]   "certificate": null
[86/192#w2] }
[86/192#w2] 
[86/192#w2] ────────── Как увидеть монету на сайте (localhost) ──────────
[86/192#w2] Быстро (парсинг + public/data в один заход): npm run royal-mint:preview
[86/192#w2]   (или уже есть JSON: npx tsx scripts/royal-mint-to-public-catalog.ts "/Users/mihail/Desktop/Нумизматика сайт/omonete-app/data/royal-mint-stegosaurus-2024-50p-silver-proof-colour-coin.json")
[86/192#w2] Потом: npm run dev → http://localhost:3000/coins/991001/ (или ROYAL_MINT_LOCAL_ID)
[86/192#w2] Картинки (если скачались): public/image/coins/foreign/ — пути уже в JSON монеты.
[86/192#w2] В БД: npm run royal-mint:import → npm run data:export (или data:export:incremental).

——— старт 87/192#w2 ———
https://www.royalmint.com/shop/ancient-historic/trial-of-the-pyx/Britannia-and-Liberty-2024-UK-1-4oz-Silver-Bullion-Coin
[85/192#w1]   ✓ portraits-of-a-queen-elizabeth-ii-the-fourth-effigy-2026-silver-proof-coin-box.webp
[85/192#w1]   ✓ portraits-of-a-queen-elizabeth-ii-the-fourth-effigy-2026-silver-proof-coin-cert.webp
[85/192#w1] __RM_JSON__ /Users/mihail/Desktop/Нумизматика сайт/omonete-app/data/royal-mint-portraits-of-a-queen-elizabeth-ii-the-fourth-effigy-2026-silver-proof-coin.json
[85/192#w1] 
[85/192#w1] Готово: /Users/mihail/Desktop/Нумизматика сайт/omonete-app/data/royal-mint-portraits-of-a-queen-elizabeth-ii-the-fourth-effigy-2026-silver-proof-coin.json
[85/192#w1] Загрузка PDP: https://www.royalmint.com/shop/limited-editions/portraits-of-a-queen/the-fourth-effigy/portraits-of-a-queen-elizabeth-ii-the-fourth-effigy-2026-silver-proof-coin
[85/192#w1] Классификация картинок: {
[85/192#w1]   "obverse": "https://www.royalmint.com/globalassets/_ecommerce/commemorative/launches/2026-launches/portraits-of-a-queen/fourth-effigy/product-images/uk26qe2sppportraits-of-a-queen---elizabeth-ii-the-fourth-effigy-2026-uk-5-silver-proof-coin-obverse-with-edge.jpg",
[85/192#w1]   "reverse": "https://www.royalmint.com/globalassets/_ecommerce/commemorative/launches/2026-launches/portraits-of-a-queen/fourth-effigy/product-images/uk26qe2sppportraits-of-a-queen---elizabeth-ii-the-fourth-effigy-2026-uk-5-silver-proof-coin-reverse-with-edge.jpg",
[85/192#w1]   "blister_obverse": null,
[85/192#w1]   "blister_reverse": null,
[85/192#w1]   "box": "https://www.royalmint.com/globalassets/_ecommerce/commemorative/launches/2026-launches/portraits-of-a-queen/fourth-effigy/product-images/uk26qe2bu---portraits-of-a-queen---elizabeth-ii-the-fourth-effigy-2026-uk-5-bu-coin-pack-front.jpg",
[85/192#w1]   "certificate": "https://www.royalmint.com/globalassets/_ecommerce/commemorative/launches/2026-launches/portraits-of-a-queen/fourth-effigy/product-images/uk26qe2pf---portraits-of-a-queen---elizabeth-ii-the-fourth-effigy-2026-uk-5-silver-proof-piedfort-case.jpg"
[85/192#w1] }
[85/192#w1] 
[85/192#w1] ────────── Как увидеть монету на сайте (localhost) ──────────
[85/192#w1] Быстро (парсинг + public/data в один заход): npm run royal-mint:preview
[85/192#w1]   (или уже есть JSON: npx tsx scripts/royal-mint-to-public-catalog.ts "/Users/mihail/Desktop/Нумизматика сайт/omonete-app/data/royal-mint-portraits-of-a-queen-elizabeth-ii-the-fourth-effigy-2026-silver-proof-coin.json")
[85/192#w1] Потом: npm run dev → http://localhost:3000/coins/991001/ (или ROYAL_MINT_LOCAL_ID)
[85/192#w1] Картинки (если скачались): public/image/coins/foreign/ — пути уже в JSON монеты.
[85/192#w1] В БД: npm run royal-mint:import → npm run data:export (или data:export:incremental).

——— старт 88/192#w1 ———
https://www.royalmint.com/shop/limited-editions/ice-age-giants/the-great-mammoth/steppe-mammoth-2024-50p-silver-proof-colour-coin
[87/192#w2] Блок характеристик: div.mod-section.specification — найден, полей в specs: 8
[87/192#w2]   ✓ britannia-and-liberty-2024-uk-1-4oz-silver-bullion-coin-obv.webp
[87/192#w2]   ✓ britannia-and-liberty-2024-uk-1-4oz-silver-bullion-coin-rev.webp
[87/192#w2] __RM_JSON__ /Users/mihail/Desktop/Нумизматика сайт/omonete-app/data/royal-mint-britannia-and-liberty-2024-uk-1-4oz-silver-bullion-coin.json
[87/192#w2] 
[87/192#w2] Готово: /Users/mihail/Desktop/Нумизматика сайт/omonete-app/data/royal-mint-britannia-and-liberty-2024-uk-1-4oz-silver-bullion-coin.json
[87/192#w2] Загрузка PDP: https://www.royalmint.com/shop/ancient-historic/trial-of-the-pyx/Britannia-and-Liberty-2024-UK-1-4oz-Silver-Bullion-Coin
[87/192#w2] Классификация картинок: {
[87/192#w2]   "obverse": "https://www.royalmint.com/globalassets/_ecommerce/collect/launches/2025/trial-of-the-pyx/images/uks04739s-2024-quarter-oz-ag-britannia-liberty--reverse-tp25px104.jpg",
[87/192#w2]   "reverse": "https://www.royalmint.com/globalassets/_ecommerce/collect/launches/2025/trial-of-the-pyx/images/uks04739s-2024-quarter-oz-ag-britannia-liberty--reverse-tp25px104.jpg",
[87/192#w2]   "blister_obverse": null,
[87/192#w2]   "blister_reverse": null,
[87/192#w2]   "box": null,
[87/192#w2]   "certificate": null
[87/192#w2] }
[87/192#w2] 
[87/192#w2] ────────── Как увидеть монету на сайте (localhost) ──────────
[87/192#w2] Быстро (парсинг + public/data в один заход): npm run royal-mint:preview
[87/192#w2]   (или уже есть JSON: npx tsx scripts/royal-mint-to-public-catalog.ts "/Users/mihail/Desktop/Нумизматика сайт/omonete-app/data/royal-mint-britannia-and-liberty-2024-uk-1-4oz-silver-bullion-coin.json")
[87/192#w2] Потом: npm run dev → http://localhost:3000/coins/991001/ (или ROYAL_MINT_LOCAL_ID)
[87/192#w2] Картинки (если скачались): public/image/coins/foreign/ — пути уже в JSON монеты.
[87/192#w2] В БД: npm run royal-mint:import → npm run data:export (или data:export:incremental).

——— старт 89/192#w2 ———
https://www.royalmint.com/shop/limited-editions/the-lion-and-eagle/commemorative/the-lion-and-the-eagle-2026-2oz-silver-proof-coin
[88/192#w1] Внимание: на странице не найден блок div.mod-section.specification — спеки взяты из остальных table (если есть).
[88/192#w1]   ✓ steppe-mammoth-2024-50p-silver-proof-colour-coin-obv.webp
[88/192#w1]   ✓ steppe-mammoth-2024-50p-silver-proof-colour-coin-rev.webp
[88/192#w1]   ✓ steppe-mammoth-2024-50p-silver-proof-colour-coin-box.webp
[88/192#w1] __RM_JSON__ /Users/mihail/Desktop/Нумизматика сайт/omonete-app/data/royal-mint-steppe-mammoth-2024-50p-silver-proof-colour-coin.json
[88/192#w1] 
[88/192#w1] Готово: /Users/mihail/Desktop/Нумизматика сайт/omonete-app/data/royal-mint-steppe-mammoth-2024-50p-silver-proof-colour-coin.json
[88/192#w1] Загрузка PDP: https://www.royalmint.com/shop/limited-editions/ice-age-giants/the-great-mammoth/steppe-mammoth-2024-50p-silver-proof-colour-coin
[88/192#w1] Классификация картинок: {
[88/192#w1]   "obverse": "https://www.royalmint.com/globalassets/_ecommerce/commemorative/launches/2024-launches/tales-of-the-ice-age/steppe-mammoth/product-images/uk24iamspc---steppe-mammoth-2024-uk-50p-silver-proof-colour-coin-reverse-edge-1500x1500-f3a2c67.jpg",
[88/192#w1]   "reverse": "https://www.royalmint.com/globalassets/_ecommerce/commemorative/launches/2024-launches/tales-of-the-ice-age/steppe-mammoth/product-images/uk24iamspc---steppe-mammoth-2024-uk-50p-silver-proof-colour-coin-reverse-edge-1500x1500-f3a2c67.jpg",
[88/192#w1]   "blister_obverse": null,
[88/192#w1]   "blister_reverse": null,
[88/192#w1]   "box": "https://www.royalmint.com/globalassets/_ecommerce/commemorative/launches/2024-launches/tales-of-the-ice-age/steppe-mammoth/product-images/uk24iambu---steppe-mammoth-2024-uk-50p-brilliant-uncirculated-coin-pack-front-closed-1500x1500-f3a2c67.jpg",
[88/192#w1]   "certificate": null
[88/192#w1] }
[88/192#w1] 
[88/192#w1] ────────── Как увидеть монету на сайте (localhost) ──────────
[88/192#w1] Быстро (парсинг + public/data в один заход): npm run royal-mint:preview
[88/192#w1]   (или уже есть JSON: npx tsx scripts/royal-mint-to-public-catalog.ts "/Users/mihail/Desktop/Нумизматика сайт/omonete-app/data/royal-mint-steppe-mammoth-2024-50p-silver-proof-colour-coin.json")
[88/192#w1] Потом: npm run dev → http://localhost:3000/coins/991001/ (или ROYAL_MINT_LOCAL_ID)
[88/192#w1] Картинки (если скачались): public/image/coins/foreign/ — пути уже в JSON монеты.
[88/192#w1] В БД: npm run royal-mint:import → npm run data:export (или data:export:incremental).

——— старт 90/192#w1 ———
https://www.royalmint.com/great-engravers/the-william-iv-crown/william-iv-crown-2026-2oz-silver-proof-coin
[89/192#w2] Блок характеристик: div.mod-section.specification — найден, полей в specs: 11
[89/192#w2]   ✓ the-lion-and-the-eagle-2026-2oz-silver-proof-coin-obv.webp
[89/192#w2]   ✓ the-lion-and-the-eagle-2026-2oz-silver-proof-coin-rev.webp
[89/192#w2]   ✓ the-lion-and-the-eagle-2026-2oz-silver-proof-coin-cert.webp
[89/192#w2] __RM_JSON__ /Users/mihail/Desktop/Нумизматика сайт/omonete-app/data/royal-mint-the-lion-and-the-eagle-2026-2oz-silver-proof-coin.json
[89/192#w2] 
[89/192#w2] Готово: /Users/mihail/Desktop/Нумизматика сайт/omonete-app/data/royal-mint-the-lion-and-the-eagle-2026-2oz-silver-proof-coin.json
[89/192#w2] Загрузка PDP: https://www.royalmint.com/shop/limited-editions/the-lion-and-eagle/commemorative/the-lion-and-the-eagle-2026-2oz-silver-proof-coin
[89/192#w2] Классификация картинок: {
[89/192#w2]   "obverse": "https://www.royalmint.com/globalassets/_ecommerce/commemorative/launches/2026-launches/lion-and-eagle/product-images/uk26le2s---the-lion-and-the-eagle-2026-uk-2oz-silver-proof-coin-obverse-edge.jpg",
[89/192#w2]   "reverse": "https://www.royalmint.com/globalassets/_ecommerce/commemorative/launches/2026-launches/lion-and-eagle/product-images/uk26le2s---the-lion-and-the-eagle-2026-uk-2oz-silver-proof-coin-reverse-edge.jpg",
[89/192#w2]   "blister_obverse": null,
[89/192#w2]   "blister_reverse": null,
[89/192#w2]   "box": null,
[89/192#w2]   "certificate": "https://www.royalmint.com/globalassets/_ecommerce/commemorative/launches/2026-launches/lion-and-eagle/product-images/uk26le2s---the-lion-and-the-eagle-2026-uk-2oz-silver-proof-coin-case.jpg"
[89/192#w2] }
[89/192#w2] 
[89/192#w2] ────────── Как увидеть монету на сайте (localhost) ──────────
[89/192#w2] Быстро (парсинг + public/data в один заход): npm run royal-mint:preview
[89/192#w2]   (или уже есть JSON: npx tsx scripts/royal-mint-to-public-catalog.ts "/Users/mihail/Desktop/Нумизматика сайт/omonete-app/data/royal-mint-the-lion-and-the-eagle-2026-2oz-silver-proof-coin.json")
[89/192#w2] Потом: npm run dev → http://localhost:3000/coins/991001/ (или ROYAL_MINT_LOCAL_ID)
[89/192#w2] Картинки (если скачались): public/image/coins/foreign/ — пути уже в JSON монеты.
[89/192#w2] В БД: npm run royal-mint:import → npm run data:export (или data:export:incremental).

——— старт 91/192#w2 ———
https://www.royalmint.com/shop/limited-editions/the-princess-royal/the-75th-birthday-of-hrh-the-princess-royal-collector-coin-set
[90/192#w1] Блок характеристик: div.mod-section.specification — найден, полей в specs: 11
[90/192#w1]   ✓ william-iv-crown-2026-2oz-silver-proof-coin-obv.webp
[90/192#w1]   ✓ william-iv-crown-2026-2oz-silver-proof-coin-rev.webp
[90/192#w1]   ✓ william-iv-crown-2026-2oz-silver-proof-coin-cert.webp
[90/192#w1] __RM_JSON__ /Users/mihail/Desktop/Нумизматика сайт/omonete-app/data/royal-mint-william-iv-crown-2026-2oz-silver-proof-coin.json
[90/192#w1] 
[90/192#w1] Готово: /Users/mihail/Desktop/Нумизматика сайт/omonete-app/data/royal-mint-william-iv-crown-2026-2oz-silver-proof-coin.json
[90/192#w1] Загрузка PDP: https://www.royalmint.com/great-engravers/the-william-iv-crown/william-iv-crown-2026-2oz-silver-proof-coin
[90/192#w1] Классификация картинок: {
[90/192#w1]   "obverse": "https://www.royalmint.com/globalassets/_ecommerce/commemorative/launches/2026-launches/great-engravers/william-iv/product-images/uk26wc2s-william-iv-crown-2026-uk-2oz-silver-proof-coin-obverse-with-edge.jpg",
[90/192#w1]   "reverse": "https://www.royalmint.com/globalassets/_ecommerce/commemorative/launches/2026-launches/great-engravers/william-iv/product-images/uk26wc2s-william-iv-crown-2026-uk-2oz-silver-proof-coin-reverse-with-edge.jpg",
[90/192#w1]   "blister_obverse": null,
[90/192#w1]   "blister_reverse": null,
[90/192#w1]   "box": null,
[90/192#w1]   "certificate": "https://www.royalmint.com/globalassets/_ecommerce/commemorative/launches/2026-launches/great-engravers/william-iv/product-images/uk26wc2s-william-iv-crown-2026-uk-2oz-silver-proof-coin-case.jpg"
[90/192#w1] }
[90/192#w1] 
[90/192#w1] ────────── Как увидеть монету на сайте (localhost) ──────────
[90/192#w1] Быстро (парсинг + public/data в один заход): npm run royal-mint:preview
[90/192#w1]   (или уже есть JSON: npx tsx scripts/royal-mint-to-public-catalog.ts "/Users/mihail/Desktop/Нумизматика сайт/omonete-app/data/royal-mint-william-iv-crown-2026-2oz-silver-proof-coin.json")
[90/192#w1] Потом: npm run dev → http://localhost:3000/coins/991001/ (или ROYAL_MINT_LOCAL_ID)
[90/192#w1] Картинки (если скачались): public/image/coins/foreign/ — пути уже в JSON монеты.
[90/192#w1] В БД: npm run royal-mint:import → npm run data:export (или data:export:incremental).

——— старт 92/192#w1 ———
https://www.royalmint.com/shop/monarch/queen-elizabeth-ii/2023-Lunar-Year-of-the-Rabbit-1kg-Silver-Proof-Trial-Piece
[91/192#w2] Блок характеристик: div.mod-section.specification — найден, полей в specs: 10
[91/192#w2]   ✓ the-75th-birthday-of-hrh-the-princess-royal-collector-coin-set-obv.webp
[91/192#w2]   ✓ the-75th-birthday-of-hrh-the-princess-royal-collector-coin-set-rev.webp
[91/192#w2] __RM_JSON__ /Users/mihail/Desktop/Нумизматика сайт/omonete-app/data/royal-mint-the-75th-birthday-of-hrh-the-princess-royal-collector-coin-set.json
[91/192#w2] 
[91/192#w2] Готово: /Users/mihail/Desktop/Нумизматика сайт/omonete-app/data/royal-mint-the-75th-birthday-of-hrh-the-princess-royal-collector-coin-set.json
[91/192#w2] Загрузка PDP: https://www.royalmint.com/shop/limited-editions/the-princess-royal/the-75th-birthday-of-hrh-the-princess-royal-collector-coin-set
[91/192#w2] Классификация картинок: {
[91/192#w2]   "obverse": "https://www.royalmint.com/globalassets/_ecommerce/commemorative/launches/2025-launches/princess-anne/product-images/hisprpset-tthe-75th-birthday-of-hrh-the-princess-royal-premium-coin-set-1950-two-shillings-obverse-1500x1500-f3a2c67.jpg",
[91/192#w2]   "reverse": "https://www.royalmint.com/globalassets/_ecommerce/commemorative/launches/2025-launches/princess-anne/product-images/hisprpset-tthe-75th-birthday-of-hrh-the-princess-royal-premium-coin-set-1950-two-shillings-reverse-1500x1500-f3a2c67.jpg",
[91/192#w2]   "blister_obverse": null,
[91/192#w2]   "blister_reverse": null,
[91/192#w2]   "box": null,
[91/192#w2]   "certificate": null
[91/192#w2] }
[91/192#w2] 
[91/192#w2] ────────── Как увидеть монету на сайте (localhost) ──────────
[91/192#w2] Быстро (парсинг + public/data в один заход): npm run royal-mint:preview
[91/192#w2]   (или уже есть JSON: npx tsx scripts/royal-mint-to-public-catalog.ts "/Users/mihail/Desktop/Нумизматика сайт/omonete-app/data/royal-mint-the-75th-birthday-of-hrh-the-princess-royal-collector-coin-set.json")
[91/192#w2] Потом: npm run dev → http://localhost:3000/coins/991001/ (или ROYAL_MINT_LOCAL_ID)
[91/192#w2] Картинки (если скачались): public/image/coins/foreign/ — пути уже в JSON монеты.
[91/192#w2] В БД: npm run royal-mint:import → npm run data:export (или data:export:incremental).

——— старт 93/192#w2 ———
https://www.royalmint.com/shop/ancient-historic/trial-of-the-pyx/The-Waterloo-Medal-Allied-Leaders-2024-UK-2oz-Silver-Proof-Coin
[92/192#w1] Блок характеристик: div.mod-section.specification — найден, полей в specs: 9
[92/192#w1] __RM_JSON__ /Users/mihail/Desktop/Нумизматика сайт/omonete-app/data/royal-mint-2023-lunar-year-of-the-rabbit-1kg-silver-proof-trial-piece.json
[92/192#w1] 
[92/192#w1] Готово: /Users/mihail/Desktop/Нумизматика сайт/omonete-app/data/royal-mint-2023-lunar-year-of-the-rabbit-1kg-silver-proof-trial-piece.json
[92/192#w1] Загрузка PDP: https://www.royalmint.com/shop/monarch/queen-elizabeth-ii/2023-Lunar-Year-of-the-Rabbit-1kg-Silver-Proof-Trial-Piece
[92/192#w1] Классификация картинок: {
[92/192#w1]   "obverse": null,
[92/192#w1]   "reverse": null,
[92/192#w1]   "blister_obverse": null,
[92/192#w1]   "blister_reverse": null,
[92/192#w1]   "box": null,
[92/192#w1]   "certificate": null
[92/192#w1] }
[92/192#w1] 
[92/192#w1] ────────── Как увидеть монету на сайте (localhost) ──────────
[92/192#w1] Быстро (парсинг + public/data в один заход): npm run royal-mint:preview
[92/192#w1]   (или уже есть JSON: npx tsx scripts/royal-mint-to-public-catalog.ts "/Users/mihail/Desktop/Нумизматика сайт/omonete-app/data/royal-mint-2023-lunar-year-of-the-rabbit-1kg-silver-proof-trial-piece.json")
[92/192#w1] Потом: npm run dev → http://localhost:3000/coins/991001/ (или ROYAL_MINT_LOCAL_ID)
[92/192#w1] Картинки (если скачались): public/image/coins/foreign/ — пути уже в JSON монеты.
[92/192#w1] В БД: npm run royal-mint:import → npm run data:export (или data:export:incremental).

——— старт 94/192#w1 ———
https://www.royalmint.com/shop/limited-editions/team-gb-2024/team-gb-and-paralympicsgb-2024-50p-silver-proof-colour-coin
[93/192#w2] Блок характеристик: div.mod-section.specification — найден, полей в specs: 9
[93/192#w2]   ✓ the-waterloo-medal-allied-leaders-2024-uk-2oz-silver-proof-coin-obv.webp
[93/192#w2]   ✓ the-waterloo-medal-allied-leaders-2024-uk-2oz-silver-proof-coin-rev.webp
[93/192#w2] __RM_JSON__ /Users/mihail/Desktop/Нумизматика сайт/omonete-app/data/royal-mint-the-waterloo-medal-allied-leaders-2024-uk-2oz-silver-proof-coin.json
[93/192#w2] 
[93/192#w2] Готово: /Users/mihail/Desktop/Нумизматика сайт/omonete-app/data/royal-mint-the-waterloo-medal-allied-leaders-2024-uk-2oz-silver-proof-coin.json
[93/192#w2] Загрузка PDP: https://www.royalmint.com/shop/ancient-historic/trial-of-the-pyx/The-Waterloo-Medal-Allied-Leaders-2024-UK-2oz-Silver-Proof-Coin
[93/192#w2] Классификация картинок: {
[93/192#w2]   "obverse": "https://www.royalmint.com/globalassets/_ecommerce/collect/launches/2025/trial-of-the-pyx/images/ukp08300-lpm1---allied-leaders-2oz-silver-obv-tp25px73.jpg",
[93/192#w2]   "reverse": "https://www.royalmint.com/globalassets/_ecommerce/collect/launches/2025/trial-of-the-pyx/images/ukp08300-lpm1---allied-leaders-2oz-silver-rev-tp25px73.jpg",
[93/192#w2]   "blister_obverse": null,
[93/192#w2]   "blister_reverse": null,
[93/192#w2]   "box": null,
[93/192#w2]   "certificate": null
[93/192#w2] }
[93/192#w2] 
[93/192#w2] ────────── Как увидеть монету на сайте (localhost) ──────────
[93/192#w2] Быстро (парсинг + public/data в один заход): npm run royal-mint:preview
[93/192#w2]   (или уже есть JSON: npx tsx scripts/royal-mint-to-public-catalog.ts "/Users/mihail/Desktop/Нумизматика сайт/omonete-app/data/royal-mint-the-waterloo-medal-allied-leaders-2024-uk-2oz-silver-proof-coin.json")
[93/192#w2] Потом: npm run dev → http://localhost:3000/coins/991001/ (или ROYAL_MINT_LOCAL_ID)
[93/192#w2] Картинки (если скачались): public/image/coins/foreign/ — пути уже в JSON монеты.
[93/192#w2] В БД: npm run royal-mint:import → npm run data:export (или data:export:incremental).

——— старт 95/192#w2 ———
https://www.royalmint.com/shop/coin-sets/2001-Britannia-Silver-Proof-Set
[94/192#w1] Блок характеристик: div.mod-section.specification — найден, полей в specs: 10
[94/192#w1]   ✓ team-gb-and-paralympicsgb-2024-50p-silver-proof-colour-coin-obv.webp
[94/192#w1]   ✓ team-gb-and-paralympicsgb-2024-50p-silver-proof-colour-coin-rev.webp
[94/192#w1]   ✓ team-gb-and-paralympicsgb-2024-50p-silver-proof-colour-coin-box.webp
[94/192#w1] __RM_JSON__ /Users/mihail/Desktop/Нумизматика сайт/omonete-app/data/royal-mint-team-gb-and-paralympicsgb-2024-50p-silver-proof-colour-coin.json
[94/192#w1] 
[94/192#w1] Готово: /Users/mihail/Desktop/Нумизматика сайт/omonete-app/data/royal-mint-team-gb-and-paralympicsgb-2024-50p-silver-proof-colour-coin.json
[94/192#w1] Загрузка PDP: https://www.royalmint.com/shop/limited-editions/team-gb-2024/team-gb-and-paralympicsgb-2024-50p-silver-proof-colour-coin
[94/192#w1] Классификация картинок: {
[94/192#w1]   "obverse": "https://www.royalmint.com/globalassets/_ecommerce/commemorative/launches/2024-launches/team-gb/product-images/silver/uk24gbsp---team-gb-and-paralympics-gb-2024-uk-50p-silver-proof-colour-coin-obverse-edge-1500x1500-f3a2c67.jpg",
[94/192#w1]   "reverse": "https://www.royalmint.com/globalassets/_ecommerce/commemorative/launches/2024-launches/team-gb/product-images/silver/uk24gbsp---team-gb-and-paralympics-gb-2024-uk-50p-silver-proof-colour-coin-reverse-edge-1500x1500-f3a2c67.jpg",
[94/192#w1]   "blister_obverse": null,
[94/192#w1]   "blister_reverse": null,
[94/192#w1]   "box": "https://www.royalmint.com/globalassets/_ecommerce/commemorative/launches/2024-launches/team-gb/product-images/silver/uk24gbsp-tteam-gb-and-paralympicsgb-2024-uk-50p-silver-proof-colour-coin-case-left-1500x1500-f3a2c67.jpg",
[94/192#w1]   "certificate": null
[94/192#w1] }
[94/192#w1] 
[94/192#w1] ────────── Как увидеть монету на сайте (localhost) ──────────
[94/192#w1] Быстро (парсинг + public/data в один заход): npm run royal-mint:preview
[94/192#w1]   (или уже есть JSON: npx tsx scripts/royal-mint-to-public-catalog.ts "/Users/mihail/Desktop/Нумизматика сайт/omonete-app/data/royal-mint-team-gb-and-paralympicsgb-2024-50p-silver-proof-colour-coin.json")
[94/192#w1] Потом: npm run dev → http://localhost:3000/coins/991001/ (или ROYAL_MINT_LOCAL_ID)
[94/192#w1] Картинки (если скачались): public/image/coins/foreign/ — пути уже в JSON монеты.
[94/192#w1] В БД: npm run royal-mint:import → npm run data:export (или data:export:incremental).

——— старт 96/192#w1 ———
https://www.royalmint.com/shop/limited-editions/portraits-of-a-queen/the-third-effigy/portraits-of-a-queen-elizabeth-ii-the-third-effigy-2026-silver-proof-piedfort-coin
[95/192#w2] Блок характеристик: div.mod-section.specification — найден, полей в specs: 6
[95/192#w2]   ✓ 2001-britannia-silver-proof-set-obv.webp
[95/192#w2]   ✓ 2001-britannia-silver-proof-set-rev.webp
[95/192#w2]   ✓ 2001-britannia-silver-proof-set-cert.webp
[95/192#w2] __RM_JSON__ /Users/mihail/Desktop/Нумизматика сайт/omonete-app/data/royal-mint-2001-britannia-silver-proof-set.json
[95/192#w2] 
[95/192#w2] Готово: /Users/mihail/Desktop/Нумизматика сайт/omonete-app/data/royal-mint-2001-britannia-silver-proof-set.json
[95/192#w2] Загрузка PDP: https://www.royalmint.com/shop/coin-sets/2001-Britannia-Silver-Proof-Set
[95/192#w2] Классификация картинок: {
[95/192#w2]   "obverse": "https://www.royalmint.com/globalassets/__rebrand/_structure/shop/editions/_historic-coins/_product-image/hise2bss-2001-quarter-ounce-silver-britannia-obverse.jpg",
[95/192#w2]   "reverse": "https://www.royalmint.com/globalassets/__rebrand/_structure/shop/editions/_historic-coins/_product-image/hise2bss-2001-quarter-ounce-silver-britannia-reverse.jpg",
[95/192#w2]   "blister_obverse": null,
[95/192#w2]   "blister_reverse": null,
[95/192#w2]   "box": null,
[95/192#w2]   "certificate": "https://www.royalmint.com/globalassets/__rebrand/_structure/shop/editions/_historic-coins/_product-image/hise2bss-2001-britannia-4-coin-silver-set-case.jpg"
[95/192#w2] }
[95/192#w2] 
[95/192#w2] ────────── Как увидеть монету на сайте (localhost) ──────────
[95/192#w2] Быстро (парсинг + public/data в один заход): npm run royal-mint:preview
[95/192#w2]   (или уже есть JSON: npx tsx scripts/royal-mint-to-public-catalog.ts "/Users/mihail/Desktop/Нумизматика сайт/omonete-app/data/royal-mint-2001-britannia-silver-proof-set.json")
[95/192#w2] Потом: npm run dev → http://localhost:3000/coins/991001/ (или ROYAL_MINT_LOCAL_ID)
[95/192#w2] Картинки (если скачались): public/image/coins/foreign/ — пути уже в JSON монеты.
[95/192#w2] В БД: npm run royal-mint:import → npm run data:export (или data:export:incremental).

——— старт 97/192#w2 ———
https://www.royalmint.com/shop/ancient-historic/trial-of-the-pyx/Britannia-2024-UK-1oz-Silver-Coin
[96/192#w1] Внимание: на странице не найден блок div.mod-section.specification — спеки взяты из остальных table (если есть).
[96/192#w1]   ✓ portraits-of-a-queen-elizabeth-ii-the-third-effigy-2026-silver-proof-piedfort-coin-cert.webp
[96/192#w1] __RM_JSON__ /Users/mihail/Desktop/Нумизматика сайт/omonete-app/data/royal-mint-portraits-of-a-queen-elizabeth-ii-the-third-effigy-2026-silver-proof-piedfort-coin.json
[96/192#w1] 
[96/192#w1] Готово: /Users/mihail/Desktop/Нумизматика сайт/omonete-app/data/royal-mint-portraits-of-a-queen-elizabeth-ii-the-third-effigy-2026-silver-proof-piedfort-coin.json
[96/192#w1] Загрузка PDP: https://www.royalmint.com/shop/limited-editions/portraits-of-a-queen/the-third-effigy/portraits-of-a-queen-elizabeth-ii-the-third-effigy-2026-silver-proof-piedfort-coin
[96/192#w1] Классификация картинок: {
[96/192#w1]   "obverse": null,
[96/192#w1]   "reverse": null,
[96/192#w1]   "blister_obverse": null,
[96/192#w1]   "blister_reverse": null,
[96/192#w1]   "box": null,
[96/192#w1]   "certificate": "https://www.royalmint.com/globalassets/_ecommerce/commemorative/launches/2026-launches/portraits-of-a-queen/the-third-effigy/product-images/uk26qe3pf---portraits-of-a-queen---elizabeth-ii-the-third-effigy-2026-uk-5-silver-proof-piedfort-coin-case.jpg"
[96/192#w1] }
[96/192#w1] 
[96/192#w1] ────────── Как увидеть монету на сайте (localhost) ──────────
[96/192#w1] Быстро (парсинг + public/data в один заход): npm run royal-mint:preview
[96/192#w1]   (или уже есть JSON: npx tsx scripts/royal-mint-to-public-catalog.ts "/Users/mihail/Desktop/Нумизматика сайт/omonete-app/data/royal-mint-portraits-of-a-queen-elizabeth-ii-the-third-effigy-2026-silver-proof-piedfort-coin.json")
[96/192#w1] Потом: npm run dev → http://localhost:3000/coins/991001/ (или ROYAL_MINT_LOCAL_ID)
[96/192#w1] Картинки (если скачались): public/image/coins/foreign/ — пути уже в JSON монеты.
[96/192#w1] В БД: npm run royal-mint:import → npm run data:export (или data:export:incremental).

——— старт 98/192#w1 ———
https://www.royalmint.com/shop/ancient-historic/trial-of-the-pyx/TP25PX110-Britannia-2024-UK-1-20oz-Silver-Proof-Coin
[97/192#w2] Блок характеристик: div.mod-section.specification — найден, полей в specs: 9
[97/192#w2]   ✓ britannia-2024-uk-1oz-silver-coin-obv.webp
[98/192#w1] Блок характеристик: div.mod-section.specification — найден, полей в specs: 9
[97/192#w2]   ✓ britannia-2024-uk-1oz-silver-coin-rev.webp
[97/192#w2] __RM_JSON__ /Users/mihail/Desktop/Нумизматика сайт/omonete-app/data/royal-mint-britannia-2024-uk-1oz-silver-coin.json
[97/192#w2] 
[97/192#w2] Готово: /Users/mihail/Desktop/Нумизматика сайт/omonete-app/data/royal-mint-britannia-2024-uk-1oz-silver-coin.json
[97/192#w2] Загрузка PDP: https://www.royalmint.com/shop/ancient-historic/trial-of-the-pyx/Britannia-2024-UK-1oz-Silver-Coin
[97/192#w2] Классификация картинок: {
[97/192#w2]   "obverse": "https://www.royalmint.com/globalassets/_ecommerce/collect/launches/2025/trial-of-the-pyx/images/uku01594-lpm---britannia-1oz-silver-obv-tp25px81.jpg",
[97/192#w2]   "reverse": "https://www.royalmint.com/globalassets/_ecommerce/collect/launches/2025/trial-of-the-pyx/images/uku01594-lpm---britannia-1oz-silver-rev-tp25px81.jpg",
[97/192#w2]   "blister_obverse": null,
[97/192#w2]   "blister_reverse": null,
[97/192#w2]   "box": null,
[97/192#w2]   "certificate": null
[97/192#w2] }
[97/192#w2] 
[97/192#w2] ────────── Как увидеть монету на сайте (localhost) ──────────
[97/192#w2] Быстро (парсинг + public/data в один заход): npm run royal-mint:preview
[97/192#w2]   (или уже есть JSON: npx tsx scripts/royal-mint-to-public-catalog.ts "/Users/mihail/Desktop/Нумизматика сайт/omonete-app/data/royal-mint-britannia-2024-uk-1oz-silver-coin.json")
[97/192#w2] Потом: npm run dev → http://localhost:3000/coins/991001/ (или ROYAL_MINT_LOCAL_ID)
[97/192#w2] Картинки (если скачались): public/image/coins/foreign/ — пути уже в JSON монеты.
[97/192#w2] В БД: npm run royal-mint:import → npm run data:export (или data:export:incremental).

——— старт 99/192#w2 ———
https://www.royalmint.com/shop/limited-editions/ice-age-giants/the-giant-deer/giant-deer-2024-50p-silver-proof-colour-coin
[98/192#w1]   ✓ tp25px110-britannia-2024-uk-1-20oz-silver-proof-coin-obv.webp
[98/192#w1]   ✓ tp25px110-britannia-2024-uk-1-20oz-silver-proof-coin-rev.webp
[98/192#w1] __RM_JSON__ /Users/mihail/Desktop/Нумизматика сайт/omonete-app/data/royal-mint-tp25px110-britannia-2024-uk-1-20oz-silver-proof-coin.json
[98/192#w1] 
[98/192#w1] Готово: /Users/mihail/Desktop/Нумизматика сайт/omonete-app/data/royal-mint-tp25px110-britannia-2024-uk-1-20oz-silver-proof-coin.json
[98/192#w1] Загрузка PDP: https://www.royalmint.com/shop/ancient-historic/trial-of-the-pyx/TP25PX110-Britannia-2024-UK-1-20oz-Silver-Proof-Coin
[98/192#w1] Классификация картинок: {
[98/192#w1]   "obverse": "https://www.royalmint.com/globalassets/_ecommerce/collect/launches/2025/trial-of-the-pyx/images/ukp18939s-2024-twentieth-oz-ag-britannia-obverse-tp25px110.jpg",
[98/192#w1]   "reverse": "https://www.royalmint.com/globalassets/_ecommerce/collect/launches/2025/trial-of-the-pyx/images/ukp18939s-2024-twentieth-oz-ag-britannia-reverse-tp25px110.jpg",
[98/192#w1]   "blister_obverse": null,
[98/192#w1]   "blister_reverse": null,
[98/192#w1]   "box": null,
[98/192#w1]   "certificate": null
[98/192#w1] }
[98/192#w1] 
[98/192#w1] ────────── Как увидеть монету на сайте (localhost) ──────────
[98/192#w1] Быстро (парсинг + public/data в один заход): npm run royal-mint:preview
[98/192#w1]   (или уже есть JSON: npx tsx scripts/royal-mint-to-public-catalog.ts "/Users/mihail/Desktop/Нумизматика сайт/omonete-app/data/royal-mint-tp25px110-britannia-2024-uk-1-20oz-silver-proof-coin.json")
[98/192#w1] Потом: npm run dev → http://localhost:3000/coins/991001/ (или ROYAL_MINT_LOCAL_ID)
[98/192#w1] Картинки (если скачались): public/image/coins/foreign/ — пути уже в JSON монеты.
[98/192#w1] В БД: npm run royal-mint:import → npm run data:export (или data:export:incremental).

——— старт 100/192#w1 ———
https://www.royalmint.com/shop/limited-editions/the-life-of-queen-victoria/the-life-of-queen-victoria-2026-5-pound-silver-proof-coin
[99/192#w2] Внимание: на странице не найден блок div.mod-section.specification — спеки взяты из остальных table (если есть).
[100/192#w1] Блок характеристик: div.mod-section.specification — найден, полей в specs: 11
[100/192#w1] __RM_JSON__ /Users/mihail/Desktop/Нумизматика сайт/omonete-app/data/royal-mint-the-life-of-queen-victoria-2026-5-pound-silver-proof-coin.json
[100/192#w1] 
[100/192#w1] Готово: /Users/mihail/Desktop/Нумизматика сайт/omonete-app/data/royal-mint-the-life-of-queen-victoria-2026-5-pound-silver-proof-coin.json
[100/192#w1] Загрузка PDP: https://www.royalmint.com/shop/limited-editions/the-life-of-queen-victoria/the-life-of-queen-victoria-2026-5-pound-silver-proof-coin
[100/192#w1] Классификация картинок: {
[100/192#w1]   "obverse": null,
[100/192#w1]   "reverse": null,
[100/192#w1]   "blister_obverse": null,
[100/192#w1]   "blister_reverse": null,
[100/192#w1]   "box": null,
[100/192#w1]   "certificate": null
[100/192#w1] }
[100/192#w1] 
[100/192#w1] ────────── Как увидеть монету на сайте (localhost) ──────────
[100/192#w1] Быстро (парсинг + public/data в один заход): npm run royal-mint:preview
[100/192#w1]   (или уже есть JSON: npx tsx scripts/royal-mint-to-public-catalog.ts "/Users/mihail/Desktop/Нумизматика сайт/omonete-app/data/royal-mint-the-life-of-queen-victoria-2026-5-pound-silver-proof-coin.json")
[100/192#w1] Потом: npm run dev → http://localhost:3000/coins/991001/ (или ROYAL_MINT_LOCAL_ID)
[100/192#w1] Картинки (если скачались): public/image/coins/foreign/ — пути уже в JSON монеты.
[100/192#w1] В БД: npm run royal-mint:import → npm run data:export (или data:export:incremental).

——— старт 101/192#w1 ———
https://www.royalmint.com/shop/ancient-historic/trial-of-the-pyx/Star-Wars-TIE-Fighter-2024-UK-50p-Silver-Proof-Colour-oin
[99/192#w2]   ✓ giant-deer-2024-50p-silver-proof-colour-coin-obv.webp
[99/192#w2]   ✓ giant-deer-2024-50p-silver-proof-colour-coin-rev.webp
[99/192#w2] __RM_JSON__ /Users/mihail/Desktop/Нумизматика сайт/omonete-app/data/royal-mint-giant-deer-2024-50p-silver-proof-colour-coin.json
[99/192#w2] 
[99/192#w2] Готово: /Users/mihail/Desktop/Нумизматика сайт/omonete-app/data/royal-mint-giant-deer-2024-50p-silver-proof-colour-coin.json
[99/192#w2] Загрузка PDP: https://www.royalmint.com/shop/limited-editions/ice-age-giants/the-giant-deer/giant-deer-2024-50p-silver-proof-colour-coin
[99/192#w2] Классификация картинок: {
[99/192#w2]   "obverse": "https://www.royalmint.com/globalassets/_ecommerce/commemorative/launches/2024-launches/tales-of-the-ice-age/giant-deer/product-images/silver-colour/uk24iagdsp---giant-deer-2024-uk-50p-silver-proof-coin-obverse-edge-1500x1500-f3a2c67.jpg",
[99/192#w2]   "reverse": "https://www.royalmint.com/globalassets/_ecommerce/commemorative/launches/2024-launches/tales-of-the-ice-age/giant-deer/product-images/silver-colour/uk24iagdspc---giant-deer-2024-uk-50p-silver-proof-colour-coin-reverse-edge-1500x1500-f3a2c67.jpg",
[99/192#w2]   "blister_obverse": null,
[99/192#w2]   "blister_reverse": null,
[99/192#w2]   "box": null,
[99/192#w2]   "certificate": null
[99/192#w2] }
[99/192#w2] 
[99/192#w2] ────────── Как увидеть монету на сайте (localhost) ──────────
[99/192#w2] Быстро (парсинг + public/data в один заход): npm run royal-mint:preview
[99/192#w2]   (или уже есть JSON: npx tsx scripts/royal-mint-to-public-catalog.ts "/Users/mihail/Desktop/Нумизматика сайт/omonete-app/data/royal-mint-giant-deer-2024-50p-silver-proof-colour-coin.json")
[99/192#w2] Потом: npm run dev → http://localhost:3000/coins/991001/ (или ROYAL_MINT_LOCAL_ID)
[99/192#w2] Картинки (если скачались): public/image/coins/foreign/ — пути уже в JSON монеты.
[99/192#w2] В БД: npm run royal-mint:import → npm run data:export (или data:export:incremental).

——— старт 102/192#w2 ———
https://www.royalmint.com/shop/ancient-historic/trial-of-the-pyx/the-royal-arms-2024-1oz-silver-bullion-coin-73f522dc
[101/192#w1] Блок характеристик: div.mod-section.specification — найден, полей в specs: 9
[101/192#w1]   ✓ star-wars-tie-fighter-2024-uk-50p-silver-proof-colour-oin-obv.webp
[102/192#w2] Блок характеристик: div.mod-section.specification — найден, полей в specs: 8
[101/192#w1]   ✓ star-wars-tie-fighter-2024-uk-50p-silver-proof-colour-oin-rev.webp
[101/192#w1] __RM_JSON__ /Users/mihail/Desktop/Нумизматика сайт/omonete-app/data/royal-mint-star-wars-tie-fighter-2024-uk-50p-silver-proof-colour-oin.json
[101/192#w1] 
[101/192#w1] Готово: /Users/mihail/Desktop/Нумизматика сайт/omonete-app/data/royal-mint-star-wars-tie-fighter-2024-uk-50p-silver-proof-colour-oin.json
[101/192#w1] Загрузка PDP: https://www.royalmint.com/shop/ancient-historic/trial-of-the-pyx/Star-Wars-TIE-Fighter-2024-UK-50p-Silver-Proof-Colour-oin
[101/192#w1] Классификация картинок: {
[101/192#w1]   "obverse": "https://www.royalmint.com/globalassets/_ecommerce/collect/launches/2025/trial-of-the-pyx/images/ukp14176-lpm---tie-fighter-50p-colour-silver-obv-tp25px139.jpg",
[101/192#w1]   "reverse": "https://www.royalmint.com/globalassets/_ecommerce/collect/launches/2025/trial-of-the-pyx/images/ukp14176-lpm---tie-fighter-50p-colour-silver-rev-tp25px139.jpg",
[101/192#w1]   "blister_obverse": null,
[101/192#w1]   "blister_reverse": null,
[101/192#w1]   "box": null,
[101/192#w1]   "certificate": null
[101/192#w1] }
[101/192#w1] 
[101/192#w1] ────────── Как увидеть монету на сайте (localhost) ──────────
[101/192#w1] Быстро (парсинг + public/data в один заход): npm run royal-mint:preview
[101/192#w1]   (или уже есть JSON: npx tsx scripts/royal-mint-to-public-catalog.ts "/Users/mihail/Desktop/Нумизматика сайт/omonete-app/data/royal-mint-star-wars-tie-fighter-2024-uk-50p-silver-proof-colour-oin.json")
[101/192#w1] Потом: npm run dev → http://localhost:3000/coins/991001/ (или ROYAL_MINT_LOCAL_ID)
[101/192#w1] Картинки (если скачались): public/image/coins/foreign/ — пути уже в JSON монеты.
[101/192#w1] В БД: npm run royal-mint:import → npm run data:export (или data:export:incremental).

——— старт 103/192#w1 ———
https://www.royalmint.com/shop/ancient-historic/trial-of-the-pyx/The-Waterloo-Medal-Allied-Leaders-2024-UK-5oz-Silver-Proof-Coin
[102/192#w2]   ✓ the-royal-arms-2024-1oz-silver-bullion-coin-73f522dc-obv.webp
[102/192#w2]   ✓ the-royal-arms-2024-1oz-silver-bullion-coin-73f522dc-rev.webp
[102/192#w2] __RM_JSON__ /Users/mihail/Desktop/Нумизматика сайт/omonete-app/data/royal-mint-the-royal-arms-2024-1oz-silver-bullion-coin-73f522dc.json
[102/192#w2] 
[102/192#w2] Готово: /Users/mihail/Desktop/Нумизматика сайт/omonete-app/data/royal-mint-the-royal-arms-2024-1oz-silver-bullion-coin-73f522dc.json
[102/192#w2] Загрузка PDP: https://www.royalmint.com/shop/ancient-historic/trial-of-the-pyx/the-royal-arms-2024-1oz-silver-bullion-coin-73f522dc
[102/192#w2] Классификация картинок: {
[102/192#w2]   "obverse": "https://www.royalmint.com/globalassets/_ecommerce/collect/launches/2025/trial-of-the-pyx/images/uks03578-lpm---royal-arms-1oz-silver-bullion-obverse-tp25px95.jpg",
[102/192#w2]   "reverse": "https://www.royalmint.com/globalassets/_ecommerce/collect/launches/2025/trial-of-the-pyx/images/uks03578-lpm---royal-arms-1oz-silver-bullion-reverse-tp25px95.jpg",
[102/192#w2]   "blister_obverse": null,
[102/192#w2]   "blister_reverse": null,
[102/192#w2]   "box": null,
[102/192#w2]   "certificate": null
[102/192#w2] }
[102/192#w2] 
[102/192#w2] ────────── Как увидеть монету на сайте (localhost) ──────────
[102/192#w2] Быстро (парсинг + public/data в один заход): npm run royal-mint:preview
[102/192#w2]   (или уже есть JSON: npx tsx scripts/royal-mint-to-public-catalog.ts "/Users/mihail/Desktop/Нумизматика сайт/omonete-app/data/royal-mint-the-royal-arms-2024-1oz-silver-bullion-coin-73f522dc.json")
[102/192#w2] Потом: npm run dev → http://localhost:3000/coins/991001/ (или ROYAL_MINT_LOCAL_ID)
[102/192#w2] Картинки (если скачались): public/image/coins/foreign/ — пути уже в JSON монеты.
[102/192#w2] В БД: npm run royal-mint:import → npm run data:export (или data:export:incremental).

——— старт 104/192#w2 ———
https://www.royalmint.com/shop/limited-editions/portraits-of-a-queen/the-first-effigy/elizabeth-ii-the-first-effigy-2026-silver-proof-piedfort-coin
[103/192#w1] Блок характеристик: div.mod-section.specification — найден, полей в specs: 9
[103/192#w1]   ✓ the-waterloo-medal-allied-leaders-2024-uk-5oz-silver-proof-coin-obv.webp
[103/192#w1]   ✓ the-waterloo-medal-allied-leaders-2024-uk-5oz-silver-proof-coin-rev.webp
[103/192#w1] __RM_JSON__ /Users/mihail/Desktop/Нумизматика сайт/omonete-app/data/royal-mint-the-waterloo-medal-allied-leaders-2024-uk-5oz-silver-proof-coin.json
[103/192#w1] 
[103/192#w1] Готово: /Users/mihail/Desktop/Нумизматика сайт/omonete-app/data/royal-mint-the-waterloo-medal-allied-leaders-2024-uk-5oz-silver-proof-coin.json
[103/192#w1] Загрузка PDP: https://www.royalmint.com/shop/ancient-historic/trial-of-the-pyx/The-Waterloo-Medal-Allied-Leaders-2024-UK-5oz-Silver-Proof-Coin
[103/192#w1] Классификация картинок: {
[103/192#w1]   "obverse": "https://www.royalmint.com/globalassets/_ecommerce/collect/launches/2025/trial-of-the-pyx/images/ukp07300-lpm---allied-leaders-5oz-silver-obv-tp25px64.jpg",
[103/192#w1]   "reverse": "https://www.royalmint.com/globalassets/_ecommerce/collect/launches/2025/trial-of-the-pyx/images/ukp07300-lpm---allied-leaders-5oz-silver-rev-tp25px64.jpg",
[103/192#w1]   "blister_obverse": null,
[103/192#w1]   "blister_reverse": null,
[103/192#w1]   "box": null,
[103/192#w1]   "certificate": null
[103/192#w1] }
[103/192#w1] 
[103/192#w1] ────────── Как увидеть монету на сайте (localhost) ──────────
[103/192#w1] Быстро (парсинг + public/data в один заход): npm run royal-mint:preview
[103/192#w1]   (или уже есть JSON: npx tsx scripts/royal-mint-to-public-catalog.ts "/Users/mihail/Desktop/Нумизматика сайт/omonete-app/data/royal-mint-the-waterloo-medal-allied-leaders-2024-uk-5oz-silver-proof-coin.json")
[103/192#w1] Потом: npm run dev → http://localhost:3000/coins/991001/ (или ROYAL_MINT_LOCAL_ID)
[103/192#w1] Картинки (если скачались): public/image/coins/foreign/ — пути уже в JSON монеты.
[103/192#w1] В БД: npm run royal-mint:import → npm run data:export (или data:export:incremental).

——— старт 105/192#w1 ———
https://www.royalmint.com/shop/limited-editions/portraits-of-a-queen/the-second-effigy/elizabeth-ii-the-second-effigy-2026-silver-proof-piedfort-coin
[104/192#w2] Внимание: на странице не найден блок div.mod-section.specification — спеки взяты из остальных table (если есть).
[104/192#w2]   ✓ elizabeth-ii-the-first-effigy-2026-silver-proof-piedfort-coin-obv.webp
[104/192#w2]   ✓ elizabeth-ii-the-first-effigy-2026-silver-proof-piedfort-coin-rev.webp
[104/192#w2]   ✓ elizabeth-ii-the-first-effigy-2026-silver-proof-piedfort-coin-cert.webp
[104/192#w2] __RM_JSON__ /Users/mihail/Desktop/Нумизматика сайт/omonete-app/data/royal-mint-elizabeth-ii-the-first-effigy-2026-silver-proof-piedfort-coin.json
[104/192#w2] 
[104/192#w2] Готово: /Users/mihail/Desktop/Нумизматика сайт/omonete-app/data/royal-mint-elizabeth-ii-the-first-effigy-2026-silver-proof-piedfort-coin.json
[104/192#w2] Загрузка PDP: https://www.royalmint.com/shop/limited-editions/portraits-of-a-queen/the-first-effigy/elizabeth-ii-the-first-effigy-2026-silver-proof-piedfort-coin
[104/192#w2] Классификация картинок: {
[104/192#w2]   "obverse": "https://www.royalmint.com/globalassets/_ecommerce/commemorative/launches/2026-launches/portraits-of-a-queen/first-effigy/product-images/uk26qe5pfportraits-of-a-queen---elizabeth-ii-the-first-effigy-2026-uk-5-silver-proof-piedfort-coin-obverse-with-edge.jpg",
[104/192#w2]   "reverse": "https://www.royalmint.com/globalassets/_ecommerce/commemorative/launches/2026-launches/portraits-of-a-queen/first-effigy/product-images/uk26qe5pfportraits-of-a-queen---elizabeth-ii-the-first-effigy-2026-uk-5-silver-proof-piedfort-coin-reverse-with-edge.jpg",
[104/192#w2]   "blister_obverse": null,
[104/192#w2]   "blister_reverse": null,
[104/192#w2]   "box": null,
[104/192#w2]   "certificate": "https://www.royalmint.com/globalassets/_ecommerce/commemorative/launches/2026-launches/portraits-of-a-queen/first-effigy/product-images/uk26qe5pfportraits-of-a-queen---elizabeth-ii-the-first-effigy-2026-uk-5-silver-proof-piedfort-coin-case.jpg"
[104/192#w2] }
[104/192#w2] 
[104/192#w2] ────────── Как увидеть монету на сайте (localhost) ──────────
[104/192#w2] Быстро (парсинг + public/data в один заход): npm run royal-mint:preview
[104/192#w2]   (или уже есть JSON: npx tsx scripts/royal-mint-to-public-catalog.ts "/Users/mihail/Desktop/Нумизматика сайт/omonete-app/data/royal-mint-elizabeth-ii-the-first-effigy-2026-silver-proof-piedfort-coin.json")
[104/192#w2] Потом: npm run dev → http://localhost:3000/coins/991001/ (или ROYAL_MINT_LOCAL_ID)
[104/192#w2] Картинки (если скачались): public/image/coins/foreign/ — пути уже в JSON монеты.
[104/192#w2] В БД: npm run royal-mint:import → npm run data:export (или data:export:incremental).

——— старт 106/192#w2 ———
https://www.royalmint.com/shop/ancient-historic/trial-of-the-pyx/the-lion-and-the-eagle-2024-uk-1oz-silver-proof-coin-03060cf0
[105/192#w1] Внимание: на странице не найден блок div.mod-section.specification — спеки взяты из остальных table (если есть).
[105/192#w1]   ✓ elizabeth-ii-the-second-effigy-2026-silver-proof-piedfort-coin-obv.webp
[105/192#w1]   ✓ elizabeth-ii-the-second-effigy-2026-silver-proof-piedfort-coin-rev.webp
[105/192#w1]   ✓ elizabeth-ii-the-second-effigy-2026-silver-proof-piedfort-coin-cert.webp
[105/192#w1] __RM_JSON__ /Users/mihail/Desktop/Нумизматика сайт/omonete-app/data/royal-mint-elizabeth-ii-the-second-effigy-2026-silver-proof-piedfort-coin.json
[105/192#w1] 
[105/192#w1] Готово: /Users/mihail/Desktop/Нумизматика сайт/omonete-app/data/royal-mint-elizabeth-ii-the-second-effigy-2026-silver-proof-piedfort-coin.json
[105/192#w1] Загрузка PDP: https://www.royalmint.com/shop/limited-editions/portraits-of-a-queen/the-second-effigy/elizabeth-ii-the-second-effigy-2026-silver-proof-piedfort-coin
[105/192#w1] Классификация картинок: {
[105/192#w1]   "obverse": "https://www.royalmint.com/globalassets/_ecommerce/commemorative/launches/2026-launches/portraits-of-a-queen/the-second-effigy/product-images/uk26qe4pfportraits-of-a-queen---elizabeth-ii-the-second-effigy-2026-uk-5-silver-proof-piedfort-coin-obverse-with-edge.jpg",
[105/192#w1]   "reverse": "https://www.royalmint.com/globalassets/_ecommerce/commemorative/launches/2026-launches/portraits-of-a-queen/the-second-effigy/product-images/uk26qe4pfportraits-of-a-queen---elizabeth-ii-the-second-effigy-2026-uk-5-silver-proof-piedfort-coin-reverse-with-edge.jpg",
[105/192#w1]   "blister_obverse": null,
[105/192#w1]   "blister_reverse": null,
[105/192#w1]   "box": null,
[105/192#w1]   "certificate": "https://www.royalmint.com/globalassets/_ecommerce/commemorative/launches/2026-launches/portraits-of-a-queen/the-second-effigy/product-images/uk26qe4pfportraits-of-a-queen---elizabeth-ii-the-second-effigy-2026-uk-5-silver-proof-piedfort-coin-case.jpg"
[105/192#w1] }
[105/192#w1] 
[105/192#w1] ────────── Как увидеть монету на сайте (localhost) ──────────
[105/192#w1] Быстро (парсинг + public/data в один заход): npm run royal-mint:preview
[105/192#w1]   (или уже есть JSON: npx tsx scripts/royal-mint-to-public-catalog.ts "/Users/mihail/Desktop/Нумизматика сайт/omonete-app/data/royal-mint-elizabeth-ii-the-second-effigy-2026-silver-proof-piedfort-coin.json")
[105/192#w1] Потом: npm run dev → http://localhost:3000/coins/991001/ (или ROYAL_MINT_LOCAL_ID)
[105/192#w1] Картинки (если скачались): public/image/coins/foreign/ — пути уже в JSON монеты.
[105/192#w1] В БД: npm run royal-mint:import → npm run data:export (или data:export:incremental).
[106/192#w2] Блок характеристик: div.mod-section.specification — найден, полей в specs: 9

——— старт 107/192#w1 ———
https://www.royalmint.com/shop/commemorative/childhood-characters/the-snowman/the-snowman-2025-50p-silver-proof-colour-coin
[106/192#w2]   ✓ the-lion-and-the-eagle-2024-uk-1oz-silver-proof-coin-03060cf0-obv.webp
[106/192#w2]   ✓ the-lion-and-the-eagle-2024-uk-1oz-silver-proof-coin-03060cf0-rev.webp
[106/192#w2] __RM_JSON__ /Users/mihail/Desktop/Нумизматика сайт/omonete-app/data/royal-mint-the-lion-and-the-eagle-2024-uk-1oz-silver-proof-coin-03060cf0.json
[106/192#w2] 
[106/192#w2] Готово: /Users/mihail/Desktop/Нумизматика сайт/omonete-app/data/royal-mint-the-lion-and-the-eagle-2024-uk-1oz-silver-proof-coin-03060cf0.json
[106/192#w2] Загрузка PDP: https://www.royalmint.com/shop/ancient-historic/trial-of-the-pyx/the-lion-and-the-eagle-2024-uk-1oz-silver-proof-coin-03060cf0
[106/192#w2] Классификация картинок: {
[106/192#w2]   "obverse": "https://www.royalmint.com/globalassets/_ecommerce/collect/launches/2025/trial-of-the-pyx/images/ukp08202-lpm---lion-and-eagle-1oz-silver-obv-tp25px90.jpg",
[106/192#w2]   "reverse": "https://www.royalmint.com/globalassets/_ecommerce/collect/launches/2025/trial-of-the-pyx/images/ukp08202-lpm---lion-and-eagle-1oz-silver-rev-tp25px90.jpg",
[106/192#w2]   "blister_obverse": null,
[106/192#w2]   "blister_reverse": null,
[106/192#w2]   "box": null,
[106/192#w2]   "certificate": null
[106/192#w2] }
[106/192#w2] 
[106/192#w2] ────────── Как увидеть монету на сайте (localhost) ──────────
[106/192#w2] Быстро (парсинг + public/data в один заход): npm run royal-mint:preview
[106/192#w2]   (или уже есть JSON: npx tsx scripts/royal-mint-to-public-catalog.ts "/Users/mihail/Desktop/Нумизматика сайт/omonete-app/data/royal-mint-the-lion-and-the-eagle-2024-uk-1oz-silver-proof-coin-03060cf0.json")
[106/192#w2] Потом: npm run dev → http://localhost:3000/coins/991001/ (или ROYAL_MINT_LOCAL_ID)
[106/192#w2] Картинки (если скачались): public/image/coins/foreign/ — пути уже в JSON монеты.
[106/192#w2] В БД: npm run royal-mint:import → npm run data:export (или data:export:incremental).

——— старт 108/192#w2 ———
https://www.royalmint.com/britannia/commemorative/2026-britannia-1oz-silver-proof-coin
[107/192#w1] Блок характеристик: div.mod-section.specification — найден, полей в specs: 10
[107/192#w1]   ✓ the-snowman-2025-50p-silver-proof-colour-coin-box.webp
[107/192#w1] __RM_JSON__ /Users/mihail/Desktop/Нумизматика сайт/omonete-app/data/royal-mint-the-snowman-2025-50p-silver-proof-colour-coin.json
[107/192#w1] 
[107/192#w1] Готово: /Users/mihail/Desktop/Нумизматика сайт/omonete-app/data/royal-mint-the-snowman-2025-50p-silver-proof-colour-coin.json
[107/192#w1] Загрузка PDP: https://www.royalmint.com/shop/commemorative/childhood-characters/the-snowman/the-snowman-2025-50p-silver-proof-colour-coin
[107/192#w1] Классификация картинок: {
[107/192#w1]   "obverse": null,
[107/192#w1]   "reverse": null,
[107/192#w1]   "blister_obverse": null,
[107/192#w1]   "blister_reverse": null,
[107/192#w1]   "box": "https://www.royalmint.com/globalassets/_ecommerce/commemorative/launches/2025-launches/snowman/product-images/uk25smspthe-snowman-2025-uk-50p-silver-proof-colour-coin-in-acrylic-block-straight-on.jpg",
[107/192#w1]   "certificate": null
[107/192#w1] }
[107/192#w1] 
[107/192#w1] ────────── Как увидеть монету на сайте (localhost) ──────────
[107/192#w1] Быстро (парсинг + public/data в один заход): npm run royal-mint:preview
[107/192#w1]   (или уже есть JSON: npx tsx scripts/royal-mint-to-public-catalog.ts "/Users/mihail/Desktop/Нумизматика сайт/omonete-app/data/royal-mint-the-snowman-2025-50p-silver-proof-colour-coin.json")
[107/192#w1] Потом: npm run dev → http://localhost:3000/coins/991001/ (или ROYAL_MINT_LOCAL_ID)
[107/192#w1] Картинки (если скачались): public/image/coins/foreign/ — пути уже в JSON монеты.
[107/192#w1] В БД: npm run royal-mint:import → npm run data:export (или data:export:incremental).

——— старт 109/192#w1 ———
https://www.royalmint.com/shop/ancient-historic/trial-of-the-pyx/Paul-McCartney-2024-UK-1oz-Silver-Proof-Coin
[108/192#w2] Блок характеристик: div.mod-section.specification — найден, полей в specs: 11
[108/192#w2]   ✓ 2026-britannia-1oz-silver-proof-coin-obv.webp
[108/192#w2]   ✓ 2026-britannia-1oz-silver-proof-coin-rev.webp
[108/192#w2]   ✓ 2026-britannia-1oz-silver-proof-coin-cert.webp
[108/192#w2] __RM_JSON__ /Users/mihail/Desktop/Нумизматика сайт/omonete-app/data/royal-mint-2026-britannia-1oz-silver-proof-coin.json
[108/192#w2] 
[108/192#w2] Готово: /Users/mihail/Desktop/Нумизматика сайт/omonete-app/data/royal-mint-2026-britannia-1oz-silver-proof-coin.json
[108/192#w2] Загрузка PDP: https://www.royalmint.com/britannia/commemorative/2026-britannia-1oz-silver-proof-coin
[108/192#w2] Классификация картинок: {
[108/192#w2]   "obverse": "https://www.royalmint.com/globalassets/_ecommerce/commemorative/launches/2026-launches/britannia/product-images/br26s12026-britannia-uk-1oz-silver-proof-coin-obverse-with-edge.jpg",
[108/192#w2]   "reverse": "https://www.royalmint.com/globalassets/_ecommerce/commemorative/launches/2026-launches/britannia/product-images/br26s12026-britannia-uk-1oz-silver-proof-coin-reverse-with-edge.jpg",
[108/192#w2]   "blister_obverse": null,
[108/192#w2]   "blister_reverse": null,
[108/192#w2]   "box": null,
[108/192#w2]   "certificate": "https://www.royalmint.com/globalassets/_ecommerce/commemorative/launches/2026-launches/britannia/product-images/br26s1-2026-britannia-uk-1oz-silver-proof-coin-case.jpg"
[108/192#w2] }
[108/192#w2] 
[108/192#w2] ────────── Как увидеть монету на сайте (localhost) ──────────
[108/192#w2] Быстро (парсинг + public/data в один заход): npm run royal-mint:preview
[108/192#w2]   (или уже есть JSON: npx tsx scripts/royal-mint-to-public-catalog.ts "/Users/mihail/Desktop/Нумизматика сайт/omonete-app/data/royal-mint-2026-britannia-1oz-silver-proof-coin.json")
[108/192#w2] Потом: npm run dev → http://localhost:3000/coins/991001/ (или ROYAL_MINT_LOCAL_ID)
[108/192#w2] Картинки (если скачались): public/image/coins/foreign/ — пути уже в JSON монеты.
[108/192#w2] В БД: npm run royal-mint:import → npm run data:export (или data:export:incremental).

——— старт 110/192#w2 ———
https://www.royalmint.com/shop/limited-editions/dinosaurs-iconic-specimens/diplodocus/diplodocus-2024-50p-silver-proof-colour-coin
[109/192#w1] Блок характеристик: div.mod-section.specification — найден, полей в specs: 9
[109/192#w1]   ✓ paul-mccartney-2024-uk-1oz-silver-proof-coin-obv.webp
[109/192#w1]   ✓ paul-mccartney-2024-uk-1oz-silver-proof-coin-rev.webp
[109/192#w1] __RM_JSON__ /Users/mihail/Desktop/Нумизматика сайт/omonete-app/data/royal-mint-paul-mccartney-2024-uk-1oz-silver-proof-coin.json
[109/192#w1] 
[109/192#w1] Готово: /Users/mihail/Desktop/Нумизматика сайт/omonete-app/data/royal-mint-paul-mccartney-2024-uk-1oz-silver-proof-coin.json
[109/192#w1] Загрузка PDP: https://www.royalmint.com/shop/ancient-historic/trial-of-the-pyx/Paul-McCartney-2024-UK-1oz-Silver-Proof-Coin
[109/192#w1] Классификация картинок: {
[109/192#w1]   "obverse": "https://www.royalmint.com/globalassets/_ecommerce/collect/launches/2025/trial-of-the-pyx/images/ukp07039-lpm1---paul-mccartney-silver-obverse-tp25px94.jpg",
[109/192#w1]   "reverse": "https://www.royalmint.com/globalassets/_ecommerce/collect/launches/2025/trial-of-the-pyx/images/ukp07039-lpm1---paul-mccartney-silver-reverse-tp25px94.jpg",
[109/192#w1]   "blister_obverse": null,
[109/192#w1]   "blister_reverse": null,
[109/192#w1]   "box": null,
[109/192#w1]   "certificate": null
[109/192#w1] }
[109/192#w1] 
[109/192#w1] ────────── Как увидеть монету на сайте (localhost) ──────────
[109/192#w1] Быстро (парсинг + public/data в один заход): npm run royal-mint:preview
[109/192#w1]   (или уже есть JSON: npx tsx scripts/royal-mint-to-public-catalog.ts "/Users/mihail/Desktop/Нумизматика сайт/omonete-app/data/royal-mint-paul-mccartney-2024-uk-1oz-silver-proof-coin.json")
[109/192#w1] Потом: npm run dev → http://localhost:3000/coins/991001/ (или ROYAL_MINT_LOCAL_ID)
[109/192#w1] Картинки (если скачались): public/image/coins/foreign/ — пути уже в JSON монеты.
[109/192#w1] В БД: npm run royal-mint:import → npm run data:export (или data:export:incremental).

——— старт 111/192#w1 ———
https://www.royalmint.com/shop/ancient-historic/trial-of-the-pyx/Myths-and-Legends-Morgan-le-Fay-2023-UK-1oz-Silver-Proof-Coin
[110/192#w2] Внимание: на странице не найден блок div.mod-section.specification — спеки взяты из остальных table (если есть).
[110/192#w2] __RM_JSON__ /Users/mihail/Desktop/Нумизматика сайт/omonete-app/data/royal-mint-diplodocus-2024-50p-silver-proof-colour-coin.json
[110/192#w2] 
[110/192#w2] Готово: /Users/mihail/Desktop/Нумизматика сайт/omonete-app/data/royal-mint-diplodocus-2024-50p-silver-proof-colour-coin.json
[110/192#w2] Загрузка PDP: https://www.royalmint.com/shop/limited-editions/dinosaurs-iconic-specimens/diplodocus/diplodocus-2024-50p-silver-proof-colour-coin
[110/192#w2] Классификация картинок: {
[110/192#w2]   "obverse": null,
[110/192#w2]   "reverse": null,
[110/192#w2]   "blister_obverse": null,
[110/192#w2]   "blister_reverse": null,
[110/192#w2]   "box": null,
[110/192#w2]   "certificate": null
[110/192#w2] }
[110/192#w2] 
[110/192#w2] ────────── Как увидеть монету на сайте (localhost) ──────────
[110/192#w2] Быстро (парсинг + public/data в один заход): npm run royal-mint:preview
[110/192#w2]   (или уже есть JSON: npx tsx scripts/royal-mint-to-public-catalog.ts "/Users/mihail/Desktop/Нумизматика сайт/omonete-app/data/royal-mint-diplodocus-2024-50p-silver-proof-colour-coin.json")
[110/192#w2] Потом: npm run dev → http://localhost:3000/coins/991001/ (или ROYAL_MINT_LOCAL_ID)
[110/192#w2] Картинки (если скачались): public/image/coins/foreign/ — пути уже в JSON монеты.
[110/192#w2] В БД: npm run royal-mint:import → npm run data:export (или data:export:incremental).

——— старт 112/192#w2 ———
https://www.royalmint.com/great-engravers/the-william-iv-crown/uk26wc5s
[111/192#w1] Блок характеристик: div.mod-section.specification — найден, полей в specs: 5
[111/192#w1]   ✓ myths-and-legends-morgan-le-fay-2023-uk-1oz-silver-proof-coin-obv.webp
[111/192#w1]   ✓ myths-and-legends-morgan-le-fay-2023-uk-1oz-silver-proof-coin-rev.webp
[111/192#w1]   ✓ myths-and-legends-morgan-le-fay-2023-uk-1oz-silver-proof-coin-blister-obv.webp
[112/192#w2] Блок характеристик: div.mod-section.specification — найден, полей в specs: 11
[111/192#w1]   ✓ myths-and-legends-morgan-le-fay-2023-uk-1oz-silver-proof-coin-blister-rev.webp
[111/192#w1] __RM_JSON__ /Users/mihail/Desktop/Нумизматика сайт/omonete-app/data/royal-mint-myths-and-legends-morgan-le-fay-2023-uk-1oz-silver-proof-coin.json
[111/192#w1] 
[111/192#w1] Готово: /Users/mihail/Desktop/Нумизматика сайт/omonete-app/data/royal-mint-myths-and-legends-morgan-le-fay-2023-uk-1oz-silver-proof-coin.json
[111/192#w1] Загрузка PDP: https://www.royalmint.com/shop/ancient-historic/trial-of-the-pyx/Myths-and-Legends-Morgan-le-Fay-2023-UK-1oz-Silver-Proof-Coin
[111/192#w1] Классификация картинок: {
[111/192#w1]   "obverse": "https://www.royalmint.com/globalassets/__rebrand/_structure/shop/editions/_historic-coins/trial-of-the-pyx/2025/tp24p179-myths-and-legends-morgan-le-fay-2023-uk-1oz-silver-proof-coin-obverse.jpg",
[111/192#w1]   "reverse": "https://www.royalmint.com/globalassets/__rebrand/_structure/shop/editions/_historic-coins/trial-of-the-pyx/2025/tp24p179-myths-and-legends-morgan-le-fay-2023-uk-1oz-silver-proof-coin-reverse.jpg",
[111/192#w1]   "blister_obverse": "https://www.royalmint.com/globalassets/__rebrand/_structure/shop/editions/_historic-coins/trial-of-the-pyx/2025/tp24p179-myths-and-legends-morgan-le-fay-2023-uk-1oz-silver-proof-coin-blister-front.jpg",
[111/192#w1]   "blister_reverse": "https://www.royalmint.com/globalassets/__rebrand/_structure/shop/editions/_historic-coins/trial-of-the-pyx/2025/tp24p179-myths-and-legends-morgan-le-fay-2023-uk-1oz-silver-proof-coin-blister-back.jpg",
[111/192#w1]   "box": null,
[111/192#w1]   "certificate": null
[111/192#w1] }
[111/192#w1] 
[111/192#w1] ────────── Как увидеть монету на сайте (localhost) ──────────
[111/192#w1] Быстро (парсинг + public/data в один заход): npm run royal-mint:preview
[111/192#w1]   (или уже есть JSON: npx tsx scripts/royal-mint-to-public-catalog.ts "/Users/mihail/Desktop/Нумизматика сайт/omonete-app/data/royal-mint-myths-and-legends-morgan-le-fay-2023-uk-1oz-silver-proof-coin.json")
[111/192#w1] Потом: npm run dev → http://localhost:3000/coins/991001/ (или ROYAL_MINT_LOCAL_ID)
[111/192#w1] Картинки (если скачались): public/image/coins/foreign/ — пути уже в JSON монеты.
[111/192#w1] В БД: npm run royal-mint:import → npm run data:export (или data:export:incremental).

——— старт 113/192#w1 ———
https://www.royalmint.com/shop/limited-editions/the-life-of-queen-victoria/the-life-of-queen-victoria-2026-5-pound-silver-piedfort-proof-coin
[112/192#w2]   ✓ uk26wc5s-obv.webp
[112/192#w2]   ✓ uk26wc5s-rev.webp
[112/192#w2]   ✓ uk26wc5s-cert.webp
[112/192#w2] __RM_JSON__ /Users/mihail/Desktop/Нумизматика сайт/omonete-app/data/royal-mint-uk26wc5s.json
[112/192#w2] 
[112/192#w2] Готово: /Users/mihail/Desktop/Нумизматика сайт/omonete-app/data/royal-mint-uk26wc5s.json
[112/192#w2] Загрузка PDP: https://www.royalmint.com/great-engravers/the-william-iv-crown/uk26wc5s
[112/192#w2] Классификация картинок: {
[112/192#w2]   "obverse": "https://www.royalmint.com/globalassets/_ecommerce/commemorative/launches/2026-launches/great-engravers/william-iv/product-images/uk26wc5s-william-iv-crown-2026-uk-5oz-silver-proof-coin-obverse-with-edge.jpg",
[112/192#w2]   "reverse": "https://www.royalmint.com/globalassets/_ecommerce/commemorative/launches/2026-launches/great-engravers/william-iv/product-images/uk26wc5s-william-iv-crown-2026-uk-5oz-silver-proof-coin-reverse-with-edge.jpg",
[112/192#w2]   "blister_obverse": null,
[112/192#w2]   "blister_reverse": null,
[112/192#w2]   "box": null,
[112/192#w2]   "certificate": "https://www.royalmint.com/globalassets/_ecommerce/commemorative/launches/2026-launches/great-engravers/william-iv/product-images/uk26wc5swilliam-iv-crown-2026-uk-5oz-silver-proof-coin-case.jpg"
[112/192#w2] }
[112/192#w2] 
[112/192#w2] ────────── Как увидеть монету на сайте (localhost) ──────────
[112/192#w2] Быстро (парсинг + public/data в один заход): npm run royal-mint:preview
[112/192#w2]   (или уже есть JSON: npx tsx scripts/royal-mint-to-public-catalog.ts "/Users/mihail/Desktop/Нумизматика сайт/omonete-app/data/royal-mint-uk26wc5s.json")
[112/192#w2] Потом: npm run dev → http://localhost:3000/coins/991001/ (или ROYAL_MINT_LOCAL_ID)
[112/192#w2] Картинки (если скачались): public/image/coins/foreign/ — пути уже в JSON монеты.
[112/192#w2] В БД: npm run royal-mint:import → npm run data:export (или data:export:incremental).

——— старт 114/192#w2 ———
https://www.royalmint.com/invest/bullion/bullion-coins/silver-coins/the-royal-tudor-beasts-2023-yale-of-beaufort-10oz-silver-bullion-coin
[113/192#w1] Блок характеристик: div.mod-section.specification — найден, полей в specs: 11
[113/192#w1] __RM_JSON__ /Users/mihail/Desktop/Нумизматика сайт/omonete-app/data/royal-mint-the-life-of-queen-victoria-2026-5-pound-silver-piedfort-proof-coin.json
[113/192#w1] 
[113/192#w1] Готово: /Users/mihail/Desktop/Нумизматика сайт/omonete-app/data/royal-mint-the-life-of-queen-victoria-2026-5-pound-silver-piedfort-proof-coin.json
[113/192#w1] Загрузка PDP: https://www.royalmint.com/shop/limited-editions/the-life-of-queen-victoria/the-life-of-queen-victoria-2026-5-pound-silver-piedfort-proof-coin
[113/192#w1] Классификация картинок: {
[113/192#w1]   "obverse": null,
[113/192#w1]   "reverse": null,
[113/192#w1]   "blister_obverse": null,
[113/192#w1]   "blister_reverse": null,
[113/192#w1]   "box": null,
[113/192#w1]   "certificate": null
[113/192#w1] }
[113/192#w1] 
[113/192#w1] ────────── Как увидеть монету на сайте (localhost) ──────────
[113/192#w1] Быстро (парсинг + public/data в один заход): npm run royal-mint:preview
[113/192#w1]   (или уже есть JSON: npx tsx scripts/royal-mint-to-public-catalog.ts "/Users/mihail/Desktop/Нумизматика сайт/omonete-app/data/royal-mint-the-life-of-queen-victoria-2026-5-pound-silver-piedfort-proof-coin.json")
[113/192#w1] Потом: npm run dev → http://localhost:3000/coins/991001/ (или ROYAL_MINT_LOCAL_ID)
[113/192#w1] Картинки (если скачались): public/image/coins/foreign/ — пути уже в JSON монеты.
[113/192#w1] В БД: npm run royal-mint:import → npm run data:export (или data:export:incremental).

——— старт 115/192#w1 ———
https://www.royalmint.com/shop/ancient-historic/trial-of-the-pyx/The-Waterloo-Medal-Allied-Leaders-2024-UK-2oz-Silver-Proof-Coin-Matt
[114/192#w2] Блок характеристик: div.mod-section.specification — найден, полей в specs: 11
[114/192#w2]   ✓ the-royal-tudor-beasts-2023-yale-of-beaufort-10oz-silver-bullion-coin-obv.webp
[114/192#w2]   ✓ the-royal-tudor-beasts-2023-yale-of-beaufort-10oz-silver-bullion-coin-rev.webp
[114/192#w2]   ✓ the-royal-tudor-beasts-2023-yale-of-beaufort-10oz-silver-bullion-coin-blister-rev.webp
[114/192#w2] __RM_JSON__ /Users/mihail/Desktop/Нумизматика сайт/omonete-app/data/royal-mint-the-royal-tudor-beasts-2023-yale-of-beaufort-10oz-silver-bullion-coin.json
[114/192#w2] 
[114/192#w2] Готово: /Users/mihail/Desktop/Нумизматика сайт/omonete-app/data/royal-mint-the-royal-tudor-beasts-2023-yale-of-beaufort-10oz-silver-bullion-coin.json
[114/192#w2] Загрузка PDP: https://www.royalmint.com/invest/bullion/bullion-coins/silver-coins/the-royal-tudor-beasts-2023-yale-of-beaufort-10oz-silver-bullion-coin
[114/192#w2] Классификация картинок: {
[114/192#w2]   "obverse": "https://www.royalmint.com/globalassets/_ecommerce/invest/launches/2026/britannia/products/silver-1-oz/bb26s1c---2026-bullion-britannia-1oz-silver-reverse-tube.jpg",
[114/192#w2]   "reverse": "https://www.royalmint.com/globalassets/_ecommerce/invest/launches/2026/britannia/products/silver-1-oz/bb26s1c---2026-bullion-britannia-1oz-silver-reverse-tube.jpg",
[114/192#w2]   "blister_obverse": null,
[114/192#w2]   "blister_reverse": "https://www.royalmint.com/globalassets/_ecommerce/invest/launches/2026/britannia/products/silver-1-oz/bb26s1c---2026-bullion-britannia-1oz-silver-reverse-capsule.jpg",
[114/192#w2]   "box": null,
[114/192#w2]   "certificate": null
[114/192#w2] }
[114/192#w2] 
[114/192#w2] ────────── Как увидеть монету на сайте (localhost) ──────────
[114/192#w2] Быстро (парсинг + public/data в один заход): npm run royal-mint:preview
[114/192#w2]   (или уже есть JSON: npx tsx scripts/royal-mint-to-public-catalog.ts "/Users/mihail/Desktop/Нумизматика сайт/omonete-app/data/royal-mint-the-royal-tudor-beasts-2023-yale-of-beaufort-10oz-silver-bullion-coin.json")
[114/192#w2] Потом: npm run dev → http://localhost:3000/coins/991001/ (или ROYAL_MINT_LOCAL_ID)
[114/192#w2] Картинки (если скачались): public/image/coins/foreign/ — пути уже в JSON монеты.
[114/192#w2] В БД: npm run royal-mint:import → npm run data:export (или data:export:incremental).

——— старт 116/192#w2 ———
https://www.royalmint.com/shop/ancient-historic/trial-of-the-pyx/Britannia-2024-UK-1-10oz-Silver-Proof-Coin
[115/192#w1] Блок характеристик: div.mod-section.specification — найден, полей в specs: 9
[115/192#w1]   ✓ the-waterloo-medal-allied-leaders-2024-uk-2oz-silver-proof-coin-matt-obv.webp
[115/192#w1]   ✓ the-waterloo-medal-allied-leaders-2024-uk-2oz-silver-proof-coin-matt-rev.webp
[115/192#w1] __RM_JSON__ /Users/mihail/Desktop/Нумизматика сайт/omonete-app/data/royal-mint-the-waterloo-medal-allied-leaders-2024-uk-2oz-silver-proof-coin-matt.json
[115/192#w1] 
[115/192#w1] Готово: /Users/mihail/Desktop/Нумизматика сайт/omonete-app/data/royal-mint-the-waterloo-medal-allied-leaders-2024-uk-2oz-silver-proof-coin-matt.json
[115/192#w1] Загрузка PDP: https://www.royalmint.com/shop/ancient-historic/trial-of-the-pyx/The-Waterloo-Medal-Allied-Leaders-2024-UK-2oz-Silver-Proof-Coin-Matt
[115/192#w1] Классификация картинок: {
[115/192#w1]   "obverse": "https://www.royalmint.com/globalassets/_ecommerce/collect/launches/2025/trial-of-the-pyx/images/ukp08300-lpm---allied-leaders-2oz-silver-sb-obv-tp25px72.jpg",
[115/192#w1]   "reverse": "https://www.royalmint.com/globalassets/_ecommerce/collect/launches/2025/trial-of-the-pyx/images/ukp08300-lpm---allied-leaders-2oz-silver-sb-rev-tp25px72.jpg",
[115/192#w1]   "blister_obverse": null,
[115/192#w1]   "blister_reverse": null,
[115/192#w1]   "box": null,
[115/192#w1]   "certificate": null
[115/192#w1] }
[115/192#w1] 
[115/192#w1] ────────── Как увидеть монету на сайте (localhost) ──────────
[115/192#w1] Быстро (парсинг + public/data в один заход): npm run royal-mint:preview
[115/192#w1]   (или уже есть JSON: npx tsx scripts/royal-mint-to-public-catalog.ts "/Users/mihail/Desktop/Нумизматика сайт/omonete-app/data/royal-mint-the-waterloo-medal-allied-leaders-2024-uk-2oz-silver-proof-coin-matt.json")
[115/192#w1] Потом: npm run dev → http://localhost:3000/coins/991001/ (или ROYAL_MINT_LOCAL_ID)
[115/192#w1] Картинки (если скачались): public/image/coins/foreign/ — пути уже в JSON монеты.
[115/192#w1] В БД: npm run royal-mint:import → npm run data:export (или data:export:incremental).

——— старт 117/192#w1 ———
https://www.royalmint.com/shop/ancient-historic/trial-of-the-pyx/Paul-McCartney2024-UK-1oz-Silver-Proof-Colour-Coin
[116/192#w2] Блок характеристик: div.mod-section.specification — найден, полей в specs: 9
[116/192#w2]   ✓ britannia-2024-uk-1-10oz-silver-proof-coin-obv.webp
[116/192#w2]   ✓ britannia-2024-uk-1-10oz-silver-proof-coin-rev.webp
[116/192#w2] __RM_JSON__ /Users/mihail/Desktop/Нумизматика сайт/omonete-app/data/royal-mint-britannia-2024-uk-1-10oz-silver-proof-coin.json
[116/192#w2] 
[116/192#w2] Готово: /Users/mihail/Desktop/Нумизматика сайт/omonete-app/data/royal-mint-britannia-2024-uk-1-10oz-silver-proof-coin.json
[116/192#w2] Загрузка PDP: https://www.royalmint.com/shop/ancient-historic/trial-of-the-pyx/Britannia-2024-UK-1-10oz-Silver-Proof-Coin
[116/192#w2] Классификация картинок: {
[116/192#w2]   "obverse": "https://www.royalmint.com/globalassets/_ecommerce/collect/launches/2025/trial-of-the-pyx/images/ukp17939s-2025-tenth-oz-ag-britannia-obverse-tp25px107.jpg",
[116/192#w2]   "reverse": "https://www.royalmint.com/globalassets/_ecommerce/collect/launches/2025/trial-of-the-pyx/images/ukp17939s-2025-tenth-oz-ag-britannia-reverse-tp25px107.jpg",
[116/192#w2]   "blister_obverse": null,
[116/192#w2]   "blister_reverse": null,
[116/192#w2]   "box": null,
[116/192#w2]   "certificate": null
[116/192#w2] }
[116/192#w2] 
[116/192#w2] ────────── Как увидеть монету на сайте (localhost) ──────────
[116/192#w2] Быстро (парсинг + public/data в один заход): npm run royal-mint:preview
[116/192#w2]   (или уже есть JSON: npx tsx scripts/royal-mint-to-public-catalog.ts "/Users/mihail/Desktop/Нумизматика сайт/omonete-app/data/royal-mint-britannia-2024-uk-1-10oz-silver-proof-coin.json")
[116/192#w2] Потом: npm run dev → http://localhost:3000/coins/991001/ (или ROYAL_MINT_LOCAL_ID)
[116/192#w2] Картинки (если скачались): public/image/coins/foreign/ — пути уже в JSON монеты.
[116/192#w2] В БД: npm run royal-mint:import → npm run data:export (или data:export:incremental).

——— старт 118/192#w2 ———
https://www.royalmint.com/shop/ancient-historic/trial-of-the-pyx/George-Michael-2024-UK-1oz-Silver-Proof-Coin
[117/192#w1] Блок характеристик: div.mod-section.specification — найден, полей в specs: 9
[117/192#w1]   ✓ paul-mccartney2024-uk-1oz-silver-proof-colour-coin-obv.webp
[117/192#w1]   ✓ paul-mccartney2024-uk-1oz-silver-proof-colour-coin-rev.webp
[117/192#w1] __RM_JSON__ /Users/mihail/Desktop/Нумизматика сайт/omonete-app/data/royal-mint-paul-mccartney2024-uk-1oz-silver-proof-colour-coin.json
[117/192#w1] 
[117/192#w1] Готово: /Users/mihail/Desktop/Нумизматика сайт/omonete-app/data/royal-mint-paul-mccartney2024-uk-1oz-silver-proof-colour-coin.json
[117/192#w1] Загрузка PDP: https://www.royalmint.com/shop/ancient-historic/trial-of-the-pyx/Paul-McCartney2024-UK-1oz-Silver-Proof-Colour-Coin
[117/192#w1] Классификация картинок: {
[117/192#w1]   "obverse": "https://www.royalmint.com/globalassets/_ecommerce/collect/launches/2025/trial-of-the-pyx/images/ukp07039-lpm---paul-mccartney-silver-colour-obverse-tp25px93.jpg",
[117/192#w1]   "reverse": "https://www.royalmint.com/globalassets/_ecommerce/collect/launches/2025/trial-of-the-pyx/images/ukp07039-lpm---paul-mccartney-silver-colour-reverse-tp25px93.jpg",
[117/192#w1]   "blister_obverse": null,
[117/192#w1]   "blister_reverse": null,
[117/192#w1]   "box": null,
[117/192#w1]   "certificate": null
[117/192#w1] }
[117/192#w1] 
[117/192#w1] ────────── Как увидеть монету на сайте (localhost) ──────────
[117/192#w1] Быстро (парсинг + public/data в один заход): npm run royal-mint:preview
[117/192#w1]   (или уже есть JSON: npx tsx scripts/royal-mint-to-public-catalog.ts "/Users/mihail/Desktop/Нумизматика сайт/omonete-app/data/royal-mint-paul-mccartney2024-uk-1oz-silver-proof-colour-coin.json")
[117/192#w1] Потом: npm run dev → http://localhost:3000/coins/991001/ (или ROYAL_MINT_LOCAL_ID)
[117/192#w1] Картинки (если скачались): public/image/coins/foreign/ — пути уже в JSON монеты.
[117/192#w1] В БД: npm run royal-mint:import → npm run data:export (или data:export:incremental).

——— старт 119/192#w1 ———
https://www.royalmint.com/shop/limited-editions/national-gallery/national-gallery-2024-2-pound-silver-proof-piedfort-coin
[118/192#w2] Блок характеристик: div.mod-section.specification — найден, полей в specs: 9
[118/192#w2]   ✓ george-michael-2024-uk-1oz-silver-proof-coin-obv.webp
[118/192#w2]   ✓ george-michael-2024-uk-1oz-silver-proof-coin-rev.webp
[118/192#w2] __RM_JSON__ /Users/mihail/Desktop/Нумизматика сайт/omonete-app/data/royal-mint-george-michael-2024-uk-1oz-silver-proof-coin.json
[118/192#w2] 
[118/192#w2] Готово: /Users/mihail/Desktop/Нумизматика сайт/omonete-app/data/royal-mint-george-michael-2024-uk-1oz-silver-proof-coin.json
[118/192#w2] Загрузка PDP: https://www.royalmint.com/shop/ancient-historic/trial-of-the-pyx/George-Michael-2024-UK-1oz-Silver-Proof-Coin
[118/192#w2] Классификация картинок: {
[118/192#w2]   "obverse": "https://www.royalmint.com/globalassets/_ecommerce/collect/launches/2025/trial-of-the-pyx/images/ukp06421-lpm---george-michael-1oz-silver-obv-tp25px88.jpg",
[118/192#w2]   "reverse": "https://www.royalmint.com/globalassets/_ecommerce/collect/launches/2025/trial-of-the-pyx/images/ukp06421-lpm---george-michael-1oz-silver-rev-tp25px88.jpg",
[118/192#w2]   "blister_obverse": null,
[118/192#w2]   "blister_reverse": null,
[118/192#w2]   "box": null,
[118/192#w2]   "certificate": null
[118/192#w2] }
[118/192#w2] 
[118/192#w2] ────────── Как увидеть монету на сайте (localhost) ──────────
[118/192#w2] Быстро (парсинг + public/data в один заход): npm run royal-mint:preview
[118/192#w2]   (или уже есть JSON: npx tsx scripts/royal-mint-to-public-catalog.ts "/Users/mihail/Desktop/Нумизматика сайт/omonete-app/data/royal-mint-george-michael-2024-uk-1oz-silver-proof-coin.json")
[118/192#w2] Потом: npm run dev → http://localhost:3000/coins/991001/ (или ROYAL_MINT_LOCAL_ID)
[118/192#w2] Картинки (если скачались): public/image/coins/foreign/ — пути уже в JSON монеты.
[118/192#w2] В БД: npm run royal-mint:import → npm run data:export (или data:export:incremental).

——— старт 120/192#w2 ———
https://www.royalmint.com/shop/ancient-historic/trial-of-the-pyx/Britannia-2024-UK-1oz-Silver-Proof-Coin
[119/192#w1] Блок характеристик: div.mod-section.specification — найден, полей в specs: 12
[119/192#w1] __RM_JSON__ /Users/mihail/Desktop/Нумизматика сайт/omonete-app/data/royal-mint-national-gallery-2024-2-pound-silver-proof-piedfort-coin.json
[119/192#w1] 
[119/192#w1] Готово: /Users/mihail/Desktop/Нумизматика сайт/omonete-app/data/royal-mint-national-gallery-2024-2-pound-silver-proof-piedfort-coin.json
[119/192#w1] Загрузка PDP: https://www.royalmint.com/shop/limited-editions/national-gallery/national-gallery-2024-2-pound-silver-proof-piedfort-coin
[119/192#w1] Классификация картинок: {
[119/192#w1]   "obverse": null,
[119/192#w1]   "reverse": null,
[119/192#w1]   "blister_obverse": null,
[119/192#w1]   "blister_reverse": null,
[119/192#w1]   "box": null,
[119/192#w1]   "certificate": null
[119/192#w1] }
[119/192#w1] 
[119/192#w1] ────────── Как увидеть монету на сайте (localhost) ──────────
[119/192#w1] Быстро (парсинг + public/data в один заход): npm run royal-mint:preview
[119/192#w1]   (или уже есть JSON: npx tsx scripts/royal-mint-to-public-catalog.ts "/Users/mihail/Desktop/Нумизматика сайт/omonete-app/data/royal-mint-national-gallery-2024-2-pound-silver-proof-piedfort-coin.json")
[119/192#w1] Потом: npm run dev → http://localhost:3000/coins/991001/ (или ROYAL_MINT_LOCAL_ID)
[119/192#w1] Картинки (если скачались): public/image/coins/foreign/ — пути уже в JSON монеты.
[119/192#w1] В БД: npm run royal-mint:import → npm run data:export (или data:export:incremental).

——— старт 121/192#w1 ———
https://www.royalmint.com/shop/ancient-historic/trial-of-the-pyx/Britannia-2024-UK-1-2oz-Silver-Proof-Coin
[120/192#w2] Блок характеристик: div.mod-section.specification — найден, полей в specs: 10
[120/192#w2]   ✓ britannia-2024-uk-1oz-silver-proof-coin-obv.webp
[120/192#w2]   ✓ britannia-2024-uk-1oz-silver-proof-coin-rev.webp
[120/192#w2] __RM_JSON__ /Users/mihail/Desktop/Нумизматика сайт/omonete-app/data/royal-mint-britannia-2024-uk-1oz-silver-proof-coin.json
[120/192#w2] 
[120/192#w2] Готово: /Users/mihail/Desktop/Нумизматика сайт/omonete-app/data/royal-mint-britannia-2024-uk-1oz-silver-proof-coin.json
[120/192#w2] Загрузка PDP: https://www.royalmint.com/shop/ancient-historic/trial-of-the-pyx/Britannia-2024-UK-1oz-Silver-Proof-Coin
[120/192#w2] Классификация картинок: {
[120/192#w2]   "obverse": "https://www.royalmint.com/globalassets/_ecommerce/collect/launches/2025/trial-of-the-pyx/images/ukp14939-lpm---britannia-1oz-silver-obv-tp25px82.jpg",
[120/192#w2]   "reverse": "https://www.royalmint.com/globalassets/_ecommerce/collect/launches/2025/trial-of-the-pyx/images/ukp14939-lpm---britannia-1oz-silver-rev-tp25px82.jpg",
[120/192#w2]   "blister_obverse": null,
[120/192#w2]   "blister_reverse": null,
[120/192#w2]   "box": null,
[120/192#w2]   "certificate": null
[120/192#w2] }
[120/192#w2] 
[120/192#w2] ────────── Как увидеть монету на сайте (localhost) ──────────
[120/192#w2] Быстро (парсинг + public/data в один заход): npm run royal-mint:preview
[120/192#w2]   (или уже есть JSON: npx tsx scripts/royal-mint-to-public-catalog.ts "/Users/mihail/Desktop/Нумизматика сайт/omonete-app/data/royal-mint-britannia-2024-uk-1oz-silver-proof-coin.json")
[120/192#w2] Потом: npm run dev → http://localhost:3000/coins/991001/ (или ROYAL_MINT_LOCAL_ID)
[120/192#w2] Картинки (если скачались): public/image/coins/foreign/ — пути уже в JSON монеты.
[120/192#w2] В БД: npm run royal-mint:import → npm run data:export (или data:export:incremental).

——— старт 122/192#w2 ———
https://www.royalmint.com/shop/ancient-historic/trial-of-the-pyx/Star-Wars-Han-Solo-and-Chewbacca-2024-UK-50p-Silver-Proof-Colour-Coin
[121/192#w1] Блок характеристик: div.mod-section.specification — найден, полей в specs: 10
[121/192#w1]   ✓ britannia-2024-uk-1-2oz-silver-proof-coin-obv.webp
[121/192#w1]   ✓ britannia-2024-uk-1-2oz-silver-proof-coin-rev.webp
[121/192#w1] __RM_JSON__ /Users/mihail/Desktop/Нумизматика сайт/omonete-app/data/royal-mint-britannia-2024-uk-1-2oz-silver-proof-coin.json
[121/192#w1] 
[121/192#w1] Готово: /Users/mihail/Desktop/Нумизматика сайт/omonete-app/data/royal-mint-britannia-2024-uk-1-2oz-silver-proof-coin.json
[121/192#w1] Загрузка PDP: https://www.royalmint.com/shop/ancient-historic/trial-of-the-pyx/Britannia-2024-UK-1-2oz-Silver-Proof-Coin
[121/192#w1] Классификация картинок: {
[121/192#w1]   "obverse": "https://www.royalmint.com/globalassets/_ecommerce/collect/launches/2025/trial-of-the-pyx/images/ukp15939-lpm---britannia-1-2oz-silver-obverse-tp25px99.jpg",
[121/192#w1]   "reverse": "https://www.royalmint.com/globalassets/_ecommerce/collect/launches/2025/trial-of-the-pyx/images/ukp15939-lpm---britannia-1-2oz-silver-reverse-tp25px99.jpg",
[121/192#w1]   "blister_obverse": null,
[121/192#w1]   "blister_reverse": null,
[121/192#w1]   "box": null,
[121/192#w1]   "certificate": null
[121/192#w1] }
[121/192#w1] 
[121/192#w1] ────────── Как увидеть монету на сайте (localhost) ──────────
[121/192#w1] Быстро (парсинг + public/data в один заход): npm run royal-mint:preview
[121/192#w1]   (или уже есть JSON: npx tsx scripts/royal-mint-to-public-catalog.ts "/Users/mihail/Desktop/Нумизматика сайт/omonete-app/data/royal-mint-britannia-2024-uk-1-2oz-silver-proof-coin.json")
[121/192#w1] Потом: npm run dev → http://localhost:3000/coins/991001/ (или ROYAL_MINT_LOCAL_ID)
[121/192#w1] Картинки (если скачались): public/image/coins/foreign/ — пути уже в JSON монеты.
[121/192#w1] В БД: npm run royal-mint:import → npm run data:export (или data:export:incremental).

——— старт 123/192#w1 ———
https://www.royalmint.com/shop/coin-sets/dame-vera-lynn-1917-half-crown-and-2022-2-pound-silver-proof
[122/192#w2] Блок характеристик: div.mod-section.specification — найден, полей в specs: 9
[122/192#w2]   ✓ star-wars-han-solo-and-chewbacca-2024-uk-50p-silver-proof-colour-coin-obv.webp
[122/192#w2]   ✓ star-wars-han-solo-and-chewbacca-2024-uk-50p-silver-proof-colour-coin-rev.webp
[122/192#w2] __RM_JSON__ /Users/mihail/Desktop/Нумизматика сайт/omonete-app/data/royal-mint-star-wars-han-solo-and-chewbacca-2024-uk-50p-silver-proof-colour-coin.json
[122/192#w2] 
[122/192#w2] Готово: /Users/mihail/Desktop/Нумизматика сайт/omonete-app/data/royal-mint-star-wars-han-solo-and-chewbacca-2024-uk-50p-silver-proof-colour-coin.json
[122/192#w2] Загрузка PDP: https://www.royalmint.com/shop/ancient-historic/trial-of-the-pyx/Star-Wars-Han-Solo-and-Chewbacca-2024-UK-50p-Silver-Proof-Colour-Coin
[122/192#w2] Классификация картинок: {
[122/192#w2]   "obverse": "https://www.royalmint.com/globalassets/_ecommerce/collect/launches/2025/trial-of-the-pyx/images/ukp43059-lpm---han-solo-chewbacca-50p-silver-colour-obv-tp25px135.jpg",
[122/192#w2]   "reverse": "https://www.royalmint.com/globalassets/_ecommerce/collect/launches/2025/trial-of-the-pyx/images/ukp43059-lpm---han-solo-chewbacca-50p-silver-colour-rev-tp25px135.jpg",
[122/192#w2]   "blister_obverse": null,
[122/192#w2]   "blister_reverse": null,
[122/192#w2]   "box": null,
[122/192#w2]   "certificate": null
[122/192#w2] }
[122/192#w2] 
[122/192#w2] ────────── Как увидеть монету на сайте (localhost) ──────────
[122/192#w2] Быстро (парсинг + public/data в один заход): npm run royal-mint:preview
[122/192#w2]   (или уже есть JSON: npx tsx scripts/royal-mint-to-public-catalog.ts "/Users/mihail/Desktop/Нумизматика сайт/omonete-app/data/royal-mint-star-wars-han-solo-and-chewbacca-2024-uk-50p-silver-proof-colour-coin.json")
[122/192#w2] Потом: npm run dev → http://localhost:3000/coins/991001/ (или ROYAL_MINT_LOCAL_ID)
[122/192#w2] Картинки (если скачались): public/image/coins/foreign/ — пути уже в JSON монеты.
[122/192#w2] В БД: npm run royal-mint:import → npm run data:export (или data:export:incremental).

——— старт 124/192#w2 ———
https://www.royalmint.com/shop/ancient-historic/trial-of-the-pyx/Britannia-2024-UK-2oz-Silver-Proof-Coin
[123/192#w1] Блок характеристик: div.mod-section.specification — найден, полей в specs: 11
[123/192#w1] __RM_JSON__ /Users/mihail/Desktop/Нумизматика сайт/omonete-app/data/royal-mint-dame-vera-lynn-1917-half-crown-and-2022-2-pound-silver-proof.json
[123/192#w1] 
[123/192#w1] Готово: /Users/mihail/Desktop/Нумизматика сайт/omonete-app/data/royal-mint-dame-vera-lynn-1917-half-crown-and-2022-2-pound-silver-proof.json
[123/192#w1] Загрузка PDP: https://www.royalmint.com/shop/coin-sets/dame-vera-lynn-1917-half-crown-and-2022-2-pound-silver-proof
[123/192#w1] Классификация картинок: {
[123/192#w1]   "obverse": null,
[123/192#w1]   "reverse": null,
[123/192#w1]   "blister_obverse": null,
[123/192#w1]   "blister_reverse": null,
[123/192#w1]   "box": null,
[123/192#w1]   "certificate": null
[123/192#w1] }
[123/192#w1] 
[123/192#w1] ────────── Как увидеть монету на сайте (localhost) ──────────
[123/192#w1] Быстро (парсинг + public/data в один заход): npm run royal-mint:preview
[123/192#w1]   (или уже есть JSON: npx tsx scripts/royal-mint-to-public-catalog.ts "/Users/mihail/Desktop/Нумизматика сайт/omonete-app/data/royal-mint-dame-vera-lynn-1917-half-crown-and-2022-2-pound-silver-proof.json")
[123/192#w1] Потом: npm run dev → http://localhost:3000/coins/991001/ (или ROYAL_MINT_LOCAL_ID)
[123/192#w1] Картинки (если скачались): public/image/coins/foreign/ — пути уже в JSON монеты.
[123/192#w1] В БД: npm run royal-mint:import → npm run data:export (или data:export:incremental).

——— старт 125/192#w1 ———
https://www.royalmint.com/shop/ancient-historic/trial-of-the-pyx/Lunar-Year-of-the-Dragon-2024-UK-5oz-Silver-Proof-Coin
[124/192#w2] Блок характеристик: div.mod-section.specification — найден, полей в specs: 9
[125/192#w1] Блок характеристик: div.mod-section.specification — найден, полей в specs: 9
[124/192#w2]   ✓ britannia-2024-uk-2oz-silver-proof-coin-obv.webp
[124/192#w2]   ✓ britannia-2024-uk-2oz-silver-proof-coin-rev.webp
[124/192#w2] __RM_JSON__ /Users/mihail/Desktop/Нумизматика сайт/omonete-app/data/royal-mint-britannia-2024-uk-2oz-silver-proof-coin.json
[124/192#w2] 
[124/192#w2] Готово: /Users/mihail/Desktop/Нумизматика сайт/omonete-app/data/royal-mint-britannia-2024-uk-2oz-silver-proof-coin.json
[124/192#w2] Загрузка PDP: https://www.royalmint.com/shop/ancient-historic/trial-of-the-pyx/Britannia-2024-UK-2oz-Silver-Proof-Coin
[124/192#w2] Классификация картинок: {
[124/192#w2]   "obverse": "https://www.royalmint.com/globalassets/_ecommerce/collect/launches/2025/trial-of-the-pyx/images/ukp13939-lpm---britannia-2oz-silver-obv-tp25px74.jpg",
[124/192#w2]   "reverse": "https://www.royalmint.com/globalassets/_ecommerce/collect/launches/2025/trial-of-the-pyx/images/ukp13939-lpm---britannia-2oz-silver-rev-tp25px74.jpg",
[124/192#w2]   "blister_obverse": null,
[124/192#w2]   "blister_reverse": null,
[124/192#w2]   "box": null,
[124/192#w2]   "certificate": null
[124/192#w2] }
[124/192#w2] 
[124/192#w2] ────────── Как увидеть монету на сайте (localhost) ──────────
[124/192#w2] Быстро (парсинг + public/data в один заход): npm run royal-mint:preview
[124/192#w2]   (или уже есть JSON: npx tsx scripts/royal-mint-to-public-catalog.ts "/Users/mihail/Desktop/Нумизматика сайт/omonete-app/data/royal-mint-britannia-2024-uk-2oz-silver-proof-coin.json")
[124/192#w2] Потом: npm run dev → http://localhost:3000/coins/991001/ (или ROYAL_MINT_LOCAL_ID)
[124/192#w2] Картинки (если скачались): public/image/coins/foreign/ — пути уже в JSON монеты.
[124/192#w2] В БД: npm run royal-mint:import → npm run data:export (или data:export:incremental).

——— старт 126/192#w2 ———
https://www.royalmint.com/shop/ancient-historic/trial-of-the-pyx/Paul-McCartney-2024-UK-2oz-Silver-Proof-Coin
[125/192#w1]   ✓ lunar-year-of-the-dragon-2024-uk-5oz-silver-proof-coin-obv.webp
[125/192#w1]   ✓ lunar-year-of-the-dragon-2024-uk-5oz-silver-proof-coin-rev.webp
[125/192#w1] __RM_JSON__ /Users/mihail/Desktop/Нумизматика сайт/omonete-app/data/royal-mint-lunar-year-of-the-dragon-2024-uk-5oz-silver-proof-coin.json
[125/192#w1] 
[125/192#w1] Готово: /Users/mihail/Desktop/Нумизматика сайт/omonete-app/data/royal-mint-lunar-year-of-the-dragon-2024-uk-5oz-silver-proof-coin.json
[125/192#w1] Загрузка PDP: https://www.royalmint.com/shop/ancient-historic/trial-of-the-pyx/Lunar-Year-of-the-Dragon-2024-UK-5oz-Silver-Proof-Coin
[125/192#w1] Классификация картинок: {
[125/192#w1]   "obverse": "https://www.royalmint.com/globalassets/_ecommerce/collect/launches/2025/trial-of-the-pyx/images/ukp05843-lpm---year-of-the-dragon-5oz-silver-obv-tp25px71.jpg",
[125/192#w1]   "reverse": "https://www.royalmint.com/globalassets/_ecommerce/collect/launches/2025/trial-of-the-pyx/images/ukp05843-lpm---year-of-the-dragon-5oz-silver-rev-tp25px71.jpg",
[125/192#w1]   "blister_obverse": null,
[125/192#w1]   "blister_reverse": null,
[125/192#w1]   "box": null,
[125/192#w1]   "certificate": null
[125/192#w1] }
[125/192#w1] 
[125/192#w1] ────────── Как увидеть монету на сайте (localhost) ──────────
[125/192#w1] Быстро (парсинг + public/data в один заход): npm run royal-mint:preview
[125/192#w1]   (или уже есть JSON: npx tsx scripts/royal-mint-to-public-catalog.ts "/Users/mihail/Desktop/Нумизматика сайт/omonete-app/data/royal-mint-lunar-year-of-the-dragon-2024-uk-5oz-silver-proof-coin.json")
[125/192#w1] Потом: npm run dev → http://localhost:3000/coins/991001/ (или ROYAL_MINT_LOCAL_ID)
[125/192#w1] Картинки (если скачались): public/image/coins/foreign/ — пути уже в JSON монеты.
[125/192#w1] В БД: npm run royal-mint:import → npm run data:export (или data:export:incremental).

——— старт 127/192#w1 ———
https://www.royalmint.com/shop/limited-editions/rrs-discovery/rrs-discovery-2025-2-pound-silver-proof-coin
[126/192#w2] Блок характеристик: div.mod-section.specification — найден, полей в specs: 10
[126/192#w2]   ✓ paul-mccartney-2024-uk-2oz-silver-proof-coin-obv.webp
[127/192#w1] Блок характеристик: div.mod-section.specification — найден, полей в specs: 12
[126/192#w2]   ✓ paul-mccartney-2024-uk-2oz-silver-proof-coin-rev.webp
[126/192#w2] __RM_JSON__ /Users/mihail/Desktop/Нумизматика сайт/omonete-app/data/royal-mint-paul-mccartney-2024-uk-2oz-silver-proof-coin.json
[126/192#w2] 
[126/192#w2] Готово: /Users/mihail/Desktop/Нумизматика сайт/omonete-app/data/royal-mint-paul-mccartney-2024-uk-2oz-silver-proof-coin.json
[126/192#w2] Загрузка PDP: https://www.royalmint.com/shop/ancient-historic/trial-of-the-pyx/Paul-McCartney-2024-UK-2oz-Silver-Proof-Coin
[126/192#w2] Классификация картинок: {
[126/192#w2]   "obverse": "https://www.royalmint.com/globalassets/_ecommerce/collect/launches/2025/trial-of-the-pyx/images/ukp06039-lpm---paul-mccartney-2oz-silver-obv-tp25px79.jpg",
[126/192#w2]   "reverse": "https://www.royalmint.com/globalassets/_ecommerce/collect/launches/2025/trial-of-the-pyx/images/ukp06039-lpm---paul-mccartney-2oz-silver-rev-tp25px79.jpg",
[126/192#w2]   "blister_obverse": null,
[126/192#w2]   "blister_reverse": null,
[126/192#w2]   "box": null,
[126/192#w2]   "certificate": null
[126/192#w2] }
[126/192#w2] 
[126/192#w2] ────────── Как увидеть монету на сайте (localhost) ──────────
[126/192#w2] Быстро (парсинг + public/data в один заход): npm run royal-mint:preview
[126/192#w2]   (или уже есть JSON: npx tsx scripts/royal-mint-to-public-catalog.ts "/Users/mihail/Desktop/Нумизматика сайт/omonete-app/data/royal-mint-paul-mccartney-2024-uk-2oz-silver-proof-coin.json")
[126/192#w2] Потом: npm run dev → http://localhost:3000/coins/991001/ (или ROYAL_MINT_LOCAL_ID)
[126/192#w2] Картинки (если скачались): public/image/coins/foreign/ — пути уже в JSON монеты.
[126/192#w2] В БД: npm run royal-mint:import → npm run data:export (или data:export:incremental).

——— старт 128/192#w2 ———
https://www.royalmint.com/shop/ancient-historic/trial-of-the-pyx/Britannia-and-Liberty-2024-UK-5oz-Silver-Proof-Coin
[127/192#w1]   ✓ rrs-discovery-2025-2-pound-silver-proof-coin-obv.webp
[127/192#w1]   ✓ rrs-discovery-2025-2-pound-silver-proof-coin-rev.webp
[127/192#w1]   ✓ rrs-discovery-2025-2-pound-silver-proof-coin-cert.webp
[127/192#w1] __RM_JSON__ /Users/mihail/Desktop/Нумизматика сайт/omonete-app/data/royal-mint-rrs-discovery-2025-2-pound-silver-proof-coin.json
[127/192#w1] 
[127/192#w1] Готово: /Users/mihail/Desktop/Нумизматика сайт/omonete-app/data/royal-mint-rrs-discovery-2025-2-pound-silver-proof-coin.json
[127/192#w1] Загрузка PDP: https://www.royalmint.com/shop/limited-editions/rrs-discovery/rrs-discovery-2025-2-pound-silver-proof-coin
[127/192#w1] Классификация картинок: {
[127/192#w1]   "obverse": "https://www.royalmint.com/globalassets/_ecommerce/commemorative/launches/2025-launches/rrs-discovery/product-images/uk25rsds-trrs-discovery-2025-gbp2-silver-proof-coin-obverse-with-edge-shadow-1500x1500-f3a2c67.jpg",
[127/192#w1]   "reverse": "https://www.royalmint.com/globalassets/_ecommerce/commemorative/launches/2025-launches/rrs-discovery/product-images/uk25rsds-trrs-discovery-2025-gbp2-silver-proof-coin-reverse-with-edge-shadow-1500x1500-f3a2c67.jpg",
[127/192#w1]   "blister_obverse": null,
[127/192#w1]   "blister_reverse": null,
[127/192#w1]   "box": null,
[127/192#w1]   "certificate": "https://www.royalmint.com/globalassets/_ecommerce/commemorative/launches/2025-launches/rrs-discovery/product-images/uk25rsds-trrs-discovery-2025-gbp2-silver-proof-coin-case-1500x1500-f3a2c67.jpg"
[127/192#w1] }
[127/192#w1] 
[127/192#w1] ────────── Как увидеть монету на сайте (localhost) ──────────
[127/192#w1] Быстро (парсинг + public/data в один заход): npm run royal-mint:preview
[127/192#w1]   (или уже есть JSON: npx tsx scripts/royal-mint-to-public-catalog.ts "/Users/mihail/Desktop/Нумизматика сайт/omonete-app/data/royal-mint-rrs-discovery-2025-2-pound-silver-proof-coin.json")
[127/192#w1] Потом: npm run dev → http://localhost:3000/coins/991001/ (или ROYAL_MINT_LOCAL_ID)
[127/192#w1] Картинки (если скачались): public/image/coins/foreign/ — пути уже в JSON монеты.
[127/192#w1] В БД: npm run royal-mint:import → npm run data:export (или data:export:incremental).

——— старт 129/192#w1 ———
https://www.royalmint.com/shop/ancient-historic/trial-of-the-pyx/The-Lion-and-The-Eagle-2024-UK-2oz-Silver-Proof-Coin
[128/192#w2] Блок характеристик: div.mod-section.specification — найден, полей в specs: 9
[128/192#w2]   ✓ britannia-and-liberty-2024-uk-5oz-silver-proof-coin-obv.webp
[129/192#w1] Блок характеристик: div.mod-section.specification — найден, полей в specs: 10
[128/192#w2]   ✓ britannia-and-liberty-2024-uk-5oz-silver-proof-coin-rev.webp
[128/192#w2] __RM_JSON__ /Users/mihail/Desktop/Нумизматика сайт/omonete-app/data/royal-mint-britannia-and-liberty-2024-uk-5oz-silver-proof-coin.json
[128/192#w2] 
[128/192#w2] Готово: /Users/mihail/Desktop/Нумизматика сайт/omonete-app/data/royal-mint-britannia-and-liberty-2024-uk-5oz-silver-proof-coin.json
[128/192#w2] Загрузка PDP: https://www.royalmint.com/shop/ancient-historic/trial-of-the-pyx/Britannia-and-Liberty-2024-UK-5oz-Silver-Proof-Coin
[128/192#w2] Классификация картинок: {
[128/192#w2]   "obverse": "https://www.royalmint.com/globalassets/_ecommerce/collect/launches/2025/trial-of-the-pyx/images/ukp06953-lpm---britannia-and-liberty-5oz-silver-obv-tp25px66.jpg",
[128/192#w2]   "reverse": "https://www.royalmint.com/globalassets/_ecommerce/collect/launches/2025/trial-of-the-pyx/images/ukp06953-lpm---britannia-and-liberty-5oz-silver-rev-tp25px66.jpg",
[128/192#w2]   "blister_obverse": null,
[128/192#w2]   "blister_reverse": null,
[128/192#w2]   "box": null,
[128/192#w2]   "certificate": null
[128/192#w2] }
[128/192#w2] 
[128/192#w2] ────────── Как увидеть монету на сайте (localhost) ──────────
[128/192#w2] Быстро (парсинг + public/data в один заход): npm run royal-mint:preview
[128/192#w2]   (или уже есть JSON: npx tsx scripts/royal-mint-to-public-catalog.ts "/Users/mihail/Desktop/Нумизматика сайт/omonete-app/data/royal-mint-britannia-and-liberty-2024-uk-5oz-silver-proof-coin.json")
[128/192#w2] Потом: npm run dev → http://localhost:3000/coins/991001/ (или ROYAL_MINT_LOCAL_ID)
[128/192#w2] Картинки (если скачались): public/image/coins/foreign/ — пути уже в JSON монеты.
[128/192#w2] В БД: npm run royal-mint:import → npm run data:export (или data:export:incremental).

——— старт 130/192#w2 ———
https://www.royalmint.com/six-decades-of-007/bond-films-of-the-1980s/bond-films-of-the-1980s-2024-2oz-silver-proof-coin
[129/192#w1]   ✓ the-lion-and-the-eagle-2024-uk-2oz-silver-proof-coin-obv.webp
[129/192#w1]   ✓ the-lion-and-the-eagle-2024-uk-2oz-silver-proof-coin-rev.webp
[129/192#w1] __RM_JSON__ /Users/mihail/Desktop/Нумизматика сайт/omonete-app/data/royal-mint-the-lion-and-the-eagle-2024-uk-2oz-silver-proof-coin.json
[129/192#w1] 
[129/192#w1] Готово: /Users/mihail/Desktop/Нумизматика сайт/omonete-app/data/royal-mint-the-lion-and-the-eagle-2024-uk-2oz-silver-proof-coin.json
[129/192#w1] Загрузка PDP: https://www.royalmint.com/shop/ancient-historic/trial-of-the-pyx/The-Lion-and-The-Eagle-2024-UK-2oz-Silver-Proof-Coin
[129/192#w1] Классификация картинок: {
[129/192#w1]   "obverse": "https://www.royalmint.com/globalassets/_ecommerce/collect/launches/2025/trial-of-the-pyx/images/ukp07202-lpm---lion-and-eagle-2oz-silver-rev-frosted-rev-tp25px78.jpg",
[129/192#w1]   "reverse": "https://www.royalmint.com/globalassets/_ecommerce/collect/launches/2025/trial-of-the-pyx/images/ukp07202-lpm---lion-and-eagle-2oz-silver-rev-frosted-rev-tp25px78.jpg",
[129/192#w1]   "blister_obverse": null,
[129/192#w1]   "blister_reverse": null,
[129/192#w1]   "box": null,
[129/192#w1]   "certificate": null
[129/192#w1] }
[129/192#w1] 
[129/192#w1] ────────── Как увидеть монету на сайте (localhost) ──────────
[129/192#w1] Быстро (парсинг + public/data в один заход): npm run royal-mint:preview
[129/192#w1]   (или уже есть JSON: npx tsx scripts/royal-mint-to-public-catalog.ts "/Users/mihail/Desktop/Нумизматика сайт/omonete-app/data/royal-mint-the-lion-and-the-eagle-2024-uk-2oz-silver-proof-coin.json")
[129/192#w1] Потом: npm run dev → http://localhost:3000/coins/991001/ (или ROYAL_MINT_LOCAL_ID)
[129/192#w1] Картинки (если скачались): public/image/coins/foreign/ — пути уже в JSON монеты.
[129/192#w1] В БД: npm run royal-mint:import → npm run data:export (или data:export:incremental).

——— старт 131/192#w1 ———
https://www.royalmint.com/britannia/commemorative/2026-britannia-2oz-silver-proof-coin
[130/192#w2] Внимание: на странице не найден блок div.mod-section.specification — спеки взяты из остальных table (если есть).
[130/192#w2] __RM_JSON__ /Users/mihail/Desktop/Нумизматика сайт/omonete-app/data/royal-mint-bond-films-of-the-1980s-2024-2oz-silver-proof-coin.json
[130/192#w2] 
[130/192#w2] Готово: /Users/mihail/Desktop/Нумизматика сайт/omonete-app/data/royal-mint-bond-films-of-the-1980s-2024-2oz-silver-proof-coin.json
[130/192#w2] Загрузка PDP: https://www.royalmint.com/six-decades-of-007/bond-films-of-the-1980s/bond-films-of-the-1980s-2024-2oz-silver-proof-coin
[130/192#w2] Классификация картинок: {
[130/192#w2]   "obverse": null,
[130/192#w2]   "reverse": null,
[130/192#w2]   "blister_obverse": null,
[130/192#w2]   "blister_reverse": null,
[130/192#w2]   "box": null,
[130/192#w2]   "certificate": null
[130/192#w2] }
[130/192#w2] 
[130/192#w2] ────────── Как увидеть монету на сайте (localhost) ──────────
[130/192#w2] Быстро (парсинг + public/data в один заход): npm run royal-mint:preview
[130/192#w2]   (или уже есть JSON: npx tsx scripts/royal-mint-to-public-catalog.ts "/Users/mihail/Desktop/Нумизматика сайт/omonete-app/data/royal-mint-bond-films-of-the-1980s-2024-2oz-silver-proof-coin.json")
[130/192#w2] Потом: npm run dev → http://localhost:3000/coins/991001/ (или ROYAL_MINT_LOCAL_ID)
[130/192#w2] Картинки (если скачались): public/image/coins/foreign/ — пути уже в JSON монеты.
[130/192#w2] В БД: npm run royal-mint:import → npm run data:export (или data:export:incremental).

——— старт 132/192#w2 ———
https://www.royalmint.com/shop/limited-editions/rrs-discovery/rrs-discovery-2025-2-silver-proof-piedfort-coin
[131/192#w1] Блок характеристик: div.mod-section.specification — найден, полей в specs: 11
[131/192#w1]   ✓ 2026-britannia-2oz-silver-proof-coin-obv.webp
[131/192#w1]   ✓ 2026-britannia-2oz-silver-proof-coin-rev.webp
[131/192#w1]   ✓ 2026-britannia-2oz-silver-proof-coin-cert.webp
[131/192#w1] __RM_JSON__ /Users/mihail/Desktop/Нумизматика сайт/omonete-app/data/royal-mint-2026-britannia-2oz-silver-proof-coin.json
[131/192#w1] 
[131/192#w1] Готово: /Users/mihail/Desktop/Нумизматика сайт/omonete-app/data/royal-mint-2026-britannia-2oz-silver-proof-coin.json
[131/192#w1] Загрузка PDP: https://www.royalmint.com/britannia/commemorative/2026-britannia-2oz-silver-proof-coin
[131/192#w1] Классификация картинок: {
[131/192#w1]   "obverse": "https://www.royalmint.com/globalassets/_ecommerce/commemorative/launches/2026-launches/britannia/product-images/br26s2-2026-britannia-uk-2oz-silver-proof-coin-obverse.jpg",
[131/192#w1]   "reverse": "https://www.royalmint.com/globalassets/_ecommerce/commemorative/launches/2026-launches/britannia/product-images/br26s2-2026-britannia-uk-2oz-silver-proof-coin-reverse.jpg",
[131/192#w1]   "blister_obverse": null,
[131/192#w1]   "blister_reverse": null,
[131/192#w1]   "box": null,
[131/192#w1]   "certificate": "https://www.royalmint.com/globalassets/_ecommerce/commemorative/launches/2026-launches/britannia/product-images/br26s2-2026-britannia-uk-2oz-silver-proof-coin-case.jpg"
[131/192#w1] }
[131/192#w1] 
[131/192#w1] ────────── Как увидеть монету на сайте (localhost) ──────────
[131/192#w1] Быстро (парсинг + public/data в один заход): npm run royal-mint:preview
[131/192#w1]   (или уже есть JSON: npx tsx scripts/royal-mint-to-public-catalog.ts "/Users/mihail/Desktop/Нумизматика сайт/omonete-app/data/royal-mint-2026-britannia-2oz-silver-proof-coin.json")
[131/192#w1] Потом: npm run dev → http://localhost:3000/coins/991001/ (или ROYAL_MINT_LOCAL_ID)
[131/192#w1] Картинки (если скачались): public/image/coins/foreign/ — пути уже в JSON монеты.
[131/192#w1] В БД: npm run royal-mint:import → npm run data:export (или data:export:incremental).

——— старт 133/192#w1 ———
https://www.royalmint.com/shop/ancient-historic/trial-of-the-pyx/Penny-2024-Silver-Brilliant-Uncirculated-Coin
[132/192#w2] Блок характеристик: div.mod-section.specification — найден, полей в specs: 12
[132/192#w2]   ✓ rrs-discovery-2025-2-silver-proof-piedfort-coin-obv.webp
[132/192#w2]   ✓ rrs-discovery-2025-2-silver-proof-piedfort-coin-rev.webp
[132/192#w2]   ✓ rrs-discovery-2025-2-silver-proof-piedfort-coin-cert.webp
[132/192#w2] __RM_JSON__ /Users/mihail/Desktop/Нумизматика сайт/omonete-app/data/royal-mint-rrs-discovery-2025-2-silver-proof-piedfort-coin.json
[132/192#w2] 
[132/192#w2] Готово: /Users/mihail/Desktop/Нумизматика сайт/omonete-app/data/royal-mint-rrs-discovery-2025-2-silver-proof-piedfort-coin.json
[132/192#w2] Загрузка PDP: https://www.royalmint.com/shop/limited-editions/rrs-discovery/rrs-discovery-2025-2-silver-proof-piedfort-coin
[132/192#w2] Классификация картинок: {
[132/192#w2]   "obverse": "https://www.royalmint.com/globalassets/_ecommerce/commemorative/launches/2025-launches/rrs-discovery/product-images/uk25rsdsp-rrs-discovery-2025-gbp2-silver-proof-piedfort-coin-obverse-with-edge-shadow-1500x1500-f3a2c67.jpg",
[132/192#w2]   "reverse": "https://www.royalmint.com/globalassets/_ecommerce/commemorative/launches/2025-launches/rrs-discovery/product-images/uk25rsdsp-trrs-discovery-2025-gbp2-silver-proof-piedfort-coin-reverse-with-edge-shadow-1500x1500-f3a2c67.jpg",
[132/192#w2]   "blister_obverse": null,
[132/192#w2]   "blister_reverse": null,
[132/192#w2]   "box": null,
[132/192#w2]   "certificate": "https://www.royalmint.com/globalassets/_ecommerce/commemorative/launches/2025-launches/rrs-discovery/product-images/uk25rsdsp-trrs-discovery-2025-gbp2-silver-proof-piedfort-coin-case-1500x1500-f3a2c67.jpg"
[132/192#w2] }
[132/192#w2] 
[132/192#w2] ────────── Как увидеть монету на сайте (localhost) ──────────
[132/192#w2] Быстро (парсинг + public/data в один заход): npm run royal-mint:preview
[132/192#w2]   (или уже есть JSON: npx tsx scripts/royal-mint-to-public-catalog.ts "/Users/mihail/Desktop/Нумизматика сайт/omonete-app/data/royal-mint-rrs-discovery-2025-2-silver-proof-piedfort-coin.json")
[132/192#w2] Потом: npm run dev → http://localhost:3000/coins/991001/ (или ROYAL_MINT_LOCAL_ID)
[132/192#w2] Картинки (если скачались): public/image/coins/foreign/ — пути уже в JSON монеты.
[132/192#w2] В БД: npm run royal-mint:import → npm run data:export (или data:export:incremental).

——— старт 134/192#w2 ———
https://www.royalmint.com/shop/ancient-historic/trial-of-the-pyx/Buckingham-Palace-2024-UK-5-Silver-Proof-Coin
[133/192#w1] Блок характеристик: div.mod-section.specification — найден, полей в specs: 9
[133/192#w1]   ✓ penny-2024-silver-brilliant-uncirculated-coin-obv.webp
[133/192#w1]   ✓ penny-2024-silver-brilliant-uncirculated-coin-rev.webp
[133/192#w1] __RM_JSON__ /Users/mihail/Desktop/Нумизматика сайт/omonete-app/data/royal-mint-penny-2024-silver-brilliant-uncirculated-coin.json
[133/192#w1] 
[133/192#w1] Готово: /Users/mihail/Desktop/Нумизматика сайт/omonete-app/data/royal-mint-penny-2024-silver-brilliant-uncirculated-coin.json
[133/192#w1] Загрузка PDP: https://www.royalmint.com/shop/ancient-historic/trial-of-the-pyx/Penny-2024-Silver-Brilliant-Uncirculated-Coin
[133/192#w1] Классификация картинок: {
[133/192#w1]   "obverse": "https://www.royalmint.com/globalassets/_ecommerce/collect/launches/2025/trial-of-the-pyx/images/uku01602-lpm---penny-2024-silver-obv-tp25px155.jpg",
[133/192#w1]   "reverse": "https://www.royalmint.com/globalassets/_ecommerce/collect/launches/2025/trial-of-the-pyx/images/uku01602-lpm---penny-2024-silver-rev-tp25px155.jpg",
[133/192#w1]   "blister_obverse": null,
[133/192#w1]   "blister_reverse": null,
[133/192#w1]   "box": null,
[133/192#w1]   "certificate": null
[133/192#w1] }
[133/192#w1] 
[133/192#w1] ────────── Как увидеть монету на сайте (localhost) ──────────
[133/192#w1] Быстро (парсинг + public/data в один заход): npm run royal-mint:preview
[133/192#w1]   (или уже есть JSON: npx tsx scripts/royal-mint-to-public-catalog.ts "/Users/mihail/Desktop/Нумизматика сайт/omonete-app/data/royal-mint-penny-2024-silver-brilliant-uncirculated-coin.json")
[133/192#w1] Потом: npm run dev → http://localhost:3000/coins/991001/ (или ROYAL_MINT_LOCAL_ID)
[133/192#w1] Картинки (если скачались): public/image/coins/foreign/ — пути уже в JSON монеты.
[133/192#w1] В БД: npm run royal-mint:import → npm run data:export (или data:export:incremental).

——— старт 135/192#w1 ———
https://www.royalmint.com/shop/ancient-historic/trial-of-the-pyx/Britannia-and-Liberty-2024-UK-2oz-Silver-Proof-Coin
[135/192#w1] Блок характеристик: div.mod-section.specification — найден, полей в specs: 9
[135/192#w1]   ✓ britannia-and-liberty-2024-uk-2oz-silver-proof-coin-obv.webp
[135/192#w1]   ✓ britannia-and-liberty-2024-uk-2oz-silver-proof-coin-rev.webp
[135/192#w1] __RM_JSON__ /Users/mihail/Desktop/Нумизматика сайт/omonete-app/data/royal-mint-britannia-and-liberty-2024-uk-2oz-silver-proof-coin.json
[135/192#w1] 
[135/192#w1] Готово: /Users/mihail/Desktop/Нумизматика сайт/omonete-app/data/royal-mint-britannia-and-liberty-2024-uk-2oz-silver-proof-coin.json
[135/192#w1] Загрузка PDP: https://www.royalmint.com/shop/ancient-historic/trial-of-the-pyx/Britannia-and-Liberty-2024-UK-2oz-Silver-Proof-Coin
[135/192#w1] Классификация картинок: {
[135/192#w1]   "obverse": "https://www.royalmint.com/globalassets/_ecommerce/collect/launches/2025/trial-of-the-pyx/images/ukp07953-lpm---britannia-and-liberty-2oz-silver-obv-tp25px75.jpg",
[135/192#w1]   "reverse": "https://www.royalmint.com/globalassets/_ecommerce/collect/launches/2025/trial-of-the-pyx/images/ukp07953-lpm---britannia-and-liberty-2oz-silver-rev-tp25px75.jpg",
[135/192#w1]   "blister_obverse": null,
[135/192#w1]   "blister_reverse": null,
[135/192#w1]   "box": null,
[135/192#w1]   "certificate": null
[135/192#w1] }
[135/192#w1] 
[135/192#w1] ────────── Как увидеть монету на сайте (localhost) ──────────
[135/192#w1] Быстро (парсинг + public/data в один заход): npm run royal-mint:preview
[135/192#w1]   (или уже есть JSON: npx tsx scripts/royal-mint-to-public-catalog.ts "/Users/mihail/Desktop/Нумизматика сайт/omonete-app/data/royal-mint-britannia-and-liberty-2024-uk-2oz-silver-proof-coin.json")
[135/192#w1] Потом: npm run dev → http://localhost:3000/coins/991001/ (или ROYAL_MINT_LOCAL_ID)
[135/192#w1] Картинки (если скачались): public/image/coins/foreign/ — пути уже в JSON монеты.
[135/192#w1] В БД: npm run royal-mint:import → npm run data:export (или data:export:incremental).

——— старт 136/192#w1 ———
https://www.royalmint.com/shop/ancient-historic/trial-of-the-pyx/The-Lion-and-The-Eagle-2024-UK-1-10oz-Silver-Proof-Coin
[134/192#w2] Блок характеристик: div.mod-section.specification — найден, полей в specs: 9
[134/192#w2]   ✓ buckingham-palace-2024-uk-5-silver-proof-coin-obv.webp
[134/192#w2]   ✓ buckingham-palace-2024-uk-5-silver-proof-coin-rev.webp
[134/192#w2] __RM_JSON__ /Users/mihail/Desktop/Нумизматика сайт/omonete-app/data/royal-mint-buckingham-palace-2024-uk-5-silver-proof-coin.json
[134/192#w2] 
[134/192#w2] Готово: /Users/mihail/Desktop/Нумизматика сайт/omonete-app/data/royal-mint-buckingham-palace-2024-uk-5-silver-proof-coin.json
[134/192#w2] Загрузка PDP: https://www.royalmint.com/shop/ancient-historic/trial-of-the-pyx/Buckingham-Palace-2024-UK-5-Silver-Proof-Coin
[134/192#w2] Классификация картинок: {
[134/192#w2]   "obverse": "https://www.royalmint.com/globalassets/_ecommerce/collect/launches/2025/trial-of-the-pyx/images/ukp06144s-2024-5-buckingham-palace-obverse-tp25px112.jpg",
[134/192#w2]   "reverse": "https://www.royalmint.com/globalassets/_ecommerce/collect/launches/2025/trial-of-the-pyx/images/ukp06144s-2024-5-buckingham-palace-reverse-tp25px112.jpg",
[134/192#w2]   "blister_obverse": null,
[134/192#w2]   "blister_reverse": null,
[134/192#w2]   "box": null,
[134/192#w2]   "certificate": null
[134/192#w2] }
[134/192#w2] 
[134/192#w2] ────────── Как увидеть монету на сайте (localhost) ──────────
[134/192#w2] Быстро (парсинг + public/data в один заход): npm run royal-mint:preview
[134/192#w2]   (или уже есть JSON: npx tsx scripts/royal-mint-to-public-catalog.ts "/Users/mihail/Desktop/Нумизматика сайт/omonete-app/data/royal-mint-buckingham-palace-2024-uk-5-silver-proof-coin.json")
[134/192#w2] Потом: npm run dev → http://localhost:3000/coins/991001/ (или ROYAL_MINT_LOCAL_ID)
[134/192#w2] Картинки (если скачались): public/image/coins/foreign/ — пути уже в JSON монеты.
[134/192#w2] В БД: npm run royal-mint:import → npm run data:export (или data:export:incremental).

——— старт 137/192#w2 ———
https://www.royalmint.com/shop/ancient-historic/trial-of-the-pyx/George-Michael-2024-UK-2oz-Silver-Proof-Coin
[136/192#w1] Блок характеристик: div.mod-section.specification — найден, полей в specs: 9
[136/192#w1]   ✓ the-lion-and-the-eagle-2024-uk-1-10oz-silver-proof-coin-obv.webp
[136/192#w1]   ✓ the-lion-and-the-eagle-2024-uk-1-10oz-silver-proof-coin-rev.webp
[136/192#w1] __RM_JSON__ /Users/mihail/Desktop/Нумизматика сайт/omonete-app/data/royal-mint-the-lion-and-the-eagle-2024-uk-1-10oz-silver-proof-coin.json
[136/192#w1] 
[136/192#w1] Готово: /Users/mihail/Desktop/Нумизматика сайт/omonete-app/data/royal-mint-the-lion-and-the-eagle-2024-uk-1-10oz-silver-proof-coin.json
[136/192#w1] Загрузка PDP: https://www.royalmint.com/shop/ancient-historic/trial-of-the-pyx/The-Lion-and-The-Eagle-2024-UK-1-10oz-Silver-Proof-Coin
[136/192#w1] Классификация картинок: {
[136/192#w1]   "obverse": "https://www.royalmint.com/globalassets/_ecommerce/collect/launches/2025/trial-of-the-pyx/images/ukp09502s-2024-tenth-oz-ag-lion-eagle-reverse-tp25px108.jpg",
[136/192#w1]   "reverse": "https://www.royalmint.com/globalassets/_ecommerce/collect/launches/2025/trial-of-the-pyx/images/ukp09502s-2024-tenth-oz-ag-lion-eagle-reverse-tp25px108.jpg",
[136/192#w1]   "blister_obverse": null,
[136/192#w1]   "blister_reverse": null,
[136/192#w1]   "box": null,
[136/192#w1]   "certificate": null
[136/192#w1] }
[136/192#w1] 
[136/192#w1] ────────── Как увидеть монету на сайте (localhost) ──────────
[136/192#w1] Быстро (парсинг + public/data в один заход): npm run royal-mint:preview
[136/192#w1]   (или уже есть JSON: npx tsx scripts/royal-mint-to-public-catalog.ts "/Users/mihail/Desktop/Нумизматика сайт/omonete-app/data/royal-mint-the-lion-and-the-eagle-2024-uk-1-10oz-silver-proof-coin.json")
[136/192#w1] Потом: npm run dev → http://localhost:3000/coins/991001/ (или ROYAL_MINT_LOCAL_ID)
[136/192#w1] Картинки (если скачались): public/image/coins/foreign/ — пути уже в JSON монеты.
[136/192#w1] В БД: npm run royal-mint:import → npm run data:export (или data:export:incremental).

——— старт 138/192#w1 ———
https://www.royalmint.com/shop/limited-editions/portraits-of-a-queen/the-fourth-effigy/portraits-of-a-queen-elizabeth-ii-the-fourth-effigy-2026-silver-proof-piedfort-coin
[137/192#w2] Блок характеристик: div.mod-section.specification — найден, полей в specs: 9
[137/192#w2]   ✓ george-michael-2024-uk-2oz-silver-proof-coin-obv.webp
[137/192#w2]   ✓ george-michael-2024-uk-2oz-silver-proof-coin-rev.webp
[137/192#w2] __RM_JSON__ /Users/mihail/Desktop/Нумизматика сайт/omonete-app/data/royal-mint-george-michael-2024-uk-2oz-silver-proof-coin.json
[137/192#w2] 
[137/192#w2] Готово: /Users/mihail/Desktop/Нумизматика сайт/omonete-app/data/royal-mint-george-michael-2024-uk-2oz-silver-proof-coin.json
[137/192#w2] Загрузка PDP: https://www.royalmint.com/shop/ancient-historic/trial-of-the-pyx/George-Michael-2024-UK-2oz-Silver-Proof-Coin
[137/192#w2] Классификация картинок: {
[137/192#w2]   "obverse": "https://www.royalmint.com/globalassets/_ecommerce/collect/launches/2025/trial-of-the-pyx/images/ukp05421-lpm---george-michael-2oz-silver-obv-tp25px77.jpg",
[137/192#w2]   "reverse": "https://www.royalmint.com/globalassets/_ecommerce/collect/launches/2025/trial-of-the-pyx/images/ukp05421-lpm---george-michael-2oz-silver-rev-tp25px77.jpg",
[137/192#w2]   "blister_obverse": null,
[137/192#w2]   "blister_reverse": null,
[137/192#w2]   "box": null,
[137/192#w2]   "certificate": null
[137/192#w2] }
[137/192#w2] 
[137/192#w2] ────────── Как увидеть монету на сайте (localhost) ──────────
[137/192#w2] Быстро (парсинг + public/data в один заход): npm run royal-mint:preview
[137/192#w2]   (или уже есть JSON: npx tsx scripts/royal-mint-to-public-catalog.ts "/Users/mihail/Desktop/Нумизматика сайт/omonete-app/data/royal-mint-george-michael-2024-uk-2oz-silver-proof-coin.json")
[137/192#w2] Потом: npm run dev → http://localhost:3000/coins/991001/ (или ROYAL_MINT_LOCAL_ID)
[137/192#w2] Картинки (если скачались): public/image/coins/foreign/ — пути уже в JSON монеты.
[137/192#w2] В БД: npm run royal-mint:import → npm run data:export (или data:export:incremental).

——— старт 139/192#w2 ———
https://www.royalmint.com/shop/ancient-historic/trial-of-the-pyx/The-Lion-and-The-Eagle-2024-UK-1oz-Silver-Proof-Coin
[138/192#w1] Внимание: на странице не найден блок div.mod-section.specification — спеки взяты из остальных table (если есть).
[138/192#w1]   ✓ portraits-of-a-queen-elizabeth-ii-the-fourth-effigy-2026-silver-proof-piedfort-coin-obv.webp
[138/192#w1]   ✓ portraits-of-a-queen-elizabeth-ii-the-fourth-effigy-2026-silver-proof-piedfort-coin-rev.webp
[138/192#w1]   ✓ portraits-of-a-queen-elizabeth-ii-the-fourth-effigy-2026-silver-proof-piedfort-coin-box.webp
[139/192#w2] Блок характеристик: div.mod-section.specification — найден, полей в specs: 9
[138/192#w1]   ✓ portraits-of-a-queen-elizabeth-ii-the-fourth-effigy-2026-silver-proof-piedfort-coin-cert.webp
[138/192#w1] __RM_JSON__ /Users/mihail/Desktop/Нумизматика сайт/omonete-app/data/royal-mint-portraits-of-a-queen-elizabeth-ii-the-fourth-effigy-2026-silver-proof-piedfort-coin.json
[138/192#w1] 
[138/192#w1] Готово: /Users/mihail/Desktop/Нумизматика сайт/omonete-app/data/royal-mint-portraits-of-a-queen-elizabeth-ii-the-fourth-effigy-2026-silver-proof-piedfort-coin.json
[138/192#w1] Загрузка PDP: https://www.royalmint.com/shop/limited-editions/portraits-of-a-queen/the-fourth-effigy/portraits-of-a-queen-elizabeth-ii-the-fourth-effigy-2026-silver-proof-piedfort-coin
[138/192#w1] Классификация картинок: {
[138/192#w1]   "obverse": "https://www.royalmint.com/globalassets/_ecommerce/commemorative/launches/2026-launches/portraits-of-a-queen/fourth-effigy/product-images/uk26qe2pf---portraits-of-a-queen---elizabeth-ii-the-fourth-effigy-2026-uk-5-silver-proof-piedfort-obverse-edge.jpg",
[138/192#w1]   "reverse": "https://www.royalmint.com/globalassets/_ecommerce/commemorative/launches/2026-launches/portraits-of-a-queen/fourth-effigy/product-images/uk26qe2pf---portraits-of-a-queen---elizabeth-ii-the-fourth-effigy-2026-uk-5-silver-proof-piedfort-reverse-edge.jpg",
[138/192#w1]   "blister_obverse": null,
[138/192#w1]   "blister_reverse": null,
[138/192#w1]   "box": "https://www.royalmint.com/globalassets/_ecommerce/commemorative/launches/2026-launches/portraits-of-a-queen/fourth-effigy/product-images/uk26qe2bu---portraits-of-a-queen---elizabeth-ii-the-fourth-effigy-2026-uk-5-bu-coin-pack-front.jpg",
[138/192#w1]   "certificate": "https://www.royalmint.com/globalassets/_ecommerce/commemorative/launches/2026-launches/portraits-of-a-queen/fourth-effigy/product-images/uk26qe2pf---portraits-of-a-queen---elizabeth-ii-the-fourth-effigy-2026-uk-5-silver-proof-piedfort-case.jpg"
[138/192#w1] }
[138/192#w1] 
[138/192#w1] ────────── Как увидеть монету на сайте (localhost) ──────────
[138/192#w1] Быстро (парсинг + public/data в один заход): npm run royal-mint:preview
[138/192#w1]   (или уже есть JSON: npx tsx scripts/royal-mint-to-public-catalog.ts "/Users/mihail/Desktop/Нумизматика сайт/omonete-app/data/royal-mint-portraits-of-a-queen-elizabeth-ii-the-fourth-effigy-2026-silver-proof-piedfort-coin.json")
[138/192#w1] Потом: npm run dev → http://localhost:3000/coins/991001/ (или ROYAL_MINT_LOCAL_ID)
[138/192#w1] Картинки (если скачались): public/image/coins/foreign/ — пути уже в JSON монеты.
[138/192#w1] В БД: npm run royal-mint:import → npm run data:export (или data:export:incremental).

——— старт 140/192#w1 ———
https://www.royalmint.com/shop/ancient-historic/trial-of-the-pyx/Star-Wars-Millennium-Falcon-2024-UK-50p-Silver-Proof-Colour-Coin
[139/192#w2]   ✓ the-lion-and-the-eagle-2024-uk-1oz-silver-proof-coin-obv.webp
[139/192#w2]   ✓ the-lion-and-the-eagle-2024-uk-1oz-silver-proof-coin-rev.webp
[139/192#w2] __RM_JSON__ /Users/mihail/Desktop/Нумизматика сайт/omonete-app/data/royal-mint-the-lion-and-the-eagle-2024-uk-1oz-silver-proof-coin.json
[139/192#w2] 
[139/192#w2] Готово: /Users/mihail/Desktop/Нумизматика сайт/omonete-app/data/royal-mint-the-lion-and-the-eagle-2024-uk-1oz-silver-proof-coin.json
[139/192#w2] Загрузка PDP: https://www.royalmint.com/shop/ancient-historic/trial-of-the-pyx/The-Lion-and-The-Eagle-2024-UK-1oz-Silver-Proof-Coin
[139/192#w2] Классификация картинок: {
[139/192#w2]   "obverse": "https://www.royalmint.com/globalassets/_ecommerce/collect/launches/2025/trial-of-the-pyx/images/ukp06502-lpm---lion-and-eagle-1oz-silver-obv-tp25px91.jpg",
[139/192#w2]   "reverse": "https://www.royalmint.com/globalassets/_ecommerce/collect/launches/2025/trial-of-the-pyx/images/ukp06502-lpm---lion-and-eagle-1oz-silver-rev-tp25px91.jpg",
[139/192#w2]   "blister_obverse": null,
[139/192#w2]   "blister_reverse": null,
[139/192#w2]   "box": null,
[139/192#w2]   "certificate": null
[139/192#w2] }
[139/192#w2] 
[139/192#w2] ────────── Как увидеть монету на сайте (localhost) ──────────
[139/192#w2] Быстро (парсинг + public/data в один заход): npm run royal-mint:preview
[139/192#w2]   (или уже есть JSON: npx tsx scripts/royal-mint-to-public-catalog.ts "/Users/mihail/Desktop/Нумизматика сайт/omonete-app/data/royal-mint-the-lion-and-the-eagle-2024-uk-1oz-silver-proof-coin.json")
[139/192#w2] Потом: npm run dev → http://localhost:3000/coins/991001/ (или ROYAL_MINT_LOCAL_ID)
[139/192#w2] Картинки (если скачались): public/image/coins/foreign/ — пути уже в JSON монеты.
[139/192#w2] В БД: npm run royal-mint:import → npm run data:export (или data:export:incremental).

——— старт 141/192#w2 ———
https://www.royalmint.com/shop/ancient-historic/trial-of-the-pyx/Star-Wars-Death-Star-ll-2024-UK-50p-Silver-Proof-Colour-Coin
[140/192#w1] Блок характеристик: div.mod-section.specification — найден, полей в specs: 9
[141/192#w2] Блок характеристик: div.mod-section.specification — найден, полей в specs: 9
[140/192#w1]   ✓ star-wars-millennium-falcon-2024-uk-50p-silver-proof-colour-coin-obv.webp
[141/192#w2]   ✓ star-wars-death-star-ll-2024-uk-50p-silver-proof-colour-coin-obv.webp
[140/192#w1]   ✓ star-wars-millennium-falcon-2024-uk-50p-silver-proof-colour-coin-rev.webp
[140/192#w1] __RM_JSON__ /Users/mihail/Desktop/Нумизматика сайт/omonete-app/data/royal-mint-star-wars-millennium-falcon-2024-uk-50p-silver-proof-colour-coin.json
[140/192#w1] 
[140/192#w1] Готово: /Users/mihail/Desktop/Нумизматика сайт/omonete-app/data/royal-mint-star-wars-millennium-falcon-2024-uk-50p-silver-proof-colour-coin.json
[140/192#w1] Загрузка PDP: https://www.royalmint.com/shop/ancient-historic/trial-of-the-pyx/Star-Wars-Millennium-Falcon-2024-UK-50p-Silver-Proof-Colour-Coin
[140/192#w1] Классификация картинок: {
[140/192#w1]   "obverse": "https://www.royalmint.com/globalassets/_ecommerce/collect/launches/2025/trial-of-the-pyx/images/ukp07176-lpm---millenium-falcon-50p-colour-silver-obv-tp25px137.jpg",
[140/192#w1]   "reverse": "https://www.royalmint.com/globalassets/_ecommerce/collect/launches/2025/trial-of-the-pyx/images/ukp07176-lpm---millenium-falcon-50p-colour-silver-rev-tp25px137.jpg",
[140/192#w1]   "blister_obverse": null,
[140/192#w1]   "blister_reverse": null,
[140/192#w1]   "box": null,
[140/192#w1]   "certificate": null
[140/192#w1] }
[140/192#w1] 
[140/192#w1] ────────── Как увидеть монету на сайте (localhost) ──────────
[140/192#w1] Быстро (парсинг + public/data в один заход): npm run royal-mint:preview
[140/192#w1]   (или уже есть JSON: npx tsx scripts/royal-mint-to-public-catalog.ts "/Users/mihail/Desktop/Нумизматика сайт/omonete-app/data/royal-mint-star-wars-millennium-falcon-2024-uk-50p-silver-proof-colour-coin.json")
[140/192#w1] Потом: npm run dev → http://localhost:3000/coins/991001/ (или ROYAL_MINT_LOCAL_ID)
[140/192#w1] Картинки (если скачались): public/image/coins/foreign/ — пути уже в JSON монеты.
[140/192#w1] В БД: npm run royal-mint:import → npm run data:export (или data:export:incremental).

——— старт 142/192#w1 ———
https://www.royalmint.com/shop/ancient-historic/trial-of-the-pyx/D-Day-2024-UK-50p-Silver-Proof-Coin
[141/192#w2]   ✓ star-wars-death-star-ll-2024-uk-50p-silver-proof-colour-coin-rev.webp
[141/192#w2] __RM_JSON__ /Users/mihail/Desktop/Нумизматика сайт/omonete-app/data/royal-mint-star-wars-death-star-ll-2024-uk-50p-silver-proof-colour-coin.json
[141/192#w2] 
[141/192#w2] Готово: /Users/mihail/Desktop/Нумизматика сайт/omonete-app/data/royal-mint-star-wars-death-star-ll-2024-uk-50p-silver-proof-colour-coin.json
[141/192#w2] Загрузка PDP: https://www.royalmint.com/shop/ancient-historic/trial-of-the-pyx/Star-Wars-Death-Star-ll-2024-UK-50p-Silver-Proof-Colour-Coin
[141/192#w2] Классификация картинок: {
[141/192#w2]   "obverse": "https://www.royalmint.com/globalassets/_ecommerce/collect/launches/2025/trial-of-the-pyx/images/ukp28176-lpm---star-wars-death-star-50p-silver-colour-obv-tp25px133.jpg",
[141/192#w2]   "reverse": "https://www.royalmint.com/globalassets/_ecommerce/collect/launches/2025/trial-of-the-pyx/images/ukp28176-lpm---star-wars-death-star-50p-silver-colour-rev-tp25px133.jpg",
[141/192#w2]   "blister_obverse": null,
[141/192#w2]   "blister_reverse": null,
[141/192#w2]   "box": null,
[141/192#w2]   "certificate": null
[141/192#w2] }
[141/192#w2] 
[141/192#w2] ────────── Как увидеть монету на сайте (localhost) ──────────
[141/192#w2] Быстро (парсинг + public/data в один заход): npm run royal-mint:preview
[141/192#w2]   (или уже есть JSON: npx tsx scripts/royal-mint-to-public-catalog.ts "/Users/mihail/Desktop/Нумизматика сайт/omonete-app/data/royal-mint-star-wars-death-star-ll-2024-uk-50p-silver-proof-colour-coin.json")
[141/192#w2] Потом: npm run dev → http://localhost:3000/coins/991001/ (или ROYAL_MINT_LOCAL_ID)
[141/192#w2] Картинки (если скачались): public/image/coins/foreign/ — пути уже в JSON монеты.
[141/192#w2] В БД: npm run royal-mint:import → npm run data:export (или data:export:incremental).

——— старт 143/192#w2 ———
https://www.royalmint.com/star-wars/vehicles/x-wing/star-wars-x-wing-2024-5oz-silver-proof-coin
[142/192#w1] Блок характеристик: div.mod-section.specification — найден, полей в specs: 9
[143/192#w2] Внимание: на странице не найден блок div.mod-section.specification — спеки взяты из остальных table (если есть).
[142/192#w1]   ✓ d-day-2024-uk-50p-silver-proof-coin-obv.webp
[143/192#w2]   ✓ star-wars-x-wing-2024-5oz-silver-proof-coin-obv.webp
[142/192#w1]   ✓ d-day-2024-uk-50p-silver-proof-coin-rev.webp
[142/192#w1] __RM_JSON__ /Users/mihail/Desktop/Нумизматика сайт/omonete-app/data/royal-mint-d-day-2024-uk-50p-silver-proof-coin.json
[142/192#w1] 
[142/192#w1] Готово: /Users/mihail/Desktop/Нумизматика сайт/omonete-app/data/royal-mint-d-day-2024-uk-50p-silver-proof-coin.json
[142/192#w1] Загрузка PDP: https://www.royalmint.com/shop/ancient-historic/trial-of-the-pyx/D-Day-2024-UK-50p-Silver-Proof-Coin
[142/192#w1] Классификация картинок: {
[142/192#w1]   "obverse": "https://www.royalmint.com/globalassets/_ecommerce/collect/launches/2025/trial-of-the-pyx/images/ukp02387s-2024-dday-50p-ag-obverse-tp25px114.jpg",
[142/192#w1]   "reverse": "https://www.royalmint.com/globalassets/_ecommerce/collect/launches/2025/trial-of-the-pyx/images/ukp02387s-2024-dday-50p-ag-reverse-tp25px114.jpg",
[142/192#w1]   "blister_obverse": null,
[142/192#w1]   "blister_reverse": null,
[142/192#w1]   "box": null,
[142/192#w1]   "certificate": null
[142/192#w1] }
[142/192#w1] 
[142/192#w1] ────────── Как увидеть монету на сайте (localhost) ──────────
[142/192#w1] Быстро (парсинг + public/data в один заход): npm run royal-mint:preview
[142/192#w1]   (или уже есть JSON: npx tsx scripts/royal-mint-to-public-catalog.ts "/Users/mihail/Desktop/Нумизматика сайт/omonete-app/data/royal-mint-d-day-2024-uk-50p-silver-proof-coin.json")
[142/192#w1] Потом: npm run dev → http://localhost:3000/coins/991001/ (или ROYAL_MINT_LOCAL_ID)
[142/192#w1] Картинки (если скачались): public/image/coins/foreign/ — пути уже в JSON монеты.
[142/192#w1] В БД: npm run royal-mint:import → npm run data:export (или data:export:incremental).

——— старт 144/192#w1 ———
https://www.royalmint.com/shop/limited-editions/the-lion-and-eagle/commemorative/the-lion-and-the-eagle-2026-5oz-silver-proof-coin
[143/192#w2]   ✓ star-wars-x-wing-2024-5oz-silver-proof-coin-rev.webp
[143/192#w2]   ✓ star-wars-x-wing-2024-5oz-silver-proof-coin-box.webp
[143/192#w2] __RM_JSON__ /Users/mihail/Desktop/Нумизматика сайт/omonete-app/data/royal-mint-star-wars-x-wing-2024-5oz-silver-proof-coin.json
[143/192#w2] 
[143/192#w2] Готово: /Users/mihail/Desktop/Нумизматика сайт/omonete-app/data/royal-mint-star-wars-x-wing-2024-5oz-silver-proof-coin.json
[143/192#w2] Загрузка PDP: https://www.royalmint.com/star-wars/vehicles/x-wing/star-wars-x-wing-2024-5oz-silver-proof-coin
[143/192#w2] Классификация картинок: {
[143/192#w2]   "obverse": "https://www.royalmint.com/globalassets/_ecommerce/commemorative/launches/2024-launches/star-wars/x-wing/product-images/uk24xws5---star-wars-x-wing-2024-uk-5oz-silver-proof-coin-obverse-edge-1500x1500-f3a2c67.jpg",
[143/192#w2]   "reverse": "https://www.royalmint.com/globalassets/_ecommerce/commemorative/launches/2024-launches/star-wars/x-wing/product-images/uk24xws5---star-wars-x-wing-2024-uk-5oz-silver-proof-coin-reverse-edge-1500x1500-f3a2c67.jpg",
[143/192#w2]   "blister_obverse": null,
[143/192#w2]   "blister_reverse": null,
[143/192#w2]   "box": "https://www.royalmint.com/globalassets/_ecommerce/commemorative/launches/2024-launches/star-wars/x-wing/product-images/uk24xws5---star-wars-x-wing-2024-uk-5oz-silver-proof-coin-case-left-1500x1500-f3a2c67.jpg",
[143/192#w2]   "certificate": null
[143/192#w2] }
[143/192#w2] 
[143/192#w2] ────────── Как увидеть монету на сайте (localhost) ──────────
[143/192#w2] Быстро (парсинг + public/data в один заход): npm run royal-mint:preview
[143/192#w2]   (или уже есть JSON: npx tsx scripts/royal-mint-to-public-catalog.ts "/Users/mihail/Desktop/Нумизматика сайт/omonete-app/data/royal-mint-star-wars-x-wing-2024-5oz-silver-proof-coin.json")
[143/192#w2] Потом: npm run dev → http://localhost:3000/coins/991001/ (или ROYAL_MINT_LOCAL_ID)
[143/192#w2] Картинки (если скачались): public/image/coins/foreign/ — пути уже в JSON монеты.
[143/192#w2] В БД: npm run royal-mint:import → npm run data:export (или data:export:incremental).

——— старт 145/192#w2 ———
https://www.royalmint.com/shop/ancient-historic/trial-of-the-pyx/Buckingham-Palace-2024-UK-5-Silver-Proof-Piedfort-Coin
[144/192#w1] Блок характеристик: div.mod-section.specification — найден, полей в specs: 11
[145/192#w2] Блок характеристик: div.mod-section.specification — найден, полей в specs: 9
[144/192#w1]   ✓ the-lion-and-the-eagle-2026-5oz-silver-proof-coin-obv.webp
[145/192#w2]   ✓ buckingham-palace-2024-uk-5-silver-proof-piedfort-coin-obv.webp
[144/192#w1]   ✓ the-lion-and-the-eagle-2026-5oz-silver-proof-coin-rev.webp
[145/192#w2]   ✓ buckingham-palace-2024-uk-5-silver-proof-piedfort-coin-rev.webp
[145/192#w2] __RM_JSON__ /Users/mihail/Desktop/Нумизматика сайт/omonete-app/data/royal-mint-buckingham-palace-2024-uk-5-silver-proof-piedfort-coin.json
[145/192#w2] 
[145/192#w2] Готово: /Users/mihail/Desktop/Нумизматика сайт/omonete-app/data/royal-mint-buckingham-palace-2024-uk-5-silver-proof-piedfort-coin.json
[145/192#w2] Загрузка PDP: https://www.royalmint.com/shop/ancient-historic/trial-of-the-pyx/Buckingham-Palace-2024-UK-5-Silver-Proof-Piedfort-Coin
[145/192#w2] Классификация картинок: {
[145/192#w2]   "obverse": "https://www.royalmint.com/globalassets/_ecommerce/collect/launches/2025/trial-of-the-pyx/images/ukp11144s-2024-5-piedfort-buckingham-palace-obverse-tp25px111.jpg",
[145/192#w2]   "reverse": "https://www.royalmint.com/globalassets/_ecommerce/collect/launches/2025/trial-of-the-pyx/images/ukp11144s-2024-5-piedfort-buckingham-palace-reverse-tp25px111.jpg",
[145/192#w2]   "blister_obverse": null,
[145/192#w2]   "blister_reverse": null,
[145/192#w2]   "box": null,
[145/192#w2]   "certificate": null
[145/192#w2] }
[145/192#w2] 
[145/192#w2] ────────── Как увидеть монету на сайте (localhost) ──────────
[145/192#w2] Быстро (парсинг + public/data в один заход): npm run royal-mint:preview
[145/192#w2]   (или уже есть JSON: npx tsx scripts/royal-mint-to-public-catalog.ts "/Users/mihail/Desktop/Нумизматика сайт/omonete-app/data/royal-mint-buckingham-palace-2024-uk-5-silver-proof-piedfort-coin.json")
[145/192#w2] Потом: npm run dev → http://localhost:3000/coins/991001/ (или ROYAL_MINT_LOCAL_ID)
[145/192#w2] Картинки (если скачались): public/image/coins/foreign/ — пути уже в JSON монеты.
[145/192#w2] В БД: npm run royal-mint:import → npm run data:export (или data:export:incremental).

——— старт 146/192#w2 ———
https://www.royalmint.com/shop/monarch/queen-elizabeth-ii/2019-Queen-Victoria-UK-Silver-Proof-5-Piedfort-Coin
[144/192#w1]   ✓ the-lion-and-the-eagle-2026-5oz-silver-proof-coin-cert.webp
[144/192#w1] __RM_JSON__ /Users/mihail/Desktop/Нумизматика сайт/omonete-app/data/royal-mint-the-lion-and-the-eagle-2026-5oz-silver-proof-coin.json
[144/192#w1] 
[144/192#w1] Готово: /Users/mihail/Desktop/Нумизматика сайт/omonete-app/data/royal-mint-the-lion-and-the-eagle-2026-5oz-silver-proof-coin.json
[144/192#w1] Загрузка PDP: https://www.royalmint.com/shop/limited-editions/the-lion-and-eagle/commemorative/the-lion-and-the-eagle-2026-5oz-silver-proof-coin
[144/192#w1] Классификация картинок: {
[144/192#w1]   "obverse": "https://www.royalmint.com/globalassets/_ecommerce/commemorative/launches/2026-launches/lion-and-eagle/product-images/uk26le5sthe-lion-and-the-eagle-2026-uk-5oz-silver-proof-coin-obverse-with-edge.jpg",
[144/192#w1]   "reverse": "https://www.royalmint.com/globalassets/_ecommerce/commemorative/launches/2026-launches/lion-and-eagle/product-images/uk26le5sthe-lion-and-the-eagle-2026-uk-5oz-silver-proof-coin-reverse-with-edge.jpg",
[144/192#w1]   "blister_obverse": null,
[144/192#w1]   "blister_reverse": null,
[144/192#w1]   "box": null,
[144/192#w1]   "certificate": "https://www.royalmint.com/globalassets/_ecommerce/commemorative/launches/2026-launches/lion-and-eagle/product-images/uk26le5sthe-lion-and-the-eagle-2026-uk-5oz-silver-proof-coin-case.jpg"
[144/192#w1] }
[144/192#w1] 
[144/192#w1] ────────── Как увидеть монету на сайте (localhost) ──────────
[144/192#w1] Быстро (парсинг + public/data в один заход): npm run royal-mint:preview
[144/192#w1]   (или уже есть JSON: npx tsx scripts/royal-mint-to-public-catalog.ts "/Users/mihail/Desktop/Нумизматика сайт/omonete-app/data/royal-mint-the-lion-and-the-eagle-2026-5oz-silver-proof-coin.json")
[144/192#w1] Потом: npm run dev → http://localhost:3000/coins/991001/ (или ROYAL_MINT_LOCAL_ID)
[144/192#w1] Картинки (если скачались): public/image/coins/foreign/ — пути уже в JSON монеты.
[144/192#w1] В БД: npm run royal-mint:import → npm run data:export (или data:export:incremental).

——— старт 147/192#w1 ———
https://www.royalmint.com/shop/monarch/queen-elizabeth-ii/2009-Sir-Isaac-Newton-Silver-5-Celebration-Of-Britain
[146/192#w2] Блок характеристик: div.mod-section.specification — найден, полей в specs: 10
[146/192#w2] __RM_JSON__ /Users/mihail/Desktop/Нумизматика сайт/omonete-app/data/royal-mint-2019-queen-victoria-uk-silver-proof-5-piedfort-coin.json
[146/192#w2] 
[146/192#w2] Готово: /Users/mihail/Desktop/Нумизматика сайт/omonete-app/data/royal-mint-2019-queen-victoria-uk-silver-proof-5-piedfort-coin.json
[146/192#w2] Загрузка PDP: https://www.royalmint.com/shop/monarch/queen-elizabeth-ii/2019-Queen-Victoria-UK-Silver-Proof-5-Piedfort-Coin
[146/192#w2] Классификация картинок: {
[146/192#w2]   "obverse": null,
[146/192#w2]   "reverse": null,
[146/192#w2]   "blister_obverse": null,
[146/192#w2]   "blister_reverse": null,
[146/192#w2]   "box": null,
[146/192#w2]   "certificate": null
[146/192#w2] }
[146/192#w2] 
[146/192#w2] ────────── Как увидеть монету на сайте (localhost) ──────────
[146/192#w2] Быстро (парсинг + public/data в один заход): npm run royal-mint:preview
[146/192#w2]   (или уже есть JSON: npx tsx scripts/royal-mint-to-public-catalog.ts "/Users/mihail/Desktop/Нумизматика сайт/omonete-app/data/royal-mint-2019-queen-victoria-uk-silver-proof-5-piedfort-coin.json")
[146/192#w2] Потом: npm run dev → http://localhost:3000/coins/991001/ (или ROYAL_MINT_LOCAL_ID)
[146/192#w2] Картинки (если скачались): public/image/coins/foreign/ — пути уже в JSON монеты.
[146/192#w2] В БД: npm run royal-mint:import → npm run data:export (или data:export:incremental).

——— старт 148/192#w2 ———
https://www.royalmint.com/shop/limited-editions/the-life-of-queen-victoria/The-Life-of-Queen-Victoria-Silver-Set
[147/192#w1] Блок характеристик: div.mod-section.specification — найден, полей в specs: 9
[147/192#w1]   ✓ 2009-sir-isaac-newton-silver-5-celebration-of-britain-obv.webp
[147/192#w1]   ✓ 2009-sir-isaac-newton-silver-5-celebration-of-britain-rev.webp
[147/192#w1] __RM_JSON__ /Users/mihail/Desktop/Нумизматика сайт/omonete-app/data/royal-mint-2009-sir-isaac-newton-silver-5-celebration-of-britain.json
[147/192#w1] 
[147/192#w1] Готово: /Users/mihail/Desktop/Нумизматика сайт/omonete-app/data/royal-mint-2009-sir-isaac-newton-silver-5-celebration-of-britain.json
[147/192#w1] Загрузка PDP: https://www.royalmint.com/shop/monarch/queen-elizabeth-ii/2009-Sir-Isaac-Newton-Silver-5-Celebration-Of-Britain
[147/192#w1] Классификация картинок: {
[147/192#w1]   "obverse": "https://www.royalmint.com/globalassets/__rebrand/_structure/shop/editions/_historic-coins/_product-image/hisincob-sir-isaac-newton-silver-proof-crown-alderney-2006-obverse.jpg",
[147/192#w1]   "reverse": "https://www.royalmint.com/globalassets/__rebrand/_structure/shop/editions/_historic-coins/_product-image/hisincob-sir-isaac-newton-silver-proof-crown-alderney-2006-reverse-better.jpg",
[147/192#w1]   "blister_obverse": null,
[147/192#w1]   "blister_reverse": null,
[147/192#w1]   "box": null,
[147/192#w1]   "certificate": null
[147/192#w1] }
[147/192#w1] 
[147/192#w1] ────────── Как увидеть монету на сайте (localhost) ──────────
[147/192#w1] Быстро (парсинг + public/data в один заход): npm run royal-mint:preview
[147/192#w1]   (или уже есть JSON: npx tsx scripts/royal-mint-to-public-catalog.ts "/Users/mihail/Desktop/Нумизматика сайт/omonete-app/data/royal-mint-2009-sir-isaac-newton-silver-5-celebration-of-britain.json")
[147/192#w1] Потом: npm run dev → http://localhost:3000/coins/991001/ (или ROYAL_MINT_LOCAL_ID)
[147/192#w1] Картинки (если скачались): public/image/coins/foreign/ — пути уже в JSON монеты.
[147/192#w1] В БД: npm run royal-mint:import → npm run data:export (или data:export:incremental).

——— старт 149/192#w1 ———
https://www.royalmint.com/shop/ancient-historic/trial-of-the-pyx/George-Michael-2024-UK-1oz-Silver-Proof-Colour-Coin
[148/192#w2] Блок характеристик: div.mod-section.specification — найден, полей в specs: 11
[148/192#w2] __RM_JSON__ /Users/mihail/Desktop/Нумизматика сайт/omonete-app/data/royal-mint-the-life-of-queen-victoria-silver-set.json
[148/192#w2] 
[148/192#w2] Готово: /Users/mihail/Desktop/Нумизматика сайт/omonete-app/data/royal-mint-the-life-of-queen-victoria-silver-set.json
[148/192#w2] Загрузка PDP: https://www.royalmint.com/shop/limited-editions/the-life-of-queen-victoria/The-Life-of-Queen-Victoria-Silver-Set
[148/192#w2] Классификация картинок: {
[148/192#w2]   "obverse": null,
[148/192#w2]   "reverse": null,
[148/192#w2]   "blister_obverse": null,
[148/192#w2]   "blister_reverse": null,
[148/192#w2]   "box": null,
[148/192#w2]   "certificate": null
[148/192#w2] }
[148/192#w2] 
[148/192#w2] ────────── Как увидеть монету на сайте (localhost) ──────────
[148/192#w2] Быстро (парсинг + public/data в один заход): npm run royal-mint:preview
[148/192#w2]   (или уже есть JSON: npx tsx scripts/royal-mint-to-public-catalog.ts "/Users/mihail/Desktop/Нумизматика сайт/omonete-app/data/royal-mint-the-life-of-queen-victoria-silver-set.json")
[148/192#w2] Потом: npm run dev → http://localhost:3000/coins/991001/ (или ROYAL_MINT_LOCAL_ID)
[148/192#w2] Картинки (если скачались): public/image/coins/foreign/ — пути уже в JSON монеты.
[148/192#w2] В БД: npm run royal-mint:import → npm run data:export (или data:export:incremental).

——— старт 150/192#w2 ———
https://www.royalmint.com/shop/ancient-historic/trial-of-the-pyx/Britannia-2024-UK-1oz-Silver-Proof-Coin-Frosted
[149/192#w1] Блок характеристик: div.mod-section.specification — найден, полей в specs: 9
[149/192#w1]   ✓ george-michael-2024-uk-1oz-silver-proof-colour-coin-obv.webp
[149/192#w1]   ✓ george-michael-2024-uk-1oz-silver-proof-colour-coin-rev.webp
[149/192#w1] __RM_JSON__ /Users/mihail/Desktop/Нумизматика сайт/omonete-app/data/royal-mint-george-michael-2024-uk-1oz-silver-proof-colour-coin.json
[149/192#w1] 
[149/192#w1] Готово: /Users/mihail/Desktop/Нумизматика сайт/omonete-app/data/royal-mint-george-michael-2024-uk-1oz-silver-proof-colour-coin.json
[149/192#w1] Загрузка PDP: https://www.royalmint.com/shop/ancient-historic/trial-of-the-pyx/George-Michael-2024-UK-1oz-Silver-Proof-Colour-Coin
[149/192#w1] Классификация картинок: {
[149/192#w1]   "obverse": "https://www.royalmint.com/globalassets/_ecommerce/collect/launches/2025/trial-of-the-pyx/images/ukp06421-lpm1---george-michael-1oz-silver-colour-obv-tp25px89.jpg",
[149/192#w1]   "reverse": "https://www.royalmint.com/globalassets/_ecommerce/collect/launches/2025/trial-of-the-pyx/images/ukp06421-lpm1---george-michael-1oz-silver-colour-rev-tp25px89.jpg",
[149/192#w1]   "blister_obverse": null,
[149/192#w1]   "blister_reverse": null,
[149/192#w1]   "box": null,
[149/192#w1]   "certificate": null
[149/192#w1] }
[149/192#w1] 
[149/192#w1] ────────── Как увидеть монету на сайте (localhost) ──────────
[149/192#w1] Быстро (парсинг + public/data в один заход): npm run royal-mint:preview
[149/192#w1]   (или уже есть JSON: npx tsx scripts/royal-mint-to-public-catalog.ts "/Users/mihail/Desktop/Нумизматика сайт/omonete-app/data/royal-mint-george-michael-2024-uk-1oz-silver-proof-colour-coin.json")
[149/192#w1] Потом: npm run dev → http://localhost:3000/coins/991001/ (или ROYAL_MINT_LOCAL_ID)
[149/192#w1] Картинки (если скачались): public/image/coins/foreign/ — пути уже в JSON монеты.
[149/192#w1] В БД: npm run royal-mint:import → npm run data:export (или data:export:incremental).

——— старт 151/192#w1 ———
https://www.royalmint.com/shop/ancient-historic/trial-of-the-pyx/Charles-III-Definitives-2024-UK-20p-Silver-Proof-Coin
[150/192#w2] Блок характеристик: div.mod-section.specification — найден, полей в specs: 10
[150/192#w2]   ✓ britannia-2024-uk-1oz-silver-proof-coin-frosted-obv.webp
[150/192#w2]   ✓ britannia-2024-uk-1oz-silver-proof-coin-frosted-rev.webp
[150/192#w2] __RM_JSON__ /Users/mihail/Desktop/Нумизматика сайт/omonete-app/data/royal-mint-britannia-2024-uk-1oz-silver-proof-coin-frosted.json
[150/192#w2] 
[150/192#w2] Готово: /Users/mihail/Desktop/Нумизматика сайт/omonete-app/data/royal-mint-britannia-2024-uk-1oz-silver-proof-coin-frosted.json
[150/192#w2] Загрузка PDP: https://www.royalmint.com/shop/ancient-historic/trial-of-the-pyx/Britannia-2024-UK-1oz-Silver-Proof-Coin-Frosted
[150/192#w2] Классификация картинок: {
[150/192#w2]   "obverse": "https://www.royalmint.com/globalassets/_ecommerce/collect/launches/2025/trial-of-the-pyx/images/ukp21939-lpm---britannia-1oz-silver-reverse-frosted-obv-tp25px83.jpg",
[150/192#w2]   "reverse": "https://www.royalmint.com/globalassets/_ecommerce/collect/launches/2025/trial-of-the-pyx/images/ukp21939-lpm---britannia-1oz-silver-reverse-frosted-rev-tp25px83.jpg",
[150/192#w2]   "blister_obverse": null,
[150/192#w2]   "blister_reverse": null,
[150/192#w2]   "box": null,
[150/192#w2]   "certificate": null
[150/192#w2] }
[150/192#w2] 
[150/192#w2] ────────── Как увидеть монету на сайте (localhost) ──────────
[150/192#w2] Быстро (парсинг + public/data в один заход): npm run royal-mint:preview
[150/192#w2]   (или уже есть JSON: npx tsx scripts/royal-mint-to-public-catalog.ts "/Users/mihail/Desktop/Нумизматика сайт/omonete-app/data/royal-mint-britannia-2024-uk-1oz-silver-proof-coin-frosted.json")
[150/192#w2] Потом: npm run dev → http://localhost:3000/coins/991001/ (или ROYAL_MINT_LOCAL_ID)
[150/192#w2] Картинки (если скачались): public/image/coins/foreign/ — пути уже в JSON монеты.
[150/192#w2] В БД: npm run royal-mint:import → npm run data:export (или data:export:incremental).

——— старт 152/192#w2 ———
https://www.royalmint.com/great-engravers/the-william-iv-crown/william-iv-crown-2026-10oz-silver-proof-coin
[151/192#w1] Блок характеристик: div.mod-section.specification — найден, полей в specs: 9
[151/192#w1]   ✓ charles-iii-definitives-2024-uk-20p-silver-proof-coin-obv.webp
[151/192#w1]   ✓ charles-iii-definitives-2024-uk-20p-silver-proof-coin-rev.webp
[151/192#w1] __RM_JSON__ /Users/mihail/Desktop/Нумизматика сайт/omonete-app/data/royal-mint-charles-iii-definitives-2024-uk-20p-silver-proof-coin.json
[151/192#w1] 
[151/192#w1] Готово: /Users/mihail/Desktop/Нумизматика сайт/omonete-app/data/royal-mint-charles-iii-definitives-2024-uk-20p-silver-proof-coin.json
[151/192#w1] Загрузка PDP: https://www.royalmint.com/shop/ancient-historic/trial-of-the-pyx/Charles-III-Definitives-2024-UK-20p-Silver-Proof-Coin
[151/192#w1] Классификация картинок: {
[151/192#w1]   "obverse": "https://www.royalmint.com/globalassets/_ecommerce/collect/launches/2025/trial-of-the-pyx/images/ukp24144-lpm---definitives-20p-colour-obv-tp25px149.jpg",
[151/192#w1]   "reverse": "https://www.royalmint.com/globalassets/_ecommerce/collect/launches/2025/trial-of-the-pyx/images/ukp24144-lpm---definitives-20p-colour-rev-tp25px149.jpg",
[151/192#w1]   "blister_obverse": null,
[151/192#w1]   "blister_reverse": null,
[151/192#w1]   "box": null,
[151/192#w1]   "certificate": null
[151/192#w1] }
[151/192#w1] 
[151/192#w1] ────────── Как увидеть монету на сайте (localhost) ──────────
[151/192#w1] Быстро (парсинг + public/data в один заход): npm run royal-mint:preview
[151/192#w1]   (или уже есть JSON: npx tsx scripts/royal-mint-to-public-catalog.ts "/Users/mihail/Desktop/Нумизматика сайт/omonete-app/data/royal-mint-charles-iii-definitives-2024-uk-20p-silver-proof-coin.json")
[151/192#w1] Потом: npm run dev → http://localhost:3000/coins/991001/ (или ROYAL_MINT_LOCAL_ID)
[151/192#w1] Картинки (если скачались): public/image/coins/foreign/ — пути уже в JSON монеты.
[151/192#w1] В БД: npm run royal-mint:import → npm run data:export (или data:export:incremental).

——— старт 153/192#w1 ———
https://www.royalmint.com/shop/coin-sets/Britannia-Silver-Set
[152/192#w2] Блок характеристик: div.mod-section.specification — найден, полей в specs: 11
[152/192#w2]   ✓ william-iv-crown-2026-10oz-silver-proof-coin-obv.webp
[152/192#w2]   ✓ william-iv-crown-2026-10oz-silver-proof-coin-rev.webp
[152/192#w2] __RM_JSON__ /Users/mihail/Desktop/Нумизматика сайт/omonete-app/data/royal-mint-william-iv-crown-2026-10oz-silver-proof-coin.json
[152/192#w2] 
[152/192#w2] Готово: /Users/mihail/Desktop/Нумизматика сайт/omonete-app/data/royal-mint-william-iv-crown-2026-10oz-silver-proof-coin.json
[152/192#w2] Загрузка PDP: https://www.royalmint.com/great-engravers/the-william-iv-crown/william-iv-crown-2026-10oz-silver-proof-coin
[152/192#w2] Классификация картинок: {
[152/192#w2]   "obverse": "https://www.royalmint.com/globalassets/_ecommerce/commemorative/launches/2026-launches/great-engravers/william-iv/product-images/uk26wc10swilliam-iv-crown-2026-uk-10oz-silver-proof-coin-obverse-with-edge.jpg",
[152/192#w2]   "reverse": "https://www.royalmint.com/globalassets/_ecommerce/commemorative/launches/2026-launches/great-engravers/william-iv/product-images/uk26wc10swilliam-iv-crown-2026-uk-10oz-silver-proof-coin-reverse-with-edge.jpg",
[152/192#w2]   "blister_obverse": null,
[152/192#w2]   "blister_reverse": null,
[152/192#w2]   "box": null,
[152/192#w2]   "certificate": null
[152/192#w2] }
[152/192#w2] 
[152/192#w2] ────────── Как увидеть монету на сайте (localhost) ──────────
[152/192#w2] Быстро (парсинг + public/data в один заход): npm run royal-mint:preview
[152/192#w2]   (или уже есть JSON: npx tsx scripts/royal-mint-to-public-catalog.ts "/Users/mihail/Desktop/Нумизматика сайт/omonete-app/data/royal-mint-william-iv-crown-2026-10oz-silver-proof-coin.json")
[152/192#w2] Потом: npm run dev → http://localhost:3000/coins/991001/ (или ROYAL_MINT_LOCAL_ID)
[152/192#w2] Картинки (если скачались): public/image/coins/foreign/ — пути уже в JSON монеты.
[152/192#w2] В БД: npm run royal-mint:import → npm run data:export (или data:export:incremental).

——— старт 154/192#w2 ———
https://www.royalmint.com/shop/ancient-historic/trial-of-the-pyx/200-Years-of-the-RNLI-2024-UK-50p-Silver-Proof-Coin
[153/192#w1] Блок характеристик: div.mod-section.specification — найден, полей в specs: 6
[153/192#w1] __RM_JSON__ /Users/mihail/Desktop/Нумизматика сайт/omonete-app/data/royal-mint-britannia-silver-set.json
[153/192#w1] 
[153/192#w1] Готово: /Users/mihail/Desktop/Нумизматика сайт/omonete-app/data/royal-mint-britannia-silver-set.json
[153/192#w1] Загрузка PDP: https://www.royalmint.com/shop/coin-sets/Britannia-Silver-Set
[153/192#w1] Классификация картинок: {
[153/192#w1]   "obverse": null,
[153/192#w1]   "reverse": null,
[153/192#w1]   "blister_obverse": null,
[153/192#w1]   "blister_reverse": null,
[153/192#w1]   "box": null,
[153/192#w1]   "certificate": null
[153/192#w1] }
[153/192#w1] 
[153/192#w1] ────────── Как увидеть монету на сайте (localhost) ──────────
[153/192#w1] Быстро (парсинг + public/data в один заход): npm run royal-mint:preview
[153/192#w1]   (или уже есть JSON: npx tsx scripts/royal-mint-to-public-catalog.ts "/Users/mihail/Desktop/Нумизматика сайт/omonete-app/data/royal-mint-britannia-silver-set.json")
[153/192#w1] Потом: npm run dev → http://localhost:3000/coins/991001/ (или ROYAL_MINT_LOCAL_ID)
[153/192#w1] Картинки (если скачались): public/image/coins/foreign/ — пути уже в JSON монеты.
[153/192#w1] В БД: npm run royal-mint:import → npm run data:export (или data:export:incremental).

——— старт 155/192#w1 ———
https://www.royalmint.com/shop/ancient-historic/trial-of-the-pyx/Britannia-2024-UK-1-4oz-Silver-Proof-Coin
[154/192#w2] Блок характеристик: div.mod-section.specification — найден, полей в specs: 9
[154/192#w2]   ✓ 200-years-of-the-rnli-2024-uk-50p-silver-proof-coin-obv.webp
[155/192#w1] Блок характеристик: div.mod-section.specification — найден, полей в specs: 9
[154/192#w2]   ✓ 200-years-of-the-rnli-2024-uk-50p-silver-proof-coin-rev.webp
[154/192#w2] __RM_JSON__ /Users/mihail/Desktop/Нумизматика сайт/omonete-app/data/royal-mint-200-years-of-the-rnli-2024-uk-50p-silver-proof-coin.json
[154/192#w2] 
[154/192#w2] Готово: /Users/mihail/Desktop/Нумизматика сайт/omonete-app/data/royal-mint-200-years-of-the-rnli-2024-uk-50p-silver-proof-coin.json
[154/192#w2] Загрузка PDP: https://www.royalmint.com/shop/ancient-historic/trial-of-the-pyx/200-Years-of-the-RNLI-2024-UK-50p-Silver-Proof-Coin
[154/192#w2] Классификация картинок: {
[154/192#w2]   "obverse": "https://www.royalmint.com/globalassets/_ecommerce/collect/launches/2025/trial-of-the-pyx/images/ukp09144-lpm2---rnli-50p-silver-obv-tp25px132.jpg",
[154/192#w2]   "reverse": "https://www.royalmint.com/globalassets/_ecommerce/collect/launches/2025/trial-of-the-pyx/images/ukp09144-lpm2---rnli-50p-silver-rev-tp25px132.jpg",
[154/192#w2]   "blister_obverse": null,
[154/192#w2]   "blister_reverse": null,
[154/192#w2]   "box": null,
[154/192#w2]   "certificate": null
[154/192#w2] }
[154/192#w2] 
[154/192#w2] ────────── Как увидеть монету на сайте (localhost) ──────────
[154/192#w2] Быстро (парсинг + public/data в один заход): npm run royal-mint:preview
[154/192#w2]   (или уже есть JSON: npx tsx scripts/royal-mint-to-public-catalog.ts "/Users/mihail/Desktop/Нумизматика сайт/omonete-app/data/royal-mint-200-years-of-the-rnli-2024-uk-50p-silver-proof-coin.json")
[154/192#w2] Потом: npm run dev → http://localhost:3000/coins/991001/ (или ROYAL_MINT_LOCAL_ID)
[154/192#w2] Картинки (если скачались): public/image/coins/foreign/ — пути уже в JSON монеты.
[154/192#w2] В БД: npm run royal-mint:import → npm run data:export (или data:export:incremental).

——— старт 156/192#w2 ———
https://www.royalmint.com/shop/ancient-historic/trial-of-the-pyx/Star-Wars-X-Wing-2024-UK-50p-Silver-Proof-Colour-Coin
[155/192#w1]   ✓ britannia-2024-uk-1-4oz-silver-proof-coin-obv.webp
[155/192#w1]   ✓ britannia-2024-uk-1-4oz-silver-proof-coin-rev.webp
[155/192#w1] __RM_JSON__ /Users/mihail/Desktop/Нумизматика сайт/omonete-app/data/royal-mint-britannia-2024-uk-1-4oz-silver-proof-coin.json
[155/192#w1] 
[155/192#w1] Готово: /Users/mihail/Desktop/Нумизматика сайт/omonete-app/data/royal-mint-britannia-2024-uk-1-4oz-silver-proof-coin.json
[155/192#w1] Загрузка PDP: https://www.royalmint.com/shop/ancient-historic/trial-of-the-pyx/Britannia-2024-UK-1-4oz-Silver-Proof-Coin
[155/192#w1] Классификация картинок: {
[155/192#w1]   "obverse": "https://www.royalmint.com/globalassets/_ecommerce/collect/launches/2025/trial-of-the-pyx/images/ukp22939s-2024-quarter-oz-ag-britannia-obverse-tp25px102.jpg",
[155/192#w1]   "reverse": "https://www.royalmint.com/globalassets/_ecommerce/collect/launches/2025/trial-of-the-pyx/images/ukp22939s-2024-quarter-oz-ag-britannia-reverse-tp25px102.jpg",
[155/192#w1]   "blister_obverse": null,
[155/192#w1]   "blister_reverse": null,
[155/192#w1]   "box": null,
[155/192#w1]   "certificate": null
[155/192#w1] }
[155/192#w1] 
[155/192#w1] ────────── Как увидеть монету на сайте (localhost) ──────────
[155/192#w1] Быстро (парсинг + public/data в один заход): npm run royal-mint:preview
[155/192#w1]   (или уже есть JSON: npx tsx scripts/royal-mint-to-public-catalog.ts "/Users/mihail/Desktop/Нумизматика сайт/omonete-app/data/royal-mint-britannia-2024-uk-1-4oz-silver-proof-coin.json")
[155/192#w1] Потом: npm run dev → http://localhost:3000/coins/991001/ (или ROYAL_MINT_LOCAL_ID)
[155/192#w1] Картинки (если скачались): public/image/coins/foreign/ — пути уже в JSON монеты.
[155/192#w1] В БД: npm run royal-mint:import → npm run data:export (или data:export:incremental).

——— старт 157/192#w1 ———
https://www.royalmint.com/shop/ancient-historic/trial-of-the-pyx/The-Lion-and-The-Eagle-2024-UK-1-4oz-Silver-Proof-Coin
[156/192#w2] Блок характеристик: div.mod-section.specification — найден, полей в specs: 9
[156/192#w2]   ✓ star-wars-x-wing-2024-uk-50p-silver-proof-colour-coin-obv.webp
[157/192#w1] Блок характеристик: div.mod-section.specification — найден, полей в specs: 9
[156/192#w2]   ✓ star-wars-x-wing-2024-uk-50p-silver-proof-colour-coin-rev.webp
[156/192#w2] __RM_JSON__ /Users/mihail/Desktop/Нумизматика сайт/omonete-app/data/royal-mint-star-wars-x-wing-2024-uk-50p-silver-proof-colour-coin.json
[156/192#w2] 
[156/192#w2] Готово: /Users/mihail/Desktop/Нумизматика сайт/omonete-app/data/royal-mint-star-wars-x-wing-2024-uk-50p-silver-proof-colour-coin.json
[156/192#w2] Загрузка PDP: https://www.royalmint.com/shop/ancient-historic/trial-of-the-pyx/Star-Wars-X-Wing-2024-UK-50p-Silver-Proof-Colour-Coin
[156/192#w2] Классификация картинок: {
[156/192#w2]   "obverse": "https://www.royalmint.com/globalassets/_ecommerce/collect/launches/2025/trial-of-the-pyx/images/ukp21176-lpm---x-wing-50p-silver-colour-obv-tp25px142.jpg",
[156/192#w2]   "reverse": "https://www.royalmint.com/globalassets/_ecommerce/collect/launches/2025/trial-of-the-pyx/images/ukp21176-lpm---x-wing-50p-silver-colour-rev-tp25px142.jpg",
[156/192#w2]   "blister_obverse": null,
[156/192#w2]   "blister_reverse": null,
[156/192#w2]   "box": null,
[156/192#w2]   "certificate": null
[156/192#w2] }
[156/192#w2] 
[156/192#w2] ────────── Как увидеть монету на сайте (localhost) ──────────
[156/192#w2] Быстро (парсинг + public/data в один заход): npm run royal-mint:preview
[156/192#w2]   (или уже есть JSON: npx tsx scripts/royal-mint-to-public-catalog.ts "/Users/mihail/Desktop/Нумизматика сайт/omonete-app/data/royal-mint-star-wars-x-wing-2024-uk-50p-silver-proof-colour-coin.json")
[156/192#w2] Потом: npm run dev → http://localhost:3000/coins/991001/ (или ROYAL_MINT_LOCAL_ID)
[156/192#w2] Картинки (если скачались): public/image/coins/foreign/ — пути уже в JSON монеты.
[156/192#w2] В БД: npm run royal-mint:import → npm run data:export (или data:export:incremental).

——— старт 158/192#w2 ———
https://www.royalmint.com/great-engravers/the-william-iv-crown/the-merlen-shield-silver-two-coin-set
[157/192#w1]   ✓ the-lion-and-the-eagle-2024-uk-1-4oz-silver-proof-coin-obv.webp
[157/192#w1]   ✓ the-lion-and-the-eagle-2024-uk-1-4oz-silver-proof-coin-rev.webp
[157/192#w1] __RM_JSON__ /Users/mihail/Desktop/Нумизматика сайт/omonete-app/data/royal-mint-the-lion-and-the-eagle-2024-uk-1-4oz-silver-proof-coin.json
[157/192#w1] 
[157/192#w1] Готово: /Users/mihail/Desktop/Нумизматика сайт/omonete-app/data/royal-mint-the-lion-and-the-eagle-2024-uk-1-4oz-silver-proof-coin.json
[157/192#w1] Загрузка PDP: https://www.royalmint.com/shop/ancient-historic/trial-of-the-pyx/The-Lion-and-The-Eagle-2024-UK-1-4oz-Silver-Proof-Coin
[157/192#w1] Классификация картинок: {
[157/192#w1]   "obverse": "https://www.royalmint.com/globalassets/_ecommerce/collect/launches/2025/trial-of-the-pyx/images/ukp08502s-quarter-oz-ag-lion-eagle-obverse-tp25px105.jpg",
[157/192#w1]   "reverse": "https://www.royalmint.com/globalassets/_ecommerce/collect/launches/2025/trial-of-the-pyx/images/ukp08502s-quarter-oz-ag-lion-eagle-reverse-tp25px105.jpg",
[157/192#w1]   "blister_obverse": null,
[157/192#w1]   "blister_reverse": null,
[157/192#w1]   "box": null,
[157/192#w1]   "certificate": null
[157/192#w1] }
[157/192#w1] 
[157/192#w1] ────────── Как увидеть монету на сайте (localhost) ──────────
[157/192#w1] Быстро (парсинг + public/data в один заход): npm run royal-mint:preview
[157/192#w1]   (или уже есть JSON: npx tsx scripts/royal-mint-to-public-catalog.ts "/Users/mihail/Desktop/Нумизматика сайт/omonete-app/data/royal-mint-the-lion-and-the-eagle-2024-uk-1-4oz-silver-proof-coin.json")
[157/192#w1] Потом: npm run dev → http://localhost:3000/coins/991001/ (или ROYAL_MINT_LOCAL_ID)
[157/192#w1] Картинки (если скачались): public/image/coins/foreign/ — пути уже в JSON монеты.
[157/192#w1] В БД: npm run royal-mint:import → npm run data:export (или data:export:incremental).

——— старт 159/192#w1 ———
https://www.royalmint.com/six-decades-of-007/bond-films-of-the-1980s/bond-films-of-the-1980s-2024-5oz-silver-proof-coin
[158/192#w2] Блок характеристик: div.mod-section.specification — найден, полей в specs: 11
[159/192#w1] Внимание: на странице не найден блок div.mod-section.specification — спеки взяты из остальных table (если есть).
[159/192#w1] __RM_JSON__ /Users/mihail/Desktop/Нумизматика сайт/omonete-app/data/royal-mint-bond-films-of-the-1980s-2024-5oz-silver-proof-coin.json
[159/192#w1] 
[159/192#w1] Готово: /Users/mihail/Desktop/Нумизматика сайт/omonete-app/data/royal-mint-bond-films-of-the-1980s-2024-5oz-silver-proof-coin.json
[159/192#w1] Загрузка PDP: https://www.royalmint.com/six-decades-of-007/bond-films-of-the-1980s/bond-films-of-the-1980s-2024-5oz-silver-proof-coin
[159/192#w1] Классификация картинок: {
[159/192#w1]   "obverse": null,
[159/192#w1]   "reverse": null,
[159/192#w1]   "blister_obverse": null,
[159/192#w1]   "blister_reverse": null,
[159/192#w1]   "box": null,
[159/192#w1]   "certificate": null
[159/192#w1] }
[159/192#w1] 
[159/192#w1] ────────── Как увидеть монету на сайте (localhost) ──────────
[159/192#w1] Быстро (парсинг + public/data в один заход): npm run royal-mint:preview
[159/192#w1]   (или уже есть JSON: npx tsx scripts/royal-mint-to-public-catalog.ts "/Users/mihail/Desktop/Нумизматика сайт/omonete-app/data/royal-mint-bond-films-of-the-1980s-2024-5oz-silver-proof-coin.json")
[159/192#w1] Потом: npm run dev → http://localhost:3000/coins/991001/ (или ROYAL_MINT_LOCAL_ID)
[159/192#w1] Картинки (если скачались): public/image/coins/foreign/ — пути уже в JSON монеты.
[159/192#w1] В БД: npm run royal-mint:import → npm run data:export (или data:export:incremental).

——— старт 160/192#w1 ———
https://www.royalmint.com/shop/ancient-historic/trial-of-the-pyx/Britannia-2024-UK-1-20oz-Silver-Proof-Coin
[158/192#w2]   ✓ the-merlen-shield-silver-two-coin-set-obv.webp
[158/192#w2]   ✓ the-merlen-shield-silver-two-coin-set-rev.webp
[158/192#w2]   ✓ the-merlen-shield-silver-two-coin-set-cert.webp
[158/192#w2] __RM_JSON__ /Users/mihail/Desktop/Нумизматика сайт/omonete-app/data/royal-mint-the-merlen-shield-silver-two-coin-set.json
[158/192#w2] 
[158/192#w2] Готово: /Users/mihail/Desktop/Нумизматика сайт/omonete-app/data/royal-mint-the-merlen-shield-silver-two-coin-set.json
[158/192#w2] Загрузка PDP: https://www.royalmint.com/great-engravers/the-william-iv-crown/the-merlen-shield-silver-two-coin-set
[158/192#w2] Классификация картинок: {
[158/192#w2]   "obverse": "https://www.royalmint.com/globalassets/_ecommerce/commemorative/launches/2026-launches/great-engravers/william-iv/product-images/historic/hisgemssthe-merlen-shield-silver-two-coin-set-1834-silver-half-crown-obverse.jpg",
[158/192#w2]   "reverse": "https://www.royalmint.com/globalassets/_ecommerce/commemorative/launches/2026-launches/great-engravers/william-iv/product-images/historic/hisgemssthe-merlen-shield-silver-two-coin-set-1834-silver-half-crown-reverse.jpg",
[158/192#w2]   "blister_obverse": null,
[158/192#w2]   "blister_reverse": null,
[158/192#w2]   "box": null,
[158/192#w2]   "certificate": "https://www.royalmint.com/globalassets/_ecommerce/commemorative/launches/2026-launches/great-engravers/william-iv/product-images/historic/hisgemssthe-merlen-shield-silver-two-coin-set-case.jpg"
[158/192#w2] }
[158/192#w2] 
[158/192#w2] ────────── Как увидеть монету на сайте (localhost) ──────────
[158/192#w2] Быстро (парсинг + public/data в один заход): npm run royal-mint:preview
[158/192#w2]   (или уже есть JSON: npx tsx scripts/royal-mint-to-public-catalog.ts "/Users/mihail/Desktop/Нумизматика сайт/omonete-app/data/royal-mint-the-merlen-shield-silver-two-coin-set.json")
[158/192#w2] Потом: npm run dev → http://localhost:3000/coins/991001/ (или ROYAL_MINT_LOCAL_ID)
[158/192#w2] Картинки (если скачались): public/image/coins/foreign/ — пути уже в JSON монеты.
[158/192#w2] В БД: npm run royal-mint:import → npm run data:export (или data:export:incremental).

——— старт 161/192#w2 ———
https://www.royalmint.com/shop/ancient-historic/trial-of-the-pyx/Britannia-2024-UK-5oz-Silver-Proof-Coin
[161/192#w2] Блок характеристик: div.mod-section.specification — найден, полей в specs: 9
[161/192#w2]   ✓ britannia-2024-uk-5oz-silver-proof-coin-obv.webp
[161/192#w2]   ✓ britannia-2024-uk-5oz-silver-proof-coin-rev.webp
[161/192#w2] __RM_JSON__ /Users/mihail/Desktop/Нумизматика сайт/omonete-app/data/royal-mint-britannia-2024-uk-5oz-silver-proof-coin.json
[161/192#w2] 
[161/192#w2] Готово: /Users/mihail/Desktop/Нумизматика сайт/omonete-app/data/royal-mint-britannia-2024-uk-5oz-silver-proof-coin.json
[161/192#w2] Загрузка PDP: https://www.royalmint.com/shop/ancient-historic/trial-of-the-pyx/Britannia-2024-UK-5oz-Silver-Proof-Coin
[161/192#w2] Классификация картинок: {
[161/192#w2]   "obverse": "https://www.royalmint.com/globalassets/_ecommerce/collect/launches/2025/trial-of-the-pyx/images/ukp12939-lpm---britannia-5oz-silver-obv-tp25px65.jpg",
[161/192#w2]   "reverse": "https://www.royalmint.com/globalassets/_ecommerce/collect/launches/2025/trial-of-the-pyx/images/ukp12939-lpm---britannia-5oz-silver-rev-tp25px65.jpg",
[161/192#w2]   "blister_obverse": null,
[161/192#w2]   "blister_reverse": null,
[161/192#w2]   "box": null,
[161/192#w2]   "certificate": null
[161/192#w2] }
[161/192#w2] 
[161/192#w2] ────────── Как увидеть монету на сайте (localhost) ──────────
[161/192#w2] Быстро (парсинг + public/data в один заход): npm run royal-mint:preview
[161/192#w2]   (или уже есть JSON: npx tsx scripts/royal-mint-to-public-catalog.ts "/Users/mihail/Desktop/Нумизматика сайт/omonete-app/data/royal-mint-britannia-2024-uk-5oz-silver-proof-coin.json")
[161/192#w2] Потом: npm run dev → http://localhost:3000/coins/991001/ (или ROYAL_MINT_LOCAL_ID)
[161/192#w2] Картинки (если скачались): public/image/coins/foreign/ — пути уже в JSON монеты.
[161/192#w2] В БД: npm run royal-mint:import → npm run data:export (или data:export:incremental).

——— старт 162/192#w2 ———
https://www.royalmint.com/shop/limited-editions/the-lion-and-eagle/the-lion-and-the-eagle-2024-10oz-silver-proof-coin
[160/192#w1] Блок характеристик: div.mod-section.specification — найден, полей в specs: 9
[160/192#w1]   ✓ britannia-2024-uk-1-20oz-silver-proof-coin-obv.webp
[160/192#w1]   ✓ britannia-2024-uk-1-20oz-silver-proof-coin-rev.webp
[160/192#w1] __RM_JSON__ /Users/mihail/Desktop/Нумизматика сайт/omonete-app/data/royal-mint-britannia-2024-uk-1-20oz-silver-proof-coin.json
[160/192#w1] 
[160/192#w1] Готово: /Users/mihail/Desktop/Нумизматика сайт/omonete-app/data/royal-mint-britannia-2024-uk-1-20oz-silver-proof-coin.json
[160/192#w1] Загрузка PDP: https://www.royalmint.com/shop/ancient-historic/trial-of-the-pyx/Britannia-2024-UK-1-20oz-Silver-Proof-Coin
[160/192#w1] Классификация картинок: {
[160/192#w1]   "obverse": "https://www.royalmint.com/globalassets/_ecommerce/collect/launches/2025/trial-of-the-pyx/images/ukp23939s-2024-twentieth-oz-ag-britannia-obverse-tp25px109.jpg",
[160/192#w1]   "reverse": "https://www.royalmint.com/globalassets/_ecommerce/collect/launches/2025/trial-of-the-pyx/images/ukp23939s-2024-twentieth-oz-ag-britannia-reverse-tp25px109.jpg",
[160/192#w1]   "blister_obverse": null,
[160/192#w1]   "blister_reverse": null,
[160/192#w1]   "box": null,
[160/192#w1]   "certificate": null
[160/192#w1] }
[160/192#w1] 
[160/192#w1] ────────── Как увидеть монету на сайте (localhost) ──────────
[160/192#w1] Быстро (парсинг + public/data в один заход): npm run royal-mint:preview
[160/192#w1]   (или уже есть JSON: npx tsx scripts/royal-mint-to-public-catalog.ts "/Users/mihail/Desktop/Нумизматика сайт/omonete-app/data/royal-mint-britannia-2024-uk-1-20oz-silver-proof-coin.json")
[160/192#w1] Потом: npm run dev → http://localhost:3000/coins/991001/ (или ROYAL_MINT_LOCAL_ID)
[160/192#w1] Картинки (если скачались): public/image/coins/foreign/ — пути уже в JSON монеты.
[160/192#w1] В БД: npm run royal-mint:import → npm run data:export (или data:export:incremental).

——— старт 163/192#w1 ———
https://www.royalmint.com/shop/ancient-historic/trial-of-the-pyx/D-Day-2024-UK-1oz-2-Pound-Silver-Proof-Coin
[162/192#w2] Блок характеристик: div.mod-section.specification — найден, полей в specs: 11
[162/192#w2]   ✓ the-lion-and-the-eagle-2024-10oz-silver-proof-coin-obv.webp
[162/192#w2]   ✓ the-lion-and-the-eagle-2024-10oz-silver-proof-coin-rev.webp
[162/192#w2] __RM_JSON__ /Users/mihail/Desktop/Нумизматика сайт/omonete-app/data/royal-mint-the-lion-and-the-eagle-2024-10oz-silver-proof-coin.json
[162/192#w2] 
[162/192#w2] Готово: /Users/mihail/Desktop/Нумизматика сайт/omonete-app/data/royal-mint-the-lion-and-the-eagle-2024-10oz-silver-proof-coin.json
[162/192#w2] Загрузка PDP: https://www.royalmint.com/shop/limited-editions/the-lion-and-eagle/the-lion-and-the-eagle-2024-10oz-silver-proof-coin
[162/192#w2] Классификация картинок: {
[162/192#w2]   "obverse": "https://www.royalmint.com/globalassets/_ecommerce/commemorative/launches/2024-launches/lion-and-eagle/fractional-sets-product-images/uk24le10s-the-lion-and-the-eagle-2024-uk-10oz-silver-proof-coin-obverse-edge-1500x1500-f3a2c67.jpg",
[162/192#w2]   "reverse": "https://www.royalmint.com/globalassets/_ecommerce/commemorative/launches/2024-launches/lion-and-eagle/fractional-sets-product-images/uk24le10s-the-lion-and-the-eagle-2024-uk-10oz-silver-proof-coin-reverse-edge-1500x1500-f3a2c67.jpg",
[162/192#w2]   "blister_obverse": null,
[162/192#w2]   "blister_reverse": null,
[162/192#w2]   "box": null,
[162/192#w2]   "certificate": null
[162/192#w2] }
[162/192#w2] 
[162/192#w2] ────────── Как увидеть монету на сайте (localhost) ──────────
[162/192#w2] Быстро (парсинг + public/data в один заход): npm run royal-mint:preview
[162/192#w2]   (или уже есть JSON: npx tsx scripts/royal-mint-to-public-catalog.ts "/Users/mihail/Desktop/Нумизматика сайт/omonete-app/data/royal-mint-the-lion-and-the-eagle-2024-10oz-silver-proof-coin.json")
[162/192#w2] Потом: npm run dev → http://localhost:3000/coins/991001/ (или ROYAL_MINT_LOCAL_ID)
[162/192#w2] Картинки (если скачались): public/image/coins/foreign/ — пути уже в JSON монеты.
[162/192#w2] В БД: npm run royal-mint:import → npm run data:export (или data:export:incremental).

——— старт 164/192#w2 ———
https://www.royalmint.com/six-decades-of-007/bond-films-of-the-1990s/bond-films-of-the-1990s-2024-5oz-silver-proof-coin
[163/192#w1] Блок характеристик: div.mod-section.specification — найден, полей в specs: 9
[163/192#w1]   ✓ d-day-2024-uk-1oz-2-pound-silver-proof-coin-obv.webp
[163/192#w1]   ✓ d-day-2024-uk-1oz-2-pound-silver-proof-coin-rev.webp
[163/192#w1] __RM_JSON__ /Users/mihail/Desktop/Нумизматика сайт/omonete-app/data/royal-mint-d-day-2024-uk-1oz-2-pound-silver-proof-coin.json
[163/192#w1] 
[163/192#w1] Готово: /Users/mihail/Desktop/Нумизматика сайт/omonete-app/data/royal-mint-d-day-2024-uk-1oz-2-pound-silver-proof-coin.json
[163/192#w1] Загрузка PDP: https://www.royalmint.com/shop/ancient-historic/trial-of-the-pyx/D-Day-2024-UK-1oz-2-Pound-Silver-Proof-Coin
[163/192#w1] Классификация картинок: {
[163/192#w1]   "obverse": "https://www.royalmint.com/globalassets/_ecommerce/collect/launches/2025/trial-of-the-pyx/images/ukp35400-lpm---d-day-1oz-silver-obverse-tp25px159.jpg",
[163/192#w1]   "reverse": "https://www.royalmint.com/globalassets/_ecommerce/collect/launches/2025/trial-of-the-pyx/images/ukp35400-lpm---d-day-1oz-silver-reverse-tp25px159.jpg",
[163/192#w1]   "blister_obverse": null,
[163/192#w1]   "blister_reverse": null,
[163/192#w1]   "box": null,
[163/192#w1]   "certificate": null
[163/192#w1] }
[163/192#w1] 
[163/192#w1] ────────── Как увидеть монету на сайте (localhost) ──────────
[163/192#w1] Быстро (парсинг + public/data в один заход): npm run royal-mint:preview
[163/192#w1]   (или уже есть JSON: npx tsx scripts/royal-mint-to-public-catalog.ts "/Users/mihail/Desktop/Нумизматика сайт/omonete-app/data/royal-mint-d-day-2024-uk-1oz-2-pound-silver-proof-coin.json")
[163/192#w1] Потом: npm run dev → http://localhost:3000/coins/991001/ (или ROYAL_MINT_LOCAL_ID)
[163/192#w1] Картинки (если скачались): public/image/coins/foreign/ — пути уже в JSON монеты.
[163/192#w1] В БД: npm run royal-mint:import → npm run data:export (или data:export:incremental).
[164/192#w2] Внимание: на странице не найден блок div.mod-section.specification — спеки взяты из остальных table (если есть).

——— старт 165/192#w1 ———
https://www.royalmint.com/shop/monarch/queen-elizabeth-ii/2020-Celebrating-British-Diversity-50p-Silver-Proof
[164/192#w2] __RM_JSON__ /Users/mihail/Desktop/Нумизматика сайт/omonete-app/data/royal-mint-bond-films-of-the-1990s-2024-5oz-silver-proof-coin.json
[164/192#w2] 
[164/192#w2] Готово: /Users/mihail/Desktop/Нумизматика сайт/omonete-app/data/royal-mint-bond-films-of-the-1990s-2024-5oz-silver-proof-coin.json
[164/192#w2] Загрузка PDP: https://www.royalmint.com/six-decades-of-007/bond-films-of-the-1990s/bond-films-of-the-1990s-2024-5oz-silver-proof-coin
[164/192#w2] Классификация картинок: {
[164/192#w2]   "obverse": null,
[164/192#w2]   "reverse": null,
[164/192#w2]   "blister_obverse": null,
[164/192#w2]   "blister_reverse": null,
[164/192#w2]   "box": null,
[164/192#w2]   "certificate": null
[164/192#w2] }
[164/192#w2] 
[164/192#w2] ────────── Как увидеть монету на сайте (localhost) ──────────
[164/192#w2] Быстро (парсинг + public/data в один заход): npm run royal-mint:preview
[164/192#w2]   (или уже есть JSON: npx tsx scripts/royal-mint-to-public-catalog.ts "/Users/mihail/Desktop/Нумизматика сайт/omonete-app/data/royal-mint-bond-films-of-the-1990s-2024-5oz-silver-proof-coin.json")
[164/192#w2] Потом: npm run dev → http://localhost:3000/coins/991001/ (или ROYAL_MINT_LOCAL_ID)
[164/192#w2] Картинки (если скачались): public/image/coins/foreign/ — пути уже в JSON монеты.
[164/192#w2] В БД: npm run royal-mint:import → npm run data:export (или data:export:incremental).

——— старт 166/192#w2 ———
https://www.royalmint.com/shop/ancient-historic/trial-of-the-pyx/Charles-III-Definitives-2024-UK-5p-Silver-Proof-Coin
[165/192#w1] Блок характеристик: div.mod-section.specification — найден, полей в specs: 8
[165/192#w1] __RM_JSON__ /Users/mihail/Desktop/Нумизматика сайт/omonete-app/data/royal-mint-2020-celebrating-british-diversity-50p-silver-proof.json
[165/192#w1] 
[165/192#w1] Готово: /Users/mihail/Desktop/Нумизматика сайт/omonete-app/data/royal-mint-2020-celebrating-british-diversity-50p-silver-proof.json
[165/192#w1] Загрузка PDP: https://www.royalmint.com/shop/monarch/queen-elizabeth-ii/2020-Celebrating-British-Diversity-50p-Silver-Proof
[165/192#w1] Классификация картинок: {
[165/192#w1]   "obverse": null,
[165/192#w1]   "reverse": null,
[165/192#w1]   "blister_obverse": null,
[165/192#w1]   "blister_reverse": null,
[165/192#w1]   "box": null,
[165/192#w1]   "certificate": null
[165/192#w1] }
[165/192#w1] 
[165/192#w1] ────────── Как увидеть монету на сайте (localhost) ──────────
[165/192#w1] Быстро (парсинг + public/data в один заход): npm run royal-mint:preview
[165/192#w1]   (или уже есть JSON: npx tsx scripts/royal-mint-to-public-catalog.ts "/Users/mihail/Desktop/Нумизматика сайт/omonete-app/data/royal-mint-2020-celebrating-british-diversity-50p-silver-proof.json")
[165/192#w1] Потом: npm run dev → http://localhost:3000/coins/991001/ (или ROYAL_MINT_LOCAL_ID)
[165/192#w1] Картинки (если скачались): public/image/coins/foreign/ — пути уже в JSON монеты.
[165/192#w1] В БД: npm run royal-mint:import → npm run data:export (или data:export:incremental).

——— старт 167/192#w1 ———
https://www.royalmint.com/shop/ancient-historic/trial-of-the-pyx/Britannia-and-Liberty-2024-UK-1oz-Silver-Proof-Coin
[166/192#w2] Блок характеристик: div.mod-section.specification — найден, полей в specs: 9
[166/192#w2]   ✓ charles-iii-definitives-2024-uk-5p-silver-proof-coin-obv.webp
[166/192#w2]   ✓ charles-iii-definitives-2024-uk-5p-silver-proof-coin-rev.webp
[166/192#w2] __RM_JSON__ /Users/mihail/Desktop/Нумизматика сайт/omonete-app/data/royal-mint-charles-iii-definitives-2024-uk-5p-silver-proof-coin.json
[166/192#w2] 
[166/192#w2] Готово: /Users/mihail/Desktop/Нумизматика сайт/omonete-app/data/royal-mint-charles-iii-definitives-2024-uk-5p-silver-proof-coin.json
[166/192#w2] Загрузка PDP: https://www.royalmint.com/shop/ancient-historic/trial-of-the-pyx/Charles-III-Definitives-2024-UK-5p-Silver-Proof-Coin
[166/192#w2] Классификация картинок: {
[166/192#w2]   "obverse": "https://www.royalmint.com/globalassets/_ecommerce/collect/launches/2025/trial-of-the-pyx/images/ukp26144-lpm-definitives-5p-silver-obv-tp25px151.jpg",
[166/192#w2]   "reverse": "https://www.royalmint.com/globalassets/_ecommerce/collect/launches/2025/trial-of-the-pyx/images/ukp26144-lpm-definitives-5p-silver-rev-tp25px151.jpg",
[166/192#w2]   "blister_obverse": null,
[166/192#w2]   "blister_reverse": null,
[166/192#w2]   "box": null,
[166/192#w2]   "certificate": null
[166/192#w2] }
[166/192#w2] 
[166/192#w2] ────────── Как увидеть монету на сайте (localhost) ──────────
[166/192#w2] Быстро (парсинг + public/data в один заход): npm run royal-mint:preview
[166/192#w2]   (или уже есть JSON: npx tsx scripts/royal-mint-to-public-catalog.ts "/Users/mihail/Desktop/Нумизматика сайт/omonete-app/data/royal-mint-charles-iii-definitives-2024-uk-5p-silver-proof-coin.json")
[166/192#w2] Потом: npm run dev → http://localhost:3000/coins/991001/ (или ROYAL_MINT_LOCAL_ID)
[166/192#w2] Картинки (если скачались): public/image/coins/foreign/ — пути уже в JSON монеты.
[166/192#w2] В БД: npm run royal-mint:import → npm run data:export (или data:export:incremental).

——— старт 168/192#w2 ———
https://www.royalmint.com/shop/ancient-historic/trial-of-the-pyx/The-Police-2023-UK-2oz-Silver-Proof-Coin
[167/192#w1] Блок характеристик: div.mod-section.specification — найден, полей в specs: 9
[168/192#w2] Блок характеристик: div.mod-section.specification — найден, полей в specs: 5
[167/192#w1]   ✓ britannia-and-liberty-2024-uk-1oz-silver-proof-coin-obv.webp
[168/192#w2]   ✓ the-police-2023-uk-2oz-silver-proof-coin-obv.webp
[167/192#w1]   ✓ britannia-and-liberty-2024-uk-1oz-silver-proof-coin-rev.webp
[167/192#w1] __RM_JSON__ /Users/mihail/Desktop/Нумизматика сайт/omonete-app/data/royal-mint-britannia-and-liberty-2024-uk-1oz-silver-proof-coin.json
[167/192#w1] 
[167/192#w1] Готово: /Users/mihail/Desktop/Нумизматика сайт/omonete-app/data/royal-mint-britannia-and-liberty-2024-uk-1oz-silver-proof-coin.json
[167/192#w1] Загрузка PDP: https://www.royalmint.com/shop/ancient-historic/trial-of-the-pyx/Britannia-and-Liberty-2024-UK-1oz-Silver-Proof-Coin
[167/192#w1] Классификация картинок: {
[167/192#w1]   "obverse": "https://www.royalmint.com/globalassets/_ecommerce/collect/launches/2025/trial-of-the-pyx/images/ukp08953-lpm---britannia-and-liberty-1oz-silver-obv-tp25px84.jpg",
[167/192#w1]   "reverse": "https://www.royalmint.com/globalassets/_ecommerce/collect/launches/2025/trial-of-the-pyx/images/ukp08953-lpm---britannia-and-liberty-1oz-silver-rev-tp25px84.jpg",
[167/192#w1]   "blister_obverse": null,
[167/192#w1]   "blister_reverse": null,
[167/192#w1]   "box": null,
[167/192#w1]   "certificate": null
[167/192#w1] }
[167/192#w1] 
[167/192#w1] ────────── Как увидеть монету на сайте (localhost) ──────────
[167/192#w1] Быстро (парсинг + public/data в один заход): npm run royal-mint:preview
[167/192#w1]   (или уже есть JSON: npx tsx scripts/royal-mint-to-public-catalog.ts "/Users/mihail/Desktop/Нумизматика сайт/omonete-app/data/royal-mint-britannia-and-liberty-2024-uk-1oz-silver-proof-coin.json")
[167/192#w1] Потом: npm run dev → http://localhost:3000/coins/991001/ (или ROYAL_MINT_LOCAL_ID)
[167/192#w1] Картинки (если скачались): public/image/coins/foreign/ — пути уже в JSON монеты.
[167/192#w1] В БД: npm run royal-mint:import → npm run data:export (или data:export:incremental).

——— старт 169/192#w1 ———
https://www.royalmint.com/shop/ancient-historic/trial-of-the-pyx/archive/The-Lion-and-The-Eagle-2024-UK-1-2oz-Silver-Proof-Coin
[168/192#w2]   ✓ the-police-2023-uk-2oz-silver-proof-coin-rev.webp
[168/192#w2]   ✓ the-police-2023-uk-2oz-silver-proof-coin-blister-obv.webp
[168/192#w2]   ✓ the-police-2023-uk-2oz-silver-proof-coin-blister-rev.webp
[168/192#w2] __RM_JSON__ /Users/mihail/Desktop/Нумизматика сайт/omonete-app/data/royal-mint-the-police-2023-uk-2oz-silver-proof-coin.json
[168/192#w2] 
[168/192#w2] Готово: /Users/mihail/Desktop/Нумизматика сайт/omonete-app/data/royal-mint-the-police-2023-uk-2oz-silver-proof-coin.json
[168/192#w2] Загрузка PDP: https://www.royalmint.com/shop/ancient-historic/trial-of-the-pyx/The-Police-2023-UK-2oz-Silver-Proof-Coin
[168/192#w2] Классификация картинок: {
[168/192#w2]   "obverse": "https://www.royalmint.com/globalassets/__rebrand/_structure/shop/editions/_historic-coins/trial-of-the-pyx/2025/tp24p117-the-police-2023-uk-2oz-silver-proof-coin-obverse.jpg",
[168/192#w2]   "reverse": "https://www.royalmint.com/globalassets/__rebrand/_structure/shop/editions/_historic-coins/trial-of-the-pyx/2025/tp24p117-the-police-2023-uk-2oz-silver-proof-coin-reverse.jpg",
[168/192#w2]   "blister_obverse": "https://www.royalmint.com/globalassets/__rebrand/_structure/shop/editions/_historic-coins/trial-of-the-pyx/2025/tp24p117-the-police-2023-uk-2oz-silver-proof-coin-blister-front.jpg",
[168/192#w2]   "blister_reverse": "https://www.royalmint.com/globalassets/__rebrand/_structure/shop/editions/_historic-coins/trial-of-the-pyx/2025/tp24p117-the-police-2023-uk-2oz-silver-proof-coin-blister-back.jpg",
[168/192#w2]   "box": null,
[168/192#w2]   "certificate": null
[168/192#w2] }
[168/192#w2] 
[168/192#w2] ────────── Как увидеть монету на сайте (localhost) ──────────
[168/192#w2] Быстро (парсинг + public/data в один заход): npm run royal-mint:preview
[168/192#w2]   (или уже есть JSON: npx tsx scripts/royal-mint-to-public-catalog.ts "/Users/mihail/Desktop/Нумизматика сайт/omonete-app/data/royal-mint-the-police-2023-uk-2oz-silver-proof-coin.json")
[168/192#w2] Потом: npm run dev → http://localhost:3000/coins/991001/ (или ROYAL_MINT_LOCAL_ID)
[168/192#w2] Картинки (если скачались): public/image/coins/foreign/ — пути уже в JSON монеты.
[168/192#w2] В БД: npm run royal-mint:import → npm run data:export (или data:export:incremental).

——— старт 170/192#w2 ———
https://www.royalmint.com/shop/ancient-historic/trial-of-the-pyx/200-Years-of-the-RNLI-2024-UK-50p-Silver-Proof-Piedfort-Coin
[169/192#w1] Внимание: на странице не найден блок div.mod-section.specification — спеки взяты из остальных table (если есть).
[169/192#w1] __RM_JSON__ /Users/mihail/Desktop/Нумизматика сайт/omonete-app/data/royal-mint-the-lion-and-the-eagle-2024-uk-1-2oz-silver-proof-coin.json
[169/192#w1] 
[169/192#w1] Готово: /Users/mihail/Desktop/Нумизматика сайт/omonete-app/data/royal-mint-the-lion-and-the-eagle-2024-uk-1-2oz-silver-proof-coin.json
[169/192#w1] Загрузка PDP: https://www.royalmint.com/shop/ancient-historic/trial-of-the-pyx/archive/The-Lion-and-The-Eagle-2024-UK-1-2oz-Silver-Proof-Coin
[169/192#w1] Классификация картинок: {
[169/192#w1]   "obverse": null,
[169/192#w1]   "reverse": null,
[169/192#w1]   "blister_obverse": null,
[169/192#w1]   "blister_reverse": null,
[169/192#w1]   "box": null,
[169/192#w1]   "certificate": null
[169/192#w1] }
[169/192#w1] 
[169/192#w1] ────────── Как увидеть монету на сайте (localhost) ──────────
[169/192#w1] Быстро (парсинг + public/data в один заход): npm run royal-mint:preview
[169/192#w1]   (или уже есть JSON: npx tsx scripts/royal-mint-to-public-catalog.ts "/Users/mihail/Desktop/Нумизматика сайт/omonete-app/data/royal-mint-the-lion-and-the-eagle-2024-uk-1-2oz-silver-proof-coin.json")
[169/192#w1] Потом: npm run dev → http://localhost:3000/coins/991001/ (или ROYAL_MINT_LOCAL_ID)
[169/192#w1] Картинки (если скачались): public/image/coins/foreign/ — пути уже в JSON монеты.
[169/192#w1] В БД: npm run royal-mint:import → npm run data:export (или data:export:incremental).

——— старт 171/192#w1 ———
https://www.royalmint.com/shop/monarch/queen-elizabeth-ii/2019-Remembrance-Day-UK-5-Silver-Proof-Piedfort
[170/192#w2] Блок характеристик: div.mod-section.specification — найден, полей в specs: 9
[170/192#w2]   ✓ 200-years-of-the-rnli-2024-uk-50p-silver-proof-piedfort-coin-obv.webp
[170/192#w2]   ✓ 200-years-of-the-rnli-2024-uk-50p-silver-proof-piedfort-coin-rev.webp
[170/192#w2] __RM_JSON__ /Users/mihail/Desktop/Нумизматика сайт/omonete-app/data/royal-mint-200-years-of-the-rnli-2024-uk-50p-silver-proof-piedfort-coin.json
[170/192#w2] 
[170/192#w2] Готово: /Users/mihail/Desktop/Нумизматика сайт/omonete-app/data/royal-mint-200-years-of-the-rnli-2024-uk-50p-silver-proof-piedfort-coin.json
[170/192#w2] Загрузка PDP: https://www.royalmint.com/shop/ancient-historic/trial-of-the-pyx/200-Years-of-the-RNLI-2024-UK-50p-Silver-Proof-Piedfort-Coin
[170/192#w2] Классификация картинок: {
[170/192#w2]   "obverse": "https://www.royalmint.com/globalassets/_ecommerce/collect/launches/2025/trial-of-the-pyx/images/ukp14144-lpm2---rnli-50p-piedfort-silver-obv-tp25px131.jpg",
[170/192#w2]   "reverse": "https://www.royalmint.com/globalassets/_ecommerce/collect/launches/2025/trial-of-the-pyx/images/ukp14144-lpm2---rnli-50p-piedfort-silver-rev-tp25px131.jpg",
[170/192#w2]   "blister_obverse": null,
[170/192#w2]   "blister_reverse": null,
[170/192#w2]   "box": null,
[170/192#w2]   "certificate": null
[170/192#w2] }
[170/192#w2] 
[170/192#w2] ────────── Как увидеть монету на сайте (localhost) ──────────
[170/192#w2] Быстро (парсинг + public/data в один заход): npm run royal-mint:preview
[170/192#w2]   (или уже есть JSON: npx tsx scripts/royal-mint-to-public-catalog.ts "/Users/mihail/Desktop/Нумизматика сайт/omonete-app/data/royal-mint-200-years-of-the-rnli-2024-uk-50p-silver-proof-piedfort-coin.json")
[170/192#w2] Потом: npm run dev → http://localhost:3000/coins/991001/ (или ROYAL_MINT_LOCAL_ID)
[170/192#w2] Картинки (если скачались): public/image/coins/foreign/ — пути уже в JSON монеты.
[170/192#w2] В БД: npm run royal-mint:import → npm run data:export (или data:export:incremental).

——— старт 172/192#w2 ———
https://www.royalmint.com/shop/ancient-historic/trial-of-the-pyx/Britannia-2024-UK-1-4oz-Silver-Proof-Coin-TP25PX103
[171/192#w1] Блок характеристик: div.mod-section.specification — найден, полей в specs: 9
[171/192#w1] __RM_JSON__ /Users/mihail/Desktop/Нумизматика сайт/omonete-app/data/royal-mint-2019-remembrance-day-uk-5-silver-proof-piedfort.json
[171/192#w1] 
[171/192#w1] Готово: /Users/mihail/Desktop/Нумизматика сайт/omonete-app/data/royal-mint-2019-remembrance-day-uk-5-silver-proof-piedfort.json
[171/192#w1] Загрузка PDP: https://www.royalmint.com/shop/monarch/queen-elizabeth-ii/2019-Remembrance-Day-UK-5-Silver-Proof-Piedfort
[171/192#w1] Классификация картинок: {
[171/192#w1]   "obverse": null,
[171/192#w1]   "reverse": null,
[171/192#w1]   "blister_obverse": null,
[171/192#w1]   "blister_reverse": null,
[171/192#w1]   "box": null,
[171/192#w1]   "certificate": null
[171/192#w1] }
[171/192#w1] 
[171/192#w1] ────────── Как увидеть монету на сайте (localhost) ──────────
[171/192#w1] Быстро (парсинг + public/data в один заход): npm run royal-mint:preview
[171/192#w1]   (или уже есть JSON: npx tsx scripts/royal-mint-to-public-catalog.ts "/Users/mihail/Desktop/Нумизматика сайт/omonete-app/data/royal-mint-2019-remembrance-day-uk-5-silver-proof-piedfort.json")
[171/192#w1] Потом: npm run dev → http://localhost:3000/coins/991001/ (или ROYAL_MINT_LOCAL_ID)
[171/192#w1] Картинки (если скачались): public/image/coins/foreign/ — пути уже в JSON монеты.
[171/192#w1] В БД: npm run royal-mint:import → npm run data:export (или data:export:incremental).

——— старт 173/192#w1 ———
https://www.royalmint.com/shop/limited-editions/the-lion-and-eagle/the-lion-and-the-eagle-2024-5oz-silver-proof-coin
[172/192#w2] Блок характеристик: div.mod-section.specification — найден, полей в specs: 9
[172/192#w2]   ✓ britannia-2024-uk-1-4oz-silver-proof-coin-tp25px103-obv.webp
[172/192#w2]   ✓ britannia-2024-uk-1-4oz-silver-proof-coin-tp25px103-rev.webp
[172/192#w2] __RM_JSON__ /Users/mihail/Desktop/Нумизматика сайт/omonete-app/data/royal-mint-britannia-2024-uk-1-4oz-silver-proof-coin-tp25px103.json
[172/192#w2] 
[172/192#w2] Готово: /Users/mihail/Desktop/Нумизматика сайт/omonete-app/data/royal-mint-britannia-2024-uk-1-4oz-silver-proof-coin-tp25px103.json
[172/192#w2] Загрузка PDP: https://www.royalmint.com/shop/ancient-historic/trial-of-the-pyx/Britannia-2024-UK-1-4oz-Silver-Proof-Coin-TP25PX103
[172/192#w2] Классификация картинок: {
[172/192#w2]   "obverse": "https://www.royalmint.com/globalassets/_ecommerce/collect/launches/2025/trial-of-the-pyx/images/ukp16939s-2024-quarter-oz-ag-britannia-obverse-tp25px103.jpg",
[172/192#w2]   "reverse": "https://www.royalmint.com/globalassets/_ecommerce/collect/launches/2025/trial-of-the-pyx/images/ukp16939s-2024-quarter-oz-ag-britannia-reverse-tp25px103.jpg",
[172/192#w2]   "blister_obverse": null,
[172/192#w2]   "blister_reverse": null,
[172/192#w2]   "box": null,
[172/192#w2]   "certificate": null
[172/192#w2] }
[172/192#w2] 
[172/192#w2] ────────── Как увидеть монету на сайте (localhost) ──────────
[172/192#w2] Быстро (парсинг + public/data в один заход): npm run royal-mint:preview
[172/192#w2]   (или уже есть JSON: npx tsx scripts/royal-mint-to-public-catalog.ts "/Users/mihail/Desktop/Нумизматика сайт/omonete-app/data/royal-mint-britannia-2024-uk-1-4oz-silver-proof-coin-tp25px103.json")
[172/192#w2] Потом: npm run dev → http://localhost:3000/coins/991001/ (или ROYAL_MINT_LOCAL_ID)
[172/192#w2] Картинки (если скачались): public/image/coins/foreign/ — пути уже в JSON монеты.
[172/192#w2] В БД: npm run royal-mint:import → npm run data:export (или data:export:incremental).

——— старт 174/192#w2 ———
https://www.royalmint.com/shop/ancient-historic/trial-of-the-pyx/D-Day-2024-UK-2oz-Silver-Proof-Coin
[173/192#w1] Блок характеристик: div.mod-section.specification — найден, полей в specs: 11
[173/192#w1]   ✓ the-lion-and-the-eagle-2024-5oz-silver-proof-coin-obv.webp
[173/192#w1]   ✓ the-lion-and-the-eagle-2024-5oz-silver-proof-coin-rev.webp
[173/192#w1]   ✓ the-lion-and-the-eagle-2024-5oz-silver-proof-coin-box.webp
[173/192#w1] __RM_JSON__ /Users/mihail/Desktop/Нумизматика сайт/omonete-app/data/royal-mint-the-lion-and-the-eagle-2024-5oz-silver-proof-coin.json
[173/192#w1] 
[173/192#w1] Готово: /Users/mihail/Desktop/Нумизматика сайт/omonete-app/data/royal-mint-the-lion-and-the-eagle-2024-5oz-silver-proof-coin.json
[173/192#w1] Загрузка PDP: https://www.royalmint.com/shop/limited-editions/the-lion-and-eagle/the-lion-and-the-eagle-2024-5oz-silver-proof-coin
[173/192#w1] Классификация картинок: {
[173/192#w1]   "obverse": "https://www.royalmint.com/globalassets/_ecommerce/commemorative/launches/2024-launches/lion-and-eagle/product-images/5oz-silver/uk24le5s---the-lion-and-the-eagle-2024-uk-5oz-silver-proof-coin-obverse-1500x1500-f3a2c67.jpg",
[173/192#w1]   "reverse": "https://www.royalmint.com/globalassets/_ecommerce/commemorative/launches/2024-launches/lion-and-eagle/product-images/5oz-silver/uk24le5s---the-lion-and-the-eagle-2024-uk-5oz-silver-proof-coin-reverse-1500x1500-f3a2c67.jpg",
[173/192#w1]   "blister_obverse": null,
[173/192#w1]   "blister_reverse": null,
[173/192#w1]   "box": "https://www.royalmint.com/globalassets/_ecommerce/commemorative/launches/2024-launches/lion-and-eagle/product-images/5oz-silver/uk24le5s---the-lion-and-the-eagle-2024-uk-5oz-silver-proof-coin-case-left-1500x1500-f3a2c67.jpg",
[173/192#w1]   "certificate": null
[173/192#w1] }
[173/192#w1] 
[173/192#w1] ────────── Как увидеть монету на сайте (localhost) ──────────
[173/192#w1] Быстро (парсинг + public/data в один заход): npm run royal-mint:preview
[173/192#w1]   (или уже есть JSON: npx tsx scripts/royal-mint-to-public-catalog.ts "/Users/mihail/Desktop/Нумизматика сайт/omonete-app/data/royal-mint-the-lion-and-the-eagle-2024-5oz-silver-proof-coin.json")
[173/192#w1] Потом: npm run dev → http://localhost:3000/coins/991001/ (или ROYAL_MINT_LOCAL_ID)
[173/192#w1] Картинки (если скачались): public/image/coins/foreign/ — пути уже в JSON монеты.
[173/192#w1] В БД: npm run royal-mint:import → npm run data:export (или data:export:incremental).

——— старт 175/192#w1 ———
https://www.royalmint.com/shop/world/1995-Eire-United-Nations-Silver-1
[174/192#w2] Блок характеристик: div.mod-section.specification — найден, полей в specs: 8
[174/192#w2]   ✓ d-day-2024-uk-2oz-silver-proof-coin-obv.webp
[174/192#w2]   ✓ d-day-2024-uk-2oz-silver-proof-coin-rev.webp
[174/192#w2] __RM_JSON__ /Users/mihail/Desktop/Нумизматика сайт/omonete-app/data/royal-mint-d-day-2024-uk-2oz-silver-proof-coin.json
[174/192#w2] 
[174/192#w2] Готово: /Users/mihail/Desktop/Нумизматика сайт/omonete-app/data/royal-mint-d-day-2024-uk-2oz-silver-proof-coin.json
[174/192#w2] Загрузка PDP: https://www.royalmint.com/shop/ancient-historic/trial-of-the-pyx/D-Day-2024-UK-2oz-Silver-Proof-Coin
[174/192#w2] Классификация картинок: {
[174/192#w2]   "obverse": "https://www.royalmint.com/globalassets/_ecommerce/collect/launches/2025/trial-of-the-pyx/images/ukp34400-lpm---d-day-2oz-silver-obv-tp25px76.jpg",
[174/192#w2]   "reverse": "https://www.royalmint.com/globalassets/_ecommerce/collect/launches/2025/trial-of-the-pyx/images/ukp34400-lpm---d-day-2oz-silver-rev-tp25px76.jpg",
[174/192#w2]   "blister_obverse": null,
[174/192#w2]   "blister_reverse": null,
[174/192#w2]   "box": null,
[174/192#w2]   "certificate": null
[174/192#w2] }
[174/192#w2] 
[174/192#w2] ────────── Как увидеть монету на сайте (localhost) ──────────
[174/192#w2] Быстро (парсинг + public/data в один заход): npm run royal-mint:preview
[174/192#w2]   (или уже есть JSON: npx tsx scripts/royal-mint-to-public-catalog.ts "/Users/mihail/Desktop/Нумизматика сайт/omonete-app/data/royal-mint-d-day-2024-uk-2oz-silver-proof-coin.json")
[174/192#w2] Потом: npm run dev → http://localhost:3000/coins/991001/ (или ROYAL_MINT_LOCAL_ID)
[174/192#w2] Картинки (если скачались): public/image/coins/foreign/ — пути уже в JSON монеты.
[174/192#w2] В БД: npm run royal-mint:import → npm run data:export (или data:export:incremental).

——— старт 176/192#w2 ———
https://www.royalmint.com/shop/ancient-historic/trial-of-the-pyx/Charles-III-Definitives-2024-UK-10p-Silver-Proof-Coin
[175/192#w1] Блок характеристик: div.mod-section.specification — найден, полей в specs: 6
[175/192#w1]   ✓ 1995-eire-united-nations-silver-1-obv.webp
[175/192#w1]   ✓ 1995-eire-united-nations-silver-1-rev.webp
[175/192#w1] __RM_JSON__ /Users/mihail/Desktop/Нумизматика сайт/omonete-app/data/royal-mint-1995-eire-united-nations-silver-1.json
[175/192#w1] 
[175/192#w1] Готово: /Users/mihail/Desktop/Нумизматика сайт/omonete-app/data/royal-mint-1995-eire-united-nations-silver-1.json
[175/192#w1] Загрузка PDP: https://www.royalmint.com/shop/world/1995-Eire-United-Nations-Silver-1
[175/192#w1] Классификация картинок: {
[175/192#w1]   "obverse": "https://www.royalmint.com/globalassets/__rebrand/_structure/shop/editions/_historic-coins/_product-image/his195sp---1995-gbp1-un-eire-silver-proof-obverse.jpg",
[175/192#w1]   "reverse": "https://www.royalmint.com/globalassets/__rebrand/_structure/shop/editions/_historic-coins/_product-image/his195sp---1995-gbp1-un-eire-silver-proof-reverse.jpg",
[175/192#w1]   "blister_obverse": null,
[175/192#w1]   "blister_reverse": null,
[175/192#w1]   "box": null,
[175/192#w1]   "certificate": null
[175/192#w1] }
[175/192#w1] 
[175/192#w1] ────────── Как увидеть монету на сайте (localhost) ──────────
[175/192#w1] Быстро (парсинг + public/data в один заход): npm run royal-mint:preview
[175/192#w1]   (или уже есть JSON: npx tsx scripts/royal-mint-to-public-catalog.ts "/Users/mihail/Desktop/Нумизматика сайт/omonete-app/data/royal-mint-1995-eire-united-nations-silver-1.json")
[175/192#w1] Потом: npm run dev → http://localhost:3000/coins/991001/ (или ROYAL_MINT_LOCAL_ID)
[175/192#w1] Картинки (если скачались): public/image/coins/foreign/ — пути уже в JSON монеты.
[175/192#w1] В БД: npm run royal-mint:import → npm run data:export (или data:export:incremental).

——— старт 177/192#w1 ———
https://www.royalmint.com/shop/ancient-historic/trial-of-the-pyx/tp25px152
[176/192#w2] Блок характеристик: div.mod-section.specification — найден, полей в specs: 9
[176/192#w2]   ✓ charles-iii-definitives-2024-uk-10p-silver-proof-coin-obv.webp
[176/192#w2]   ✓ charles-iii-definitives-2024-uk-10p-silver-proof-coin-rev.webp
[176/192#w2] __RM_JSON__ /Users/mihail/Desktop/Нумизматика сайт/omonete-app/data/royal-mint-charles-iii-definitives-2024-uk-10p-silver-proof-coin.json
[176/192#w2] 
[176/192#w2] Готово: /Users/mihail/Desktop/Нумизматика сайт/omonete-app/data/royal-mint-charles-iii-definitives-2024-uk-10p-silver-proof-coin.json
[176/192#w2] Загрузка PDP: https://www.royalmint.com/shop/ancient-historic/trial-of-the-pyx/Charles-III-Definitives-2024-UK-10p-Silver-Proof-Coin
[176/192#w2] Классификация картинок: {
[176/192#w2]   "obverse": "https://www.royalmint.com/globalassets/_ecommerce/collect/launches/2025/trial-of-the-pyx/images/ukp25144-lpm---definitives-10p-silver-obv-tp25px150.jpg",
[176/192#w2]   "reverse": "https://www.royalmint.com/globalassets/_ecommerce/collect/launches/2025/trial-of-the-pyx/images/ukp25144-lpm---definitives-10p-silver-rev-tp25px150.jpg",
[176/192#w2]   "blister_obverse": null,
[176/192#w2]   "blister_reverse": null,
[176/192#w2]   "box": null,
[176/192#w2]   "certificate": null
[176/192#w2] }
[176/192#w2] 
[176/192#w2] ────────── Как увидеть монету на сайте (localhost) ──────────
[176/192#w2] Быстро (парсинг + public/data в один заход): npm run royal-mint:preview
[176/192#w2]   (или уже есть JSON: npx tsx scripts/royal-mint-to-public-catalog.ts "/Users/mihail/Desktop/Нумизматика сайт/omonete-app/data/royal-mint-charles-iii-definitives-2024-uk-10p-silver-proof-coin.json")
[176/192#w2] Потом: npm run dev → http://localhost:3000/coins/991001/ (или ROYAL_MINT_LOCAL_ID)
[176/192#w2] Картинки (если скачались): public/image/coins/foreign/ — пути уже в JSON монеты.
[176/192#w2] В БД: npm run royal-mint:import → npm run data:export (или data:export:incremental).

——— старт 178/192#w2 ———
https://www.royalmint.com/shop/monarch/queen-elizabeth-ii/2017-A-Life-of-Service-Prince-Philip-Silver-5-Crown
[177/192#w1] Блок характеристик: div.mod-section.specification — найден, полей в specs: 9
[177/192#w1]   ✓ tp25px152-obv.webp
[177/192#w1]   ✓ tp25px152-rev.webp
[177/192#w1] __RM_JSON__ /Users/mihail/Desktop/Нумизматика сайт/omonete-app/data/royal-mint-tp25px152.json
[177/192#w1] 
[177/192#w1] Готово: /Users/mihail/Desktop/Нумизматика сайт/omonete-app/data/royal-mint-tp25px152.json
[177/192#w1] Загрузка PDP: https://www.royalmint.com/shop/ancient-historic/trial-of-the-pyx/tp25px152
[177/192#w1] Классификация картинок: {
[177/192#w1]   "obverse": "https://www.royalmint.com/globalassets/_ecommerce/collect/launches/2025/trial-of-the-pyx/images/ukp27144-lpm---definitives-2p-silver-obv-tp25px152.jpg",
[177/192#w1]   "reverse": "https://www.royalmint.com/globalassets/_ecommerce/collect/launches/2025/trial-of-the-pyx/images/ukp27144-lpm---definitives-2p-silver-rev-tp25px152.jpg",
[177/192#w1]   "blister_obverse": null,
[177/192#w1]   "blister_reverse": null,
[177/192#w1]   "box": null,
[177/192#w1]   "certificate": null
[177/192#w1] }
[177/192#w1] 
[177/192#w1] ────────── Как увидеть монету на сайте (localhost) ──────────
[177/192#w1] Быстро (парсинг + public/data в один заход): npm run royal-mint:preview
[177/192#w1]   (или уже есть JSON: npx tsx scripts/royal-mint-to-public-catalog.ts "/Users/mihail/Desktop/Нумизматика сайт/omonete-app/data/royal-mint-tp25px152.json")
[177/192#w1] Потом: npm run dev → http://localhost:3000/coins/991001/ (или ROYAL_MINT_LOCAL_ID)
[177/192#w1] Картинки (если скачались): public/image/coins/foreign/ — пути уже в JSON монеты.
[177/192#w1] В БД: npm run royal-mint:import → npm run data:export (или data:export:incremental).

——— старт 179/192#w1 ———
https://www.royalmint.com/shop/limited-editions/music-legends/spice-girls/the-spice-girl-2026-UK-1oz-silver-proof-colour-coin
[178/192#w2] Блок характеристик: div.mod-section.specification — найден, полей в specs: 9
[178/192#w2]   ✓ 2017-a-life-of-service-prince-philip-silver-5-crown-obv.webp
[178/192#w2]   ✓ 2017-a-life-of-service-prince-philip-silver-5-crown-rev.webp
[178/192#w2] __RM_JSON__ /Users/mihail/Desktop/Нумизматика сайт/omonete-app/data/royal-mint-2017-a-life-of-service-prince-philip-silver-5-crown.json
[178/192#w2] 
[178/192#w2] Готово: /Users/mihail/Desktop/Нумизматика сайт/omonete-app/data/royal-mint-2017-a-life-of-service-prince-philip-silver-5-crown.json
[178/192#w2] Загрузка PDP: https://www.royalmint.com/shop/monarch/queen-elizabeth-ii/2017-A-Life-of-Service-Prince-Philip-Silver-5-Crown
[178/192#w2] Классификация картинок: {
[178/192#w2]   "obverse": "https://www.royalmint.com/globalassets/__rebrand/_structure/shop/editions/_historic-coins/_product-image/hise217pps---prince-phillip-gbp5-silver-crown-obverse.jpg",
[178/192#w2]   "reverse": "https://www.royalmint.com/globalassets/__rebrand/_structure/shop/editions/_historic-coins/_product-image/hise217pps---prince-phillip-gbp5-silver-crown-reverse.jpg",
[178/192#w2]   "blister_obverse": null,
[178/192#w2]   "blister_reverse": null,
[178/192#w2]   "box": null,
[178/192#w2]   "certificate": null
[178/192#w2] }
[178/192#w2] 
[178/192#w2] ────────── Как увидеть монету на сайте (localhost) ──────────
[178/192#w2] Быстро (парсинг + public/data в один заход): npm run royal-mint:preview
[178/192#w2]   (или уже есть JSON: npx tsx scripts/royal-mint-to-public-catalog.ts "/Users/mihail/Desktop/Нумизматика сайт/omonete-app/data/royal-mint-2017-a-life-of-service-prince-philip-silver-5-crown.json")
[178/192#w2] Потом: npm run dev → http://localhost:3000/coins/991001/ (или ROYAL_MINT_LOCAL_ID)
[178/192#w2] Картинки (если скачались): public/image/coins/foreign/ — пути уже в JSON монеты.
[178/192#w2] В БД: npm run royal-mint:import → npm run data:export (или data:export:incremental).

——— старт 180/192#w2 ———
https://www.royalmint.com/shop/limited-editions/dennis-the-menace/75-years-of-dennis-the-menace-2026-1kg-silver-proof-coin
[179/192#w1] Блок характеристик: div.mod-section.specification — найден, полей в specs: 11
[179/192#w1]   ✓ the-spice-girl-2026-uk-1oz-silver-proof-colour-coin-obv.webp
[179/192#w1]   ✓ the-spice-girl-2026-uk-1oz-silver-proof-colour-coin-rev.webp
[179/192#w1]   ✓ the-spice-girl-2026-uk-1oz-silver-proof-colour-coin-box.webp
[179/192#w1] __RM_JSON__ /Users/mihail/Desktop/Нумизматика сайт/omonete-app/data/royal-mint-the-spice-girl-2026-uk-1oz-silver-proof-colour-coin.json
[179/192#w1] 
[179/192#w1] Готово: /Users/mihail/Desktop/Нумизматика сайт/omonete-app/data/royal-mint-the-spice-girl-2026-uk-1oz-silver-proof-colour-coin.json
[179/192#w1] Загрузка PDP: https://www.royalmint.com/shop/limited-editions/music-legends/spice-girls/the-spice-girl-2026-UK-1oz-silver-proof-colour-coin
[179/192#w1] Классификация картинок: {
[179/192#w1]   "obverse": "https://www.royalmint.com/globalassets/_ecommerce/commemorative/launches/2026-launches/spice-girls/product-images/uk26sg1sthe-spice-girls-2026-uk-1oz-silver-proof-colour-coin-obverse-with-edge.jpg",
[179/192#w1]   "reverse": "https://www.royalmint.com/globalassets/_ecommerce/commemorative/launches/2026-launches/spice-girls/product-images/uk26sg1sthe-spice-girls-2026-uk-1oz-silver-proof-colour-coin-reverse-upright-with-shadow.jpg",
[179/192#w1]   "blister_obverse": null,
[179/192#w1]   "blister_reverse": null,
[179/192#w1]   "box": "https://www.royalmint.com/globalassets/_ecommerce/commemorative/launches/2026-launches/spice-girls/product-images/uk26sg1s---the-spice-girls-2026-uk-1oz-silver-proof-colour-coin-acrylic-block-right.jpg",
[179/192#w1]   "certificate": null
[179/192#w1] }
[179/192#w1] 
[179/192#w1] ────────── Как увидеть монету на сайте (localhost) ──────────
[179/192#w1] Быстро (парсинг + public/data в один заход): npm run royal-mint:preview
[179/192#w1]   (или уже есть JSON: npx tsx scripts/royal-mint-to-public-catalog.ts "/Users/mihail/Desktop/Нумизматика сайт/omonete-app/data/royal-mint-the-spice-girl-2026-uk-1oz-silver-proof-colour-coin.json")
[179/192#w1] Потом: npm run dev → http://localhost:3000/coins/991001/ (или ROYAL_MINT_LOCAL_ID)
[179/192#w1] Картинки (если скачались): public/image/coins/foreign/ — пути уже в JSON монеты.
[179/192#w1] В БД: npm run royal-mint:import → npm run data:export (или data:export:incremental).

——— старт 181/192#w1 ———
https://www.royalmint.com/shop/ancient-historic/trial-of-the-pyx/The-Lion-and-The-Eagle-2024-UK-5oz-Silver-Proof-Coin
[180/192#w2] Блок характеристик: div.mod-section.specification — найден, полей в specs: 11
[180/192#w2] __RM_JSON__ /Users/mihail/Desktop/Нумизматика сайт/omonete-app/data/royal-mint-75-years-of-dennis-the-menace-2026-1kg-silver-proof-coin.json
[180/192#w2] 
[180/192#w2] Готово: /Users/mihail/Desktop/Нумизматика сайт/omonete-app/data/royal-mint-75-years-of-dennis-the-menace-2026-1kg-silver-proof-coin.json
[180/192#w2] Загрузка PDP: https://www.royalmint.com/shop/limited-editions/dennis-the-menace/75-years-of-dennis-the-menace-2026-1kg-silver-proof-coin
[180/192#w2] Классификация картинок: {
[180/192#w2]   "obverse": null,
[180/192#w2]   "reverse": null,
[180/192#w2]   "blister_obverse": null,
[180/192#w2]   "blister_reverse": null,
[180/192#w2]   "box": null,
[180/192#w2]   "certificate": null
[180/192#w2] }
[180/192#w2] 
[180/192#w2] ────────── Как увидеть монету на сайте (localhost) ──────────
[180/192#w2] Быстро (парсинг + public/data в один заход): npm run royal-mint:preview
[180/192#w2]   (или уже есть JSON: npx tsx scripts/royal-mint-to-public-catalog.ts "/Users/mihail/Desktop/Нумизматика сайт/omonete-app/data/royal-mint-75-years-of-dennis-the-menace-2026-1kg-silver-proof-coin.json")
[180/192#w2] Потом: npm run dev → http://localhost:3000/coins/991001/ (или ROYAL_MINT_LOCAL_ID)
[180/192#w2] Картинки (если скачались): public/image/coins/foreign/ — пути уже в JSON монеты.
[180/192#w2] В БД: npm run royal-mint:import → npm run data:export (или data:export:incremental).

——— старт 182/192#w2 ———
https://www.royalmint.com/shop/limited-editions/music-legends/spice-girls/the-spice-girls-2026-UK-2oz-silver-proof-coin
[181/192#w1] Блок характеристик: div.mod-section.specification — найден, полей в specs: 8
[181/192#w1]   ✓ the-lion-and-the-eagle-2024-uk-5oz-silver-proof-coin-obv.webp
[181/192#w1]   ✓ the-lion-and-the-eagle-2024-uk-5oz-silver-proof-coin-rev.webp
[181/192#w1] __RM_JSON__ /Users/mihail/Desktop/Нумизматика сайт/omonete-app/data/royal-mint-the-lion-and-the-eagle-2024-uk-5oz-silver-proof-coin.json
[181/192#w1] 
[181/192#w1] Готово: /Users/mihail/Desktop/Нумизматика сайт/omonete-app/data/royal-mint-the-lion-and-the-eagle-2024-uk-5oz-silver-proof-coin.json
[181/192#w1] Загрузка PDP: https://www.royalmint.com/shop/ancient-historic/trial-of-the-pyx/The-Lion-and-The-Eagle-2024-UK-5oz-Silver-Proof-Coin
[181/192#w1] Классификация картинок: {
[181/192#w1]   "obverse": "https://www.royalmint.com/globalassets/_ecommerce/collect/launches/2025/trial-of-the-pyx/images/ukp06202-lpm---lion-and-eagle-rev-frosted-5oz-silver-rev-tp25px69.jpg",
[181/192#w1]   "reverse": "https://www.royalmint.com/globalassets/_ecommerce/collect/launches/2025/trial-of-the-pyx/images/ukp06202-lpm---lion-and-eagle-rev-frosted-5oz-silver-rev-tp25px69.jpg",
[181/192#w1]   "blister_obverse": null,
[181/192#w1]   "blister_reverse": null,
[181/192#w1]   "box": null,
[181/192#w1]   "certificate": null
[181/192#w1] }
[181/192#w1] 
[181/192#w1] ────────── Как увидеть монету на сайте (localhost) ──────────
[181/192#w1] Быстро (парсинг + public/data в один заход): npm run royal-mint:preview
[181/192#w1]   (или уже есть JSON: npx tsx scripts/royal-mint-to-public-catalog.ts "/Users/mihail/Desktop/Нумизматика сайт/omonete-app/data/royal-mint-the-lion-and-the-eagle-2024-uk-5oz-silver-proof-coin.json")
[181/192#w1] Потом: npm run dev → http://localhost:3000/coins/991001/ (или ROYAL_MINT_LOCAL_ID)
[181/192#w1] Картинки (если скачались): public/image/coins/foreign/ — пути уже в JSON монеты.
[181/192#w1] В БД: npm run royal-mint:import → npm run data:export (или data:export:incremental).

——— старт 183/192#w1 ———
https://www.royalmint.com/shop/limited-editions/music-legends/spice-girls/the-spice-girls-2026-UK-5oz-silver-proof-coin
[182/192#w2] Блок характеристик: div.mod-section.specification — найден, полей в specs: 11
[182/192#w2]   ✓ the-spice-girls-2026-uk-2oz-silver-proof-coin-obv.webp
[182/192#w2]   ✓ the-spice-girls-2026-uk-2oz-silver-proof-coin-rev.webp
[182/192#w2] __RM_JSON__ /Users/mihail/Desktop/Нумизматика сайт/omonete-app/data/royal-mint-the-spice-girls-2026-uk-2oz-silver-proof-coin.json
[182/192#w2] 
[182/192#w2] Готово: /Users/mihail/Desktop/Нумизматика сайт/omonete-app/data/royal-mint-the-spice-girls-2026-uk-2oz-silver-proof-coin.json
[182/192#w2] Загрузка PDP: https://www.royalmint.com/shop/limited-editions/music-legends/spice-girls/the-spice-girls-2026-UK-2oz-silver-proof-coin
[182/192#w2] Классификация картинок: {
[182/192#w2]   "obverse": "https://www.royalmint.com/globalassets/_ecommerce/commemorative/launches/2026-launches/spice-girls/product-images/uk26sg2sthe-spice-girls-2026-uk-2oz-silver-proof-coin-obverse-with-edge.jpg",
[182/192#w2]   "reverse": "https://www.royalmint.com/globalassets/_ecommerce/commemorative/launches/2026-launches/spice-girls/product-images/uk26sg2sthe-spice-girls-2026-uk-2oz-silver-proof-coin-reverse-with-edge.jpg",
[182/192#w2]   "blister_obverse": null,
[182/192#w2]   "blister_reverse": null,
[182/192#w2]   "box": null,
[182/192#w2]   "certificate": null
[182/192#w2] }
[182/192#w2] 
[182/192#w2] ────────── Как увидеть монету на сайте (localhost) ──────────
[182/192#w2] Быстро (парсинг + public/data в один заход): npm run royal-mint:preview
[182/192#w2]   (или уже есть JSON: npx tsx scripts/royal-mint-to-public-catalog.ts "/Users/mihail/Desktop/Нумизматика сайт/omonete-app/data/royal-mint-the-spice-girls-2026-uk-2oz-silver-proof-coin.json")
[182/192#w2] Потом: npm run dev → http://localhost:3000/coins/991001/ (или ROYAL_MINT_LOCAL_ID)
[182/192#w2] Картинки (если скачались): public/image/coins/foreign/ — пути уже в JSON монеты.
[182/192#w2] В БД: npm run royal-mint:import → npm run data:export (или data:export:incremental).

——— старт 184/192#w2 ———
https://www.royalmint.com/shop/limited-editions/portraits-of-a-queen/the-fifth-effigy/portraits-of-a-queen-elizabeth-the-fifth-effigy-2026-silver-proof-coin
[183/192#w1] Блок характеристик: div.mod-section.specification — найден, полей в specs: 11
[183/192#w1]   ✓ the-spice-girls-2026-uk-5oz-silver-proof-coin-obv.webp
[183/192#w1]   ✓ the-spice-girls-2026-uk-5oz-silver-proof-coin-rev.webp
[183/192#w1]   ✓ the-spice-girls-2026-uk-5oz-silver-proof-coin-cert.webp
[183/192#w1] __RM_JSON__ /Users/mihail/Desktop/Нумизматика сайт/omonete-app/data/royal-mint-the-spice-girls-2026-uk-5oz-silver-proof-coin.json
[183/192#w1] 
[183/192#w1] Готово: /Users/mihail/Desktop/Нумизматика сайт/omonete-app/data/royal-mint-the-spice-girls-2026-uk-5oz-silver-proof-coin.json
[183/192#w1] Загрузка PDP: https://www.royalmint.com/shop/limited-editions/music-legends/spice-girls/the-spice-girls-2026-UK-5oz-silver-proof-coin
[183/192#w1] Классификация картинок: {
[183/192#w1]   "obverse": "https://www.royalmint.com/globalassets/_ecommerce/commemorative/launches/2026-launches/spice-girls/product-images/uk26sg5sthe-spice-girls-2026-uk-5oz-silver-proof-coin-obverse-with-edge.jpg",
[183/192#w1]   "reverse": "https://www.royalmint.com/globalassets/_ecommerce/commemorative/launches/2026-launches/spice-girls/product-images/uk26sg5sthe-spice-girls-2026-uk-5oz-silver-proof-coin-reverse-flat-with-shadow.jpg",
[183/192#w1]   "blister_obverse": null,
[183/192#w1]   "blister_reverse": null,
[183/192#w1]   "box": null,
[183/192#w1]   "certificate": "https://www.royalmint.com/globalassets/_ecommerce/commemorative/launches/2026-launches/spice-girls/product-images/uk26sg5sthe-spice-girls-2026-uk-5oz-silver-proof-coin-case.jpg"
[183/192#w1] }
[183/192#w1] 
[183/192#w1] ────────── Как увидеть монету на сайте (localhost) ──────────
[183/192#w1] Быстро (парсинг + public/data в один заход): npm run royal-mint:preview
[183/192#w1]   (или уже есть JSON: npx tsx scripts/royal-mint-to-public-catalog.ts "/Users/mihail/Desktop/Нумизматика сайт/omonete-app/data/royal-mint-the-spice-girls-2026-uk-5oz-silver-proof-coin.json")
[183/192#w1] Потом: npm run dev → http://localhost:3000/coins/991001/ (или ROYAL_MINT_LOCAL_ID)
[183/192#w1] Картинки (если скачались): public/image/coins/foreign/ — пути уже в JSON монеты.
[183/192#w1] В БД: npm run royal-mint:import → npm run data:export (или data:export:incremental).

——— старт 185/192#w1 ———
https://www.royalmint.com/shop/ancient-historic/trial-of-the-pyx/archive/Charles-III-Definitives-2024-UK-2-Pound-Silver-Proof-Coin
[184/192#w2] Внимание: на странице не найден блок div.mod-section.specification — спеки взяты из остальных table (если есть).
[184/192#w2]   ✓ portraits-of-a-queen-elizabeth-the-fifth-effigy-2026-silver-proof-coin-obv.webp
[184/192#w2]   ✓ portraits-of-a-queen-elizabeth-the-fifth-effigy-2026-silver-proof-coin-rev.webp
[184/192#w2]   ✓ portraits-of-a-queen-elizabeth-the-fifth-effigy-2026-silver-proof-coin-cert.webp
[184/192#w2] __RM_JSON__ /Users/mihail/Desktop/Нумизматика сайт/omonete-app/data/royal-mint-portraits-of-a-queen-elizabeth-the-fifth-effigy-2026-silver-proof-coin.json
[184/192#w2] 
[184/192#w2] Готово: /Users/mihail/Desktop/Нумизматика сайт/omonete-app/data/royal-mint-portraits-of-a-queen-elizabeth-the-fifth-effigy-2026-silver-proof-coin.json
[184/192#w2] Загрузка PDP: https://www.royalmint.com/shop/limited-editions/portraits-of-a-queen/the-fifth-effigy/portraits-of-a-queen-elizabeth-the-fifth-effigy-2026-silver-proof-coin
[184/192#w2] Классификация картинок: {
[184/192#w2]   "obverse": "https://www.royalmint.com/globalassets/_ecommerce/commemorative/launches/2026-launches/portraits-of-a-queen/the-fifth-effigy/product-images/uk26qe1sppportraits-of-a-queen---elizabeth-ii-the-fifth-effigy-2026-uk-5-silver-proof-coin-obverse-with-edge.jpg",
[184/192#w2]   "reverse": "https://www.royalmint.com/globalassets/_ecommerce/commemorative/launches/2026-launches/portraits-of-a-queen/the-fifth-effigy/product-images/uk26qe1sppportraits-of-a-queen---elizabeth-ii-the-fifth-effigy-2026-uk-5-silver-proof-coin-reverse-upright-with-shadow.jpg",
[184/192#w2]   "blister_obverse": null,
[184/192#w2]   "blister_reverse": null,
[184/192#w2]   "box": null,
[184/192#w2]   "certificate": "https://www.royalmint.com/globalassets/_ecommerce/commemorative/launches/2026-launches/portraits-of-a-queen/the-fifth-effigy/product-images/uk26qe1pfportraits-of-a-queen----elizabeth-ii-the-fifth-effigy-2026-uk-5-silver-proof-piedfort-coin-case.jpg"
[184/192#w2] }
[184/192#w2] 
[184/192#w2] ────────── Как увидеть монету на сайте (localhost) ──────────
[184/192#w2] Быстро (парсинг + public/data в один заход): npm run royal-mint:preview
[184/192#w2]   (или уже есть JSON: npx tsx scripts/royal-mint-to-public-catalog.ts "/Users/mihail/Desktop/Нумизматика сайт/omonete-app/data/royal-mint-portraits-of-a-queen-elizabeth-the-fifth-effigy-2026-silver-proof-coin.json")
[184/192#w2] Потом: npm run dev → http://localhost:3000/coins/991001/ (или ROYAL_MINT_LOCAL_ID)
[184/192#w2] Картинки (если скачались): public/image/coins/foreign/ — пути уже в JSON монеты.
[184/192#w2] В БД: npm run royal-mint:import → npm run data:export (или data:export:incremental).

——— старт 186/192#w2 ———
https://www.royalmint.com/shop/limited-editions/100th-anniversary-of-the-birth-of-queen-elizabeth-ii/100th-anniversary-of-the-birth-of-queen-elizabeth-ii-2026-1kg-silver-proof-coin
[185/192#w1] Внимание: на странице не найден блок div.mod-section.specification — спеки взяты из остальных table (если есть).
[185/192#w1] __RM_JSON__ /Users/mihail/Desktop/Нумизматика сайт/omonete-app/data/royal-mint-charles-iii-definitives-2024-uk-2-pound-silver-proof-coin.json
[185/192#w1] 
[185/192#w1] Готово: /Users/mihail/Desktop/Нумизматика сайт/omonete-app/data/royal-mint-charles-iii-definitives-2024-uk-2-pound-silver-proof-coin.json
[185/192#w1] Загрузка PDP: https://www.royalmint.com/shop/ancient-historic/trial-of-the-pyx/archive/Charles-III-Definitives-2024-UK-2-Pound-Silver-Proof-Coin
[185/192#w1] Классификация картинок: {
[185/192#w1]   "obverse": null,
[185/192#w1]   "reverse": null,
[185/192#w1]   "blister_obverse": null,
[185/192#w1]   "blister_reverse": null,
[185/192#w1]   "box": null,
[185/192#w1]   "certificate": null
[185/192#w1] }
[185/192#w1] 
[185/192#w1] ────────── Как увидеть монету на сайте (localhost) ──────────
[185/192#w1] Быстро (парсинг + public/data в один заход): npm run royal-mint:preview
[185/192#w1]   (или уже есть JSON: npx tsx scripts/royal-mint-to-public-catalog.ts "/Users/mihail/Desktop/Нумизматика сайт/omonete-app/data/royal-mint-charles-iii-definitives-2024-uk-2-pound-silver-proof-coin.json")
[185/192#w1] Потом: npm run dev → http://localhost:3000/coins/991001/ (или ROYAL_MINT_LOCAL_ID)
[185/192#w1] Картинки (если скачались): public/image/coins/foreign/ — пути уже в JSON монеты.
[185/192#w1] В БД: npm run royal-mint:import → npm run data:export (или data:export:incremental).

——— старт 187/192#w1 ———
https://www.royalmint.com/shop/limited-editions/portraits-of-a-queen/the-fifth-effigy/portraits-of-a-queen-elizabeth-ii-the-fifth-effigy-2026-silver-proof-piedfort-coin
[186/192#w2] Блок характеристик: div.mod-section.specification — найден, полей в specs: 11
[186/192#w2]   ✓ 100th-anniversary-of-the-birth-of-queen-elizabeth-ii-2026-1kg-silver-proof-coin-obv.webp
[186/192#w2]   ✓ 100th-anniversary-of-the-birth-of-queen-elizabeth-ii-2026-1kg-silver-proof-coin-rev.webp
[186/192#w2] __RM_JSON__ /Users/mihail/Desktop/Нумизматика сайт/omonete-app/data/royal-mint-100th-anniversary-of-the-birth-of-queen-elizabeth-ii-2026-1kg-silver-proof-coin.json
[186/192#w2] 
[186/192#w2] Готово: /Users/mihail/Desktop/Нумизматика сайт/omonete-app/data/royal-mint-100th-anniversary-of-the-birth-of-queen-elizabeth-ii-2026-1kg-silver-proof-coin.json
[186/192#w2] Загрузка PDP: https://www.royalmint.com/shop/limited-editions/100th-anniversary-of-the-birth-of-queen-elizabeth-ii/100th-anniversary-of-the-birth-of-queen-elizabeth-ii-2026-1kg-silver-proof-coin
[186/192#w2] Классификация картинок: {
[186/192#w2]   "obverse": "https://www.royalmint.com/globalassets/_ecommerce/commemorative/launches/2026-launches/100th-anniversary-of-birth-of-qeii/product-images/uk26qesk---100th-anniversary-of-the-birth-of-queen-elizabeth-ii-2026-uk-1kg-silver-proof-coin-obverse-edge.jpg",
[186/192#w2]   "reverse": "https://www.royalmint.com/globalassets/_ecommerce/commemorative/launches/2026-launches/100th-anniversary-of-birth-of-qeii/product-images/uk26qesk---100th-anniversary-of-the-birth-of-queen-elizabeth-ii-2026-uk-1kg-silver-proof-coin-reverse-edge.jpg",
[186/192#w2]   "blister_obverse": null,
[186/192#w2]   "blister_reverse": null,
[186/192#w2]   "box": null,
[186/192#w2]   "certificate": null
[186/192#w2] }
[186/192#w2] 
[186/192#w2] ────────── Как увидеть монету на сайте (localhost) ──────────
[186/192#w2] Быстро (парсинг + public/data в один заход): npm run royal-mint:preview
[186/192#w2]   (или уже есть JSON: npx tsx scripts/royal-mint-to-public-catalog.ts "/Users/mihail/Desktop/Нумизматика сайт/omonete-app/data/royal-mint-100th-anniversary-of-the-birth-of-queen-elizabeth-ii-2026-1kg-silver-proof-coin.json")
[186/192#w2] Потом: npm run dev → http://localhost:3000/coins/991001/ (или ROYAL_MINT_LOCAL_ID)
[186/192#w2] Картинки (если скачались): public/image/coins/foreign/ — пути уже в JSON монеты.
[186/192#w2] В БД: npm run royal-mint:import → npm run data:export (или data:export:incremental).

——— старт 188/192#w2 ———
https://www.royalmint.com/shop/monarch/queen-elizabeth-ii/The-Lion-and-The-Eagle-2023-1kg-Silver-Proof-Trial-Piece-with-Microdot-Matt-Finish-Obverse
[187/192#w1] Внимание: на странице не найден блок div.mod-section.specification — спеки взяты из остальных table (если есть).
[187/192#w1]   ✓ portraits-of-a-queen-elizabeth-ii-the-fifth-effigy-2026-silver-proof-piedfort-coin-obv.webp
[187/192#w1]   ✓ portraits-of-a-queen-elizabeth-ii-the-fifth-effigy-2026-silver-proof-piedfort-coin-rev.webp
[188/192#w2] Блок характеристик: div.mod-section.specification — найден, полей в specs: 8
[187/192#w1]   ✓ portraits-of-a-queen-elizabeth-ii-the-fifth-effigy-2026-silver-proof-piedfort-coin-cert.webp
[187/192#w1] __RM_JSON__ /Users/mihail/Desktop/Нумизматика сайт/omonete-app/data/royal-mint-portraits-of-a-queen-elizabeth-ii-the-fifth-effigy-2026-silver-proof-piedfort-coin.json
[187/192#w1] 
[187/192#w1] Готово: /Users/mihail/Desktop/Нумизматика сайт/omonete-app/data/royal-mint-portraits-of-a-queen-elizabeth-ii-the-fifth-effigy-2026-silver-proof-piedfort-coin.json
[187/192#w1] Загрузка PDP: https://www.royalmint.com/shop/limited-editions/portraits-of-a-queen/the-fifth-effigy/portraits-of-a-queen-elizabeth-ii-the-fifth-effigy-2026-silver-proof-piedfort-coin
[187/192#w1] Классификация картинок: {
[187/192#w1]   "obverse": "https://www.royalmint.com/globalassets/_ecommerce/commemorative/launches/2026-launches/portraits-of-a-queen/the-fifth-effigy/product-images/uk26qe1pfportraits-of-a-queen----elizabeth-ii-the-fifth-effigy-2026-uk-5-silver-proof-piedfort-coin-obverse-with-edge.jpg",
[187/192#w1]   "reverse": "https://www.royalmint.com/globalassets/_ecommerce/commemorative/launches/2026-launches/portraits-of-a-queen/the-fifth-effigy/product-images/uk26qe1pfportraits-of-a-queen----elizabeth-ii-the-fifth-effigy-2026-uk-5-silver-proof-piedfort-coin-obverse-with-edge.jpg",
[187/192#w1]   "blister_obverse": null,
[187/192#w1]   "blister_reverse": null,
[187/192#w1]   "box": null,
[187/192#w1]   "certificate": "https://www.royalmint.com/globalassets/_ecommerce/commemorative/launches/2026-launches/portraits-of-a-queen/the-fifth-effigy/product-images/uk26qe1pfportraits-of-a-queen----elizabeth-ii-the-fifth-effigy-2026-uk-5-silver-proof-piedfort-coin-case.jpg"
[187/192#w1] }
[187/192#w1] 
[187/192#w1] ────────── Как увидеть монету на сайте (localhost) ──────────
[187/192#w1] Быстро (парсинг + public/data в один заход): npm run royal-mint:preview
[187/192#w1]   (или уже есть JSON: npx tsx scripts/royal-mint-to-public-catalog.ts "/Users/mihail/Desktop/Нумизматика сайт/omonete-app/data/royal-mint-portraits-of-a-queen-elizabeth-ii-the-fifth-effigy-2026-silver-proof-piedfort-coin.json")
[187/192#w1] Потом: npm run dev → http://localhost:3000/coins/991001/ (или ROYAL_MINT_LOCAL_ID)
[187/192#w1] Картинки (если скачались): public/image/coins/foreign/ — пути уже в JSON монеты.
[187/192#w1] В БД: npm run royal-mint:import → npm run data:export (или data:export:incremental).

——— старт 189/192#w1 ———
https://www.royalmint.com/shop/limited-editions/100th-anniversary-of-the-birth-of-queen-elizabeth-ii/100th-anniversary-of-the-birth-of-queen-elizabeth-ii-2026-silver-proof-piedfort-coin
[188/192#w2]   ✓ the-lion-and-the-eagle-2023-1kg-silver-proof-trial-piece-with-microdot-matt-finish-obverse-obv.webp
[188/192#w2]   ✓ the-lion-and-the-eagle-2023-1kg-silver-proof-trial-piece-with-microdot-matt-finish-obverse-rev.webp
[188/192#w2] __RM_JSON__ /Users/mihail/Desktop/Нумизматика сайт/omonete-app/data/royal-mint-the-lion-and-the-eagle-2023-1kg-silver-proof-trial-piece-with-microdot-matt-finish-obverse.json
[188/192#w2] 
[188/192#w2] Готово: /Users/mihail/Desktop/Нумизматика сайт/omonete-app/data/royal-mint-the-lion-and-the-eagle-2023-1kg-silver-proof-trial-piece-with-microdot-matt-finish-obverse.json
[188/192#w2] Загрузка PDP: https://www.royalmint.com/shop/monarch/queen-elizabeth-ii/The-Lion-and-The-Eagle-2023-1kg-Silver-Proof-Trial-Piece-with-Microdot-Matt-Finish-Obverse
[188/192#w2] Классификация картинок: {
[188/192#w2]   "obverse": "https://www.royalmint.com/globalassets/__rebrand/_structure/shop/editions/_historic-coins/_product-image/pci23159-hm---lion-and-eagle-1kg-silver-obv-1500x1500-f3a2c67.jpg",
[188/192#w2]   "reverse": "https://www.royalmint.com/globalassets/__rebrand/_structure/shop/editions/_historic-coins/_product-image/pci23159-hm---lion-and-eagle-1kg-silver-rev-1500x1500-f3a2c67.jpg",
[188/192#w2]   "blister_obverse": null,
[188/192#w2]   "blister_reverse": null,
[188/192#w2]   "box": null,
[188/192#w2]   "certificate": null
[188/192#w2] }
[188/192#w2] 
[188/192#w2] ────────── Как увидеть монету на сайте (localhost) ──────────
[188/192#w2] Быстро (парсинг + public/data в один заход): npm run royal-mint:preview
[188/192#w2]   (или уже есть JSON: npx tsx scripts/royal-mint-to-public-catalog.ts "/Users/mihail/Desktop/Нумизматика сайт/omonete-app/data/royal-mint-the-lion-and-the-eagle-2023-1kg-silver-proof-trial-piece-with-microdot-matt-finish-obverse.json")
[188/192#w2] Потом: npm run dev → http://localhost:3000/coins/991001/ (или ROYAL_MINT_LOCAL_ID)
[188/192#w2] Картинки (если скачались): public/image/coins/foreign/ — пути уже в JSON монеты.
[188/192#w2] В БД: npm run royal-mint:import → npm run data:export (или data:export:incremental).

——— старт 190/192#w2 ———
https://www.royalmint.com/shop/limited-editions/100th-anniversary-of-the-birth-of-queen-elizabeth-ii/100th-anniversary-of-the-birth-of-queen-elizabeth-ii-2026-silver-proof-coin
[189/192#w1] Блок характеристик: div.mod-section.specification — найден, полей в specs: 12
[189/192#w1]   ✓ 100th-anniversary-of-the-birth-of-queen-elizabeth-ii-2026-silver-proof-piedfort-coin-obv.webp
[190/192#w2] Блок характеристик: div.mod-section.specification — найден, полей в specs: 12
[189/192#w1]   ✓ 100th-anniversary-of-the-birth-of-queen-elizabeth-ii-2026-silver-proof-piedfort-coin-rev.webp
[189/192#w1]   ✓ 100th-anniversary-of-the-birth-of-queen-elizabeth-ii-2026-silver-proof-piedfort-coin-cert.webp
[189/192#w1] __RM_JSON__ /Users/mihail/Desktop/Нумизматика сайт/omonete-app/data/royal-mint-100th-anniversary-of-the-birth-of-queen-elizabeth-ii-2026-silver-proof-piedfort-coin.json
[189/192#w1] 
[189/192#w1] Готово: /Users/mihail/Desktop/Нумизматика сайт/omonete-app/data/royal-mint-100th-anniversary-of-the-birth-of-queen-elizabeth-ii-2026-silver-proof-piedfort-coin.json
[189/192#w1] Загрузка PDP: https://www.royalmint.com/shop/limited-editions/100th-anniversary-of-the-birth-of-queen-elizabeth-ii/100th-anniversary-of-the-birth-of-queen-elizabeth-ii-2026-silver-proof-piedfort-coin
[189/192#w1] Классификация картинок: {
[189/192#w1]   "obverse": "https://www.royalmint.com/globalassets/_ecommerce/commemorative/launches/2026-launches/100th-anniversary-of-birth-of-qeii/product-images/uk26qepf---100th-anniversary-of-the-birth-of-queen-elizabeth-ii-2026-uk-5-silver-proof-piedfort-coin-obverse-edge.jpg",
[189/192#w1]   "reverse": "https://www.royalmint.com/globalassets/_ecommerce/commemorative/launches/2026-launches/100th-anniversary-of-birth-of-qeii/product-images/uk26qepf---100th-anniversary-of-the-birth-of-queen-elizabeth-ii-2026-uk-5-silver-proof-piedfort-coin-reverse-edge.jpg",
[189/192#w1]   "blister_obverse": null,
[189/192#w1]   "blister_reverse": null,
[189/192#w1]   "box": null,
[189/192#w1]   "certificate": "https://www.royalmint.com/globalassets/_ecommerce/commemorative/launches/2026-launches/100th-anniversary-of-birth-of-qeii/product-images/uk26qepf100th-anniversary-of-the-birth-of-queen-elizabeth-ii-2026-uk-5-silver-proof-piedfort-coin-case.jpg"
[189/192#w1] }
[189/192#w1] 
[189/192#w1] ────────── Как увидеть монету на сайте (localhost) ──────────
[189/192#w1] Быстро (парсинг + public/data в один заход): npm run royal-mint:preview
[189/192#w1]   (или уже есть JSON: npx tsx scripts/royal-mint-to-public-catalog.ts "/Users/mihail/Desktop/Нумизматика сайт/omonete-app/data/royal-mint-100th-anniversary-of-the-birth-of-queen-elizabeth-ii-2026-silver-proof-piedfort-coin.json")
[189/192#w1] Потом: npm run dev → http://localhost:3000/coins/991001/ (или ROYAL_MINT_LOCAL_ID)
[189/192#w1] Картинки (если скачались): public/image/coins/foreign/ — пути уже в JSON монеты.
[189/192#w1] В БД: npm run royal-mint:import → npm run data:export (или data:export:incremental).

——— старт 191/192#w1 ———
https://www.royalmint.com/shop/limited-editions/100th-anniversary-of-the-birth-of-queen-elizabeth-ii/100th-anniversary-of-the-birth-of-qeii-two-coin-silver-proof-set
[190/192#w2]   ✓ 100th-anniversary-of-the-birth-of-queen-elizabeth-ii-2026-silver-proof-coin-obv.webp
[190/192#w2]   ✓ 100th-anniversary-of-the-birth-of-queen-elizabeth-ii-2026-silver-proof-coin-rev.webp
[190/192#w2]   ✓ 100th-anniversary-of-the-birth-of-queen-elizabeth-ii-2026-silver-proof-coin-cert.webp
[190/192#w2] __RM_JSON__ /Users/mihail/Desktop/Нумизматика сайт/omonete-app/data/royal-mint-100th-anniversary-of-the-birth-of-queen-elizabeth-ii-2026-silver-proof-coin.json
[190/192#w2] 
[190/192#w2] Готово: /Users/mihail/Desktop/Нумизматика сайт/omonete-app/data/royal-mint-100th-anniversary-of-the-birth-of-queen-elizabeth-ii-2026-silver-proof-coin.json
[190/192#w2] Загрузка PDP: https://www.royalmint.com/shop/limited-editions/100th-anniversary-of-the-birth-of-queen-elizabeth-ii/100th-anniversary-of-the-birth-of-queen-elizabeth-ii-2026-silver-proof-coin
[190/192#w2] Классификация картинок: {
[190/192#w2]   "obverse": "https://www.royalmint.com/globalassets/_ecommerce/commemorative/launches/2026-launches/100th-anniversary-of-birth-of-qeii/product-images/uk26qesp---100th-anniversary-of-the-birth-of-queen-elizabeth-ii-2026-uk-5-silver-proof-coin-obverse-edge.jpg",
[190/192#w2]   "reverse": "https://www.royalmint.com/globalassets/_ecommerce/commemorative/launches/2026-launches/100th-anniversary-of-birth-of-qeii/product-images/uk26qesp---100th-anniversary-of-the-birth-of-queen-elizabeth-ii-2026-uk-5-silver-proof-coin-reverse-upright-with-shadow.jpg",
[190/192#w2]   "blister_obverse": null,
[190/192#w2]   "blister_reverse": null,
[190/192#w2]   "box": null,
[190/192#w2]   "certificate": "https://www.royalmint.com/globalassets/_ecommerce/commemorative/launches/2026-launches/100th-anniversary-of-birth-of-qeii/product-images/uk26qesp100th-anniversary-of-the-birth-of-queen-elizabeth-ii-2026-uk-5-silver-proof-coin-case.jpg"
[190/192#w2] }
[190/192#w2] 
[190/192#w2] ────────── Как увидеть монету на сайте (localhost) ──────────
[190/192#w2] Быстро (парсинг + public/data в один заход): npm run royal-mint:preview
[190/192#w2]   (или уже есть JSON: npx tsx scripts/royal-mint-to-public-catalog.ts "/Users/mihail/Desktop/Нумизматика сайт/omonete-app/data/royal-mint-100th-anniversary-of-the-birth-of-queen-elizabeth-ii-2026-silver-proof-coin.json")
[190/192#w2] Потом: npm run dev → http://localhost:3000/coins/991001/ (или ROYAL_MINT_LOCAL_ID)
[190/192#w2] Картинки (если скачались): public/image/coins/foreign/ — пути уже в JSON монеты.
[190/192#w2] В БД: npm run royal-mint:import → npm run data:export (или data:export:incremental).

——— старт 192/192#w2 ———
https://www.royalmint.com/invest/bullion/bullion-coins/silver-coins/2oz-silver-bullion-coins/RTGR252S-The-Royal-Tudor-Beasts-2025-Greyhound-of-Richmond-2oz-Silver-Bullion-Coin
[191/192#w1] Блок характеристик: div.mod-section.specification — найден, полей в specs: 11
[191/192#w1]   ✓ 100th-anniversary-of-the-birth-of-qeii-two-coin-silver-proof-set-obv.webp
[192/192#w2] Блок характеристик: div.mod-section.specification — найден, полей в specs: 11
[191/192#w1]   ✓ 100th-anniversary-of-the-birth-of-qeii-two-coin-silver-proof-set-rev.webp
[191/192#w1] __RM_JSON__ /Users/mihail/Desktop/Нумизматика сайт/omonete-app/data/royal-mint-100th-anniversary-of-the-birth-of-qeii-two-coin-silver-proof-set.json
[191/192#w1] 
[191/192#w1] Готово: /Users/mihail/Desktop/Нумизматика сайт/omonete-app/data/royal-mint-100th-anniversary-of-the-birth-of-qeii-two-coin-silver-proof-set.json
[191/192#w1] Загрузка PDP: https://www.royalmint.com/shop/limited-editions/100th-anniversary-of-the-birth-of-queen-elizabeth-ii/100th-anniversary-of-the-birth-of-qeii-two-coin-silver-proof-set
[191/192#w1] Классификация картинок: {
[191/192#w1]   "obverse": "https://www.royalmint.com/globalassets/_ecommerce/commemorative/launches/2026-launches/100th-anniversary-of-birth-of-qeii/product-images/uk26qes1-100th-anniversary-of-the-birth-of-queen-elizabeth-ii-2026-uk-1oz-silver-proof-coinobverse-with-edge.jpg",
[191/192#w1]   "reverse": "https://www.royalmint.com/globalassets/_ecommerce/commemorative/launches/2026-launches/100th-anniversary-of-birth-of-qeii/product-images/uk26qesp---100th-anniversary-of-the-birth-of-queen-elizabeth-ii-2026-uk-5-silver-proof-coin-reverse-edge.jpg",
[191/192#w1]   "blister_obverse": null,
[191/192#w1]   "blister_reverse": null,
[191/192#w1]   "box": null,
[191/192#w1]   "certificate": null
[191/192#w1] }
[191/192#w1] 
[191/192#w1] ────────── Как увидеть монету на сайте (localhost) ──────────
[191/192#w1] Быстро (парсинг + public/data в один заход): npm run royal-mint:preview
[191/192#w1]   (или уже есть JSON: npx tsx scripts/royal-mint-to-public-catalog.ts "/Users/mihail/Desktop/Нумизматика сайт/omonete-app/data/royal-mint-100th-anniversary-of-the-birth-of-qeii-two-coin-silver-proof-set.json")
[191/192#w1] Потом: npm run dev → http://localhost:3000/coins/991001/ (или ROYAL_MINT_LOCAL_ID)
[191/192#w1] Картинки (если скачались): public/image/coins/foreign/ — пути уже в JSON монеты.
[191/192#w1] В БД: npm run royal-mint:import → npm run data:export (или data:export:incremental).
[192/192#w2]   ✓ rtgr252s-the-royal-tudor-beasts-2025-greyhound-of-richmond-2oz-silver-bullion-coin-obv.webp
[192/192#w2]   ✓ rtgr252s-the-royal-tudor-beasts-2025-greyhound-of-richmond-2oz-silver-bullion-coin-rev.webp
[192/192#w2]   ✓ rtgr252s-the-royal-tudor-beasts-2025-greyhound-of-richmond-2oz-silver-bullion-coin-blister-obv.webp
[192/192#w2]   ✓ rtgr252s-the-royal-tudor-beasts-2025-greyhound-of-richmond-2oz-silver-bullion-coin-blister-rev.webp
[192/192#w2] __RM_JSON__ /Users/mihail/Desktop/Нумизматика сайт/omonete-app/data/royal-mint-rtgr252s-the-royal-tudor-beasts-2025-greyhound-of-richmond-2oz-silver-bullion-coin.json
[192/192#w2] 
[192/192#w2] Готово: /Users/mihail/Desktop/Нумизматика сайт/omonete-app/data/royal-mint-rtgr252s-the-royal-tudor-beasts-2025-greyhound-of-richmond-2oz-silver-bullion-coin.json
[192/192#w2] Загрузка PDP: https://www.royalmint.com/invest/bullion/bullion-coins/silver-coins/2oz-silver-bullion-coins/RTGR252S-The-Royal-Tudor-Beasts-2025-Greyhound-of-Richmond-2oz-Silver-Bullion-Coin
[192/192#w2] Классификация картинок: {
[192/192#w2]   "obverse": "https://www.royalmint.com/globalassets/_ecommerce/invest/launches/2025/tudor-beasts/prods/2025-bullion-royal-tudor-beasts-greyhound-of-richmond-silver-2oz-coin-obverse-edge---rtgr252st-1500x1500-f3a2c67.jpg",
[192/192#w2]   "reverse": "https://www.royalmint.com/globalassets/_ecommerce/invest/launches/2025/tudor-beasts/prods/2025-bullion-royal-tudor-beasts-greyhound-of-richmond-silver-2oz-coin-reverse-edge---rtgr252st-1500x1500-f3a2c67.jpg",
[192/192#w2]   "blister_obverse": "https://www.royalmint.com/globalassets/_ecommerce/invest/launches/2025/tudor-beasts/prods/2025-bullion-royal-tudor-beasts-greyhound-of-richmond-silver-2oz-coin-obverse-capsule---rtgr252st-1500x1500-f3a2c67.jpg",
[192/192#w2]   "blister_reverse": "https://www.royalmint.com/globalassets/_ecommerce/invest/launches/2025/tudor-beasts/prods/2025-bullion-royal-tudor-beasts-greyhound-of-richmond-silver-2oz-coin-reverse-capsule---rtgr252st-1500x1500-f3a2c67.jpg",
[192/192#w2]   "box": null,
[192/192#w2]   "certificate": null
[192/192#w2] }
[192/192#w2] 
[192/192#w2] ────────── Как увидеть монету на сайте (localhost) ──────────
[192/192#w2] Быстро (парсинг + public/data в один заход): npm run royal-mint:preview
[192/192#w2]   (или уже есть JSON: npx tsx scripts/royal-mint-to-public-catalog.ts "/Users/mihail/Desktop/Нумизматика сайт/omonete-app/data/royal-mint-rtgr252s-the-royal-tudor-beasts-2025-greyhound-of-richmond-2oz-silver-bullion-coin.json")
[192/192#w2] Потом: npm run dev → http://localhost:3000/coins/991001/ (или ROYAL_MINT_LOCAL_ID)
[192/192#w2] Картинки (если скачались): public/image/coins/foreign/ — пути уже в JSON монеты.
[192/192#w2] В БД: npm run royal-mint:import → npm run data:export (или data:export:incremental).

Готово. Успех: 192 ошибок: 0
Дальше: npm run royal-mint:import && npm run data:export
